split,seamless_split,interaction_id,vendor_id,session_id,prompt_hash,interaction_type,label,annotation_coverage,relationship,relationship_detail,file_id_a,file_id_b,participant_a,participant_b,audio_url_a,audio_url_b,video_url_a,video_url_b,vad_url_a,vad_url_b
train,train,V00_S0743_I00000483,V00,0743,00000483,ipc_conversation,naturalistic,none,stranger,stranger,V00_S0743_I00000483_P0885,V00_S0743_I00000483_P0888,P0885,P0888,https://dl.fbaipublicfiles.com/seamless_interaction/naturalistic/train/audio/V00_S0743_I00000483_P0885.wav,https://dl.fbaipublicfiles.com/seamless_interaction/naturalistic/train/audio/V00_S0743_I00000483_P0888.wav,https://dl.fbaipublicfiles.com/seamless_interaction/naturalistic/train/video/V00_S0743_I00000483_P0885.mp4,https://dl.fbaipublicfiles.com/seamless_interaction/naturalistic/train/video/V00_S0743_I00000483_P0888.mp4,https://dl.fbaipublicfiles.com/seamless_interaction/naturalistic/train/metadata/vad/V00_S0743_I00000483_P0885.jsonl,https://dl.fbaipublicfiles.com/seamless_interaction/naturalistic/train/metadata/vad/V00_S0743_I00000483_P0888.jsonl
train,train,V00_S1132_I00000333,V00,1132,00000333,ipc_conversation,naturalistic,both,familiar,friends,V00_S1132_I00000333_P0737,V00_S1132_I00000333_P1093,P0737,P1093,https://dl.fbaipublicfiles.com/seamless_interaction/naturalistic/train/audio/V00_S1132_I00000333_P0737.wav,https://dl.fbaipublicfiles.com/seamless_interaction/naturalistic/train/audio/V00_S1132_I00000333_P1093.wav,https://dl.fbaipublicfiles.com/seamless_interaction/naturalistic/train/video/V00_S1132_I00000333_P0737.mp4,https://dl.fbaipublicfiles.com/seamless_interaction/naturalistic/train/video/V00_S1132_I00000333_P1093.mp4,https://dl.fbaipublicfiles.com/seamless_interaction/naturalistic/train/metadata/vad/V00_S1132_I00000333_P0737.jsonl,https://dl.fbaipublicfiles.com/seamless_interaction/naturalistic/train/metadata/vad/V00_S1132_I00000333_P1093.jsonl
train,train,V00_S1132_I00000334,V00,1132,00000334,ipc_conversation,naturalistic,single,familiar,friends,V00_S1132_I00000334_P0737,V00_S1132_I00000334_P1093,P0737,P1093,https://dl.fbaipublicfiles.com/seamless_interaction/naturalistic/train/audio/V00_S1132_I00000334_P0737.wav,https://dl.fbaipublicfiles.com/seamless_interaction/naturalistic/train/audio/V00_S1132_I00000334_P1093.wav,https://dl.fbaipublicfiles.com/seamless_interaction/naturalistic/train/video/V00_S1132_I00000334_P0737.mp4,https://dl.fbaipublicfiles.com/seamless_interaction/naturalistic/train/video/V00_S1132_I00000334_P1093.mp4,https://dl.fbaipublicfiles.com/seamless_interaction/naturalistic/train/metadata/vad/V00_S1132_I00000334_P0737.jsonl,https://dl.fbaipublicfiles.com/seamless_interaction/naturalistic/train/metadata/vad/V00_S1132_I00000334_P1093.jsonl
train,train,V00_S1132_I00000335,V00,1132,00000335,ipc_conversation,naturalistic,both,familiar,friends,V00_S1132_I00000335_P0737,V00_S1132_I00000335_P1093,P0737,P1093,https://dl.fbaipublicfiles.com/seamless_interaction/naturalistic/train/audio/V00_S1132_I00000335_P0737.wav,https://dl.fbaipublicfiles.com/seamless_interaction/naturalistic/train/audio/V00_S1132_I00000335_P1093.wav,https://dl.fbaipublicfiles.com/seamless_interaction/naturalistic/train/video/V00_S1132_I00000335_P0737.mp4,https://dl.fbaipublicfiles.com/seamless_interaction/naturalistic/train/video/V00_S1132_I00000335_P1093.mp4,https://dl.fbaipublicfiles.com/seamless_interaction/naturalistic/train/metadata/vad/V00_S1132_I00000335_P0737.jsonl,https://dl.fbaipublicfiles.com/seamless_interaction/naturalistic/train/metadata/vad/V00_S1132_I00000335_P1093.jsonl
train,train,V00_S1132_I00000336,V00,1132,00000336,ipc_conversation,naturalistic,both,familiar,friends,V00_S1132_I00000336_P0737,V00_S1132_I00000336_P1093,P0737,P1093,https://dl.fbaipublicfiles.com/seamless_interaction/naturalistic/train/audio/V00_S1132_I00000336_P0737.wav,https://dl.fbaipublicfiles.com/seamless_interaction/naturalistic/train/audio/V00_S1132_I00000336_P1093.wav,https://dl.fbaipublicfiles.com/seamless_interaction/naturalistic/train/video/V00_S1132_I00000336_P0737.mp4,https://dl.fbaipublicfiles.com/seamless_interaction/naturalistic/train/video/V00_S1132_I00000336_P1093.mp4,https://dl.fbaipublicfiles.com/seamless_interaction/naturalistic/train/metadata/vad/V00_S1132_I00000336_P0737.jsonl,https://dl.fbaipublicfiles.com/seamless_interaction/naturalistic/train/metadata/vad/V00_S1132_I00000336_P1093.jsonl
train,train,V00_S1132_I00000337,V00,1132,00000337,ipc_conversation,naturalistic,both,familiar,friends,V00_S1132_I00000337_P0737,V00_S1132_I00000337_P1093,P0737,P1093,https://dl.fbaipublicfiles.com/seamless_interaction/naturalistic/train/audio/V00_S1132_I00000337_P0737.wav,https://dl.fbaipublicfiles.com/seamless_interaction/naturalistic/train/audio/V00_S1132_I00000337_P1093.wav,https://dl.fbaipublicfiles.com/seamless_interaction/naturalistic/train/video/V00_S1132_I00000337_P0737.mp4,https://dl.fbaipublicfiles.com/seamless_interaction/naturalistic/train/video/V00_S1132_I00000337_P1093.mp4,https://dl.fbaipublicfiles.com/seamless_interaction/naturalistic/train/metadata/vad/V00_S1132_I00000337_P0737.jsonl,https://dl.fbaipublicfiles.com/seamless_interaction/naturalistic/train/metadata/vad/V00_S1132_I00000337_P1093.jsonl
train,train,V00_S1132_I00000338,V00,1132,00000338,ipc_conversation,naturalistic,single,familiar,friends,V00_S1132_I00000338_P0737,V00_S1132_I00000338_P1093,P0737,P1093,https://dl.fbaipublicfiles.com/seamless_interaction/naturalistic/train/audio/V00_S1132_I00000338_P0737.wav,https://dl.fbaipublicfiles.com/seamless_interaction/naturalistic/train/audio/V00_S1132_I00000338_P1093.wav,https://dl.fbaipublicfiles.com/seamless_interaction/naturalistic/train/video/V00_S1132_I00000338_P0737.mp4,https://dl.fbaipublicfiles.com/seamless_interaction/naturalistic/train/video/V00_S1132_I00000338_P1093.mp4,https://dl.fbaipublicfiles.com/seamless_interaction/naturalistic/train/metadata/vad/V00_S1132_I00000338_P0737.jsonl,https://dl.fbaipublicfiles.com/seamless_interaction/naturalistic/train/metadata/vad/V00_S1132_I00000338_P1093.jsonl
train,train,V00_S1132_I00000340,V00,1132,00000340,ipc_conversation,naturalistic,single,familiar,friends,V00_S1132_I00000340_P0737,V00_S1132_I00000340_P1093,P0737,P1093,https://dl.fbaipublicfiles.com/seamless_interaction/naturalistic/train/audio/V00_S1132_I00000340_P0737.wav,https://dl.fbaipublicfiles.com/seamless_interaction/naturalistic/train/audio/V00_S1132_I00000340_P1093.wav,https://dl.fbaipublicfiles.com/seamless_interaction/naturalistic/train/video/V00_S1132_I00000340_P0737.mp4,https://dl.fbaipublicfiles.com/seamless_interaction/naturalistic/train/video/V00_S1132_I00000340_P1093.mp4,https://dl.fbaipublicfiles.com/seamless_interaction/naturalistic/train/metadata/vad/V00_S1132_I00000340_P0737.jsonl,https://dl.fbaipublicfiles.com/seamless_interaction/naturalistic/train/metadata/vad/V00_S1132_I00000340_P1093.jsonl
train,train,V00_S1132_I00000341,V00,1132,00000341,ipc_conversation,naturalistic,single,familiar,friends,V00_S1132_I00000341_P0737,V00_S1132_I00000341_P1093,P0737,P1093,https://dl.fbaipublicfiles.com/seamless_interaction/naturalistic/train/audio/V00_S1132_I00000341_P0737.wav,https://dl.fbaipublicfiles.com/seamless_interaction/naturalistic/train/audio/V00_S1132_I00000341_P1093.wav,https://dl.fbaipublicfiles.com/seamless_interaction/naturalistic/train/video/V00_S1132_I00000341_P0737.mp4,https://dl.fbaipublicfiles.com/seamless_interaction/naturalistic/train/video/V00_S1132_I00000341_P1093.mp4,https://dl.fbaipublicfiles.com/seamless_interaction/naturalistic/train/metadata/vad/V00_S1132_I00000341_P0737.jsonl,https://dl.fbaipublicfiles.com/seamless_interaction/naturalistic/train/metadata/vad/V00_S1132_I00000341_P1093.jsonl
train,train,V00_S1132_I00000352,V00,1132,00000352,ipc_conversation,naturalistic,both,familiar,friends,V00_S1132_I00000352_P0737,V00_S1132_I00000352_P1093,P0737,P1093,https://dl.fbaipublicfiles.com/seamless_interaction/naturalistic/train/audio/V00_S1132_I00000352_P0737.wav,https://dl.fbaipublicfiles.com/seamless_interaction/naturalistic/train/audio/V00_S1132_I00000352_P1093.wav,https://dl.fbaipublicfiles.com/seamless_interaction/naturalistic/train/video/V00_S1132_I00000352_P0737.mp4,https://dl.fbaipublicfiles.com/seamless_interaction/naturalistic/train/video/V00_S1132_I00000352_P1093.mp4,https://dl.fbaipublicfiles.com/seamless_interaction/naturalistic/train/metadata/vad/V00_S1132_I00000352_P0737.jsonl,https://dl.fbaipublicfiles.com/seamless_interaction/naturalistic/train/metadata/vad/V00_S1132_I00000352_P1093.jsonl
train,train,V00_S1132_I00000354,V00,1132,00000354,ipc_conversation,naturalistic,single,familiar,friends,V00_S1132_I00000354_P0737,V00_S1132_I00000354_P1093,P0737,P1093,https://dl.fbaipublicfiles.com/seamless_interaction/naturalistic/train/audio/V00_S1132_I00000354_P0737.wav,https://dl.fbaipublicfiles.com/seamless_interaction/naturalistic/train/audio/V00_S1132_I00000354_P1093.wav,https://dl.fbaipublicfiles.com/seamless_interaction/naturalistic/train/video/V00_S1132_I00000354_P0737.mp4,https://dl.fbaipublicfiles.com/seamless_interaction/naturalistic/train/video/V00_S1132_I00000354_P1093.mp4,https://dl.fbaipublicfiles.com/seamless_interaction/naturalistic/train/metadata/vad/V00_S1132_I00000354_P0737.jsonl,https://dl.fbaipublicfiles.com/seamless_interaction/naturalistic/train/metadata/vad/V00_S1132_I00000354_P1093.jsonl
train,train,V00_S1132_I00000360,V00,1132,00000360,ipc_conversation,naturalistic,both,familiar,friends,V00_S1132_I00000360_P0737,V00_S1132_I00000360_P1093,P0737,P1093,https://dl.fbaipublicfiles.com/seamless_interaction/naturalistic/train/audio/V00_S1132_I00000360_P0737.wav,https://dl.fbaipublicfiles.com/seamless_interaction/naturalistic/train/audio/V00_S1132_I00000360_P1093.wav,https://dl.fbaipublicfiles.com/seamless_interaction/naturalistic/train/video/V00_S1132_I00000360_P0737.mp4,https://dl.fbaipublicfiles.com/seamless_interaction/naturalistic/train/video/V00_S1132_I00000360_P1093.mp4,https://dl.fbaipublicfiles.com/seamless_interaction/naturalistic/train/metadata/vad/V00_S1132_I00000360_P0737.jsonl,https://dl.fbaipublicfiles.com/seamless_interaction/naturalistic/train/metadata/vad/V00_S1132_I00000360_P1093.jsonl
train,train,V00_S1132_I00000361,V00,1132,00000361,ipc_conversation,naturalistic,both,familiar,friends,V00_S1132_I00000361_P0737,V00_S1132_I00000361_P1093,P0737,P1093,https://dl.fbaipublicfiles.com/seamless_interaction/naturalistic/train/audio/V00_S1132_I00000361_P0737.wav,https://dl.fbaipublicfiles.com/seamless_interaction/naturalistic/train/audio/V00_S1132_I00000361_P1093.wav,https://dl.fbaipublicfiles.com/seamless_interaction/naturalistic/train/video/V00_S1132_I00000361_P0737.mp4,https://dl.fbaipublicfiles.com/seamless_interaction/naturalistic/train/video/V00_S1132_I00000361_P1093.mp4,https://dl.fbaipublicfiles.com/seamless_interaction/naturalistic/train/metadata/vad/V00_S1132_I00000361_P0737.jsonl,https://dl.fbaipublicfiles.com/seamless_interaction/naturalistic/train/metadata/vad/V00_S1132_I00000361_P1093.jsonl
train,train,V00_S1204_I00000198,V00,1204,00000198,ipc_conversation,naturalistic,both,familiar,family-generic,V00_S1204_I00000198_P1109,V00_S1204_I00000198_P1110,P1109,P1110,https://dl.fbaipublicfiles.com/seamless_interaction/naturalistic/train/audio/V00_S1204_I00000198_P1109.wav,https://dl.fbaipublicfiles.com/seamless_interaction/naturalistic/train/audio/V00_S1204_I00000198_P1110.wav,https://dl.fbaipublicfiles.com/seamless_interaction/naturalistic/train/video/V00_S1204_I00000198_P1109.mp4,https://dl.fbaipublicfiles.com/seamless_interaction/naturalistic/train/video/V00_S1204_I00000198_P1110.mp4,https://dl.fbaipublicfiles.com/seamless_interaction/naturalistic/train/metadata/vad/V00_S1204_I00000198_P1109.jsonl,https://dl.fbaipublicfiles.com/seamless_interaction/naturalistic/train/metadata/vad/V00_S1204_I00000198_P1110.jsonl
train,train,V00_S1204_I00000200,V00,1204,00000200,ipc_conversation,naturalistic,single,familiar,family-generic,V00_S1204_I00000200_P1109,V00_S1204_I00000200_P1110,P1109,P1110,https://dl.fbaipublicfiles.com/seamless_interaction/naturalistic/train/audio/V00_S1204_I00000200_P1109.wav,https://dl.fbaipublicfiles.com/seamless_interaction/naturalistic/train/audio/V00_S1204_I00000200_P1110.wav,https://dl.fbaipublicfiles.com/seamless_interaction/naturalistic/train/video/V00_S1204_I00000200_P1109.mp4,https://dl.fbaipublicfiles.com/seamless_interaction/naturalistic/train/video/V00_S1204_I00000200_P1110.mp4,https://dl.fbaipublicfiles.com/seamless_interaction/naturalistic/train/metadata/vad/V00_S1204_I00000200_P1109.jsonl,https://dl.fbaipublicfiles.com/seamless_interaction/naturalistic/train/metadata/vad/V00_S1204_I00000200_P1110.jsonl
train,train,V00_S1204_I00000201,V00,1204,00000201,ipc_conversation,naturalistic,both,familiar,family-generic,V00_S1204_I00000201_P1109,V00_S1204_I00000201_P1110,P1109,P1110,https://dl.fbaipublicfiles.com/seamless_interaction/naturalistic/train/audio/V00_S1204_I00000201_P1109.wav,https://dl.fbaipublicfiles.com/seamless_interaction/naturalistic/train/audio/V00_S1204_I00000201_P1110.wav,https://dl.fbaipublicfiles.com/seamless_interaction/naturalistic/train/video/V00_S1204_I00000201_P1109.mp4,https://dl.fbaipublicfiles.com/seamless_interaction/naturalistic/train/video/V00_S1204_I00000201_P1110.mp4,https://dl.fbaipublicfiles.com/seamless_interaction/naturalistic/train/metadata/vad/V00_S1204_I00000201_P1109.jsonl,https://dl.fbaipublicfiles.com/seamless_interaction/naturalistic/train/metadata/vad/V00_S1204_I00000201_P1110.jsonl
train,train,V00_S1204_I00000202,V00,1204,00000202,ipc_conversation,naturalistic,both,familiar,family-generic,V00_S1204_I00000202_P1109,V00_S1204_I00000202_P1110,P1109,P1110,https://dl.fbaipublicfiles.com/seamless_interaction/naturalistic/train/audio/V00_S1204_I00000202_P1109.wav,https://dl.fbaipublicfiles.com/seamless_interaction/naturalistic/train/audio/V00_S1204_I00000202_P1110.wav,https://dl.fbaipublicfiles.com/seamless_interaction/naturalistic/train/video/V00_S1204_I00000202_P1109.mp4,https://dl.fbaipublicfiles.com/seamless_interaction/naturalistic/train/video/V00_S1204_I00000202_P1110.mp4,https://dl.fbaipublicfiles.com/seamless_interaction/naturalistic/train/metadata/vad/V00_S1204_I00000202_P1109.jsonl,https://dl.fbaipublicfiles.com/seamless_interaction/naturalistic/train/metadata/vad/V00_S1204_I00000202_P1110.jsonl
train,train,V00_S1204_I00000204,V00,1204,00000204,ipc_conversation,naturalistic,both,familiar,family-generic,V00_S1204_I00000204_P1109,V00_S1204_I00000204_P1110,P1109,P1110,https://dl.fbaipublicfiles.com/seamless_interaction/naturalistic/train/audio/V00_S1204_I00000204_P1109.wav,https://dl.fbaipublicfiles.com/seamless_interaction/naturalistic/train/audio/V00_S1204_I00000204_P1110.wav,https://dl.fbaipublicfiles.com/seamless_interaction/naturalistic/train/video/V00_S1204_I00000204_P1109.mp4,https://dl.fbaipublicfiles.com/seamless_interaction/naturalistic/train/video/V00_S1204_I00000204_P1110.mp4,https://dl.fbaipublicfiles.com/seamless_interaction/naturalistic/train/metadata/vad/V00_S1204_I00000204_P1109.jsonl,https://dl.fbaipublicfiles.com/seamless_interaction/naturalistic/train/metadata/vad/V00_S1204_I00000204_P1110.jsonl
train,train,V00_S1204_I00000207,V00,1204,00000207,ipc_conversation,naturalistic,single,familiar,family-generic,V00_S1204_I00000207_P1109,V00_S1204_I00000207_P1110,P1109,P1110,https://dl.fbaipublicfiles.com/seamless_interaction/naturalistic/train/audio/V00_S1204_I00000207_P1109.wav,https://dl.fbaipublicfiles.com/seamless_interaction/naturalistic/train/audio/V00_S1204_I00000207_P1110.wav,https://dl.fbaipublicfiles.com/seamless_interaction/naturalistic/train/video/V00_S1204_I00000207_P1109.mp4,https://dl.fbaipublicfiles.com/seamless_interaction/naturalistic/train/video/V00_S1204_I00000207_P1110.mp4,https://dl.fbaipublicfiles.com/seamless_interaction/naturalistic/train/metadata/vad/V00_S1204_I00000207_P1109.jsonl,https://dl.fbaipublicfiles.com/seamless_interaction/naturalistic/train/metadata/vad/V00_S1204_I00000207_P1110.jsonl
train,train,V00_S1204_I00000208,V00,1204,00000208,ipc_conversation,naturalistic,single,familiar,family-generic,V00_S1204_I00000208_P1109,V00_S1204_I00000208_P1110,P1109,P1110,https://dl.fbaipublicfiles.com/seamless_interaction/naturalistic/train/audio/V00_S1204_I00000208_P1109.wav,https://dl.fbaipublicfiles.com/seamless_interaction/naturalistic/train/audio/V00_S1204_I00000208_P1110.wav,https://dl.fbaipublicfiles.com/seamless_interaction/naturalistic/train/video/V00_S1204_I00000208_P1109.mp4,https://dl.fbaipublicfiles.com/seamless_interaction/naturalistic/train/video/V00_S1204_I00000208_P1110.mp4,https://dl.fbaipublicfiles.com/seamless_interaction/naturalistic/train/metadata/vad/V00_S1204_I00000208_P1109.jsonl,https://dl.fbaipublicfiles.com/seamless_interaction/naturalistic/train/metadata/vad/V00_S1204_I00000208_P1110.jsonl
train,train,V00_S1204_I00000209,V00,1204,00000209,ipc_conversation,naturalistic,single,familiar,family-generic,V00_S1204_I00000209_P1109,V00_S1204_I00000209_P1110,P1109,P1110,https://dl.fbaipublicfiles.com/seamless_interaction/naturalistic/train/audio/V00_S1204_I00000209_P1109.wav,https://dl.fbaipublicfiles.com/seamless_interaction/naturalistic/train/audio/V00_S1204_I00000209_P1110.wav,https://dl.fbaipublicfiles.com/seamless_interaction/naturalistic/train/video/V00_S1204_I00000209_P1109.mp4,https://dl.fbaipublicfiles.com/seamless_interaction/naturalistic/train/video/V00_S1204_I00000209_P1110.mp4,https://dl.fbaipublicfiles.com/seamless_interaction/naturalistic/train/metadata/vad/V00_S1204_I00000209_P1109.jsonl,https://dl.fbaipublicfiles.com/seamless_interaction/naturalistic/train/metadata/vad/V00_S1204_I00000209_P1110.jsonl
train,train,V00_S1279_I00000314,V00,1279,00000314,ipc_conversation,naturalistic,both,familiar,friends,V00_S1279_I00000314_P0317,V00_S1279_I00000314_P1118,P0317,P1118,https://dl.fbaipublicfiles.com/seamless_interaction/naturalistic/train/audio/V00_S1279_I00000314_P0317.wav,https://dl.fbaipublicfiles.com/seamless_interaction/naturalistic/train/audio/V00_S1279_I00000314_P1118.wav,https://dl.fbaipublicfiles.com/seamless_interaction/naturalistic/train/video/V00_S1279_I00000314_P0317.mp4,https://dl.fbaipublicfiles.com/seamless_interaction/naturalistic/train/video/V00_S1279_I00000314_P1118.mp4,https://dl.fbaipublicfiles.com/seamless_interaction/naturalistic/train/metadata/vad/V00_S1279_I00000314_P0317.jsonl,https://dl.fbaipublicfiles.com/seamless_interaction/naturalistic/train/metadata/vad/V00_S1279_I00000314_P1118.jsonl
train,train,V00_S1279_I00000315,V00,1279,00000315,ipc_conversation,naturalistic,both,familiar,friends,V00_S1279_I00000315_P0317,V00_S1279_I00000315_P1118,P0317,P1118,https://dl.fbaipublicfiles.com/seamless_interaction/naturalistic/train/audio/V00_S1279_I00000315_P0317.wav,https://dl.fbaipublicfiles.com/seamless_interaction/naturalistic/train/audio/V00_S1279_I00000315_P1118.wav,https://dl.fbaipublicfiles.com/seamless_interaction/naturalistic/train/video/V00_S1279_I00000315_P0317.mp4,https://dl.fbaipublicfiles.com/seamless_interaction/naturalistic/train/video/V00_S1279_I00000315_P1118.mp4,https://dl.fbaipublicfiles.com/seamless_interaction/naturalistic/train/metadata/vad/V00_S1279_I00000315_P0317.jsonl,https://dl.fbaipublicfiles.com/seamless_interaction/naturalistic/train/metadata/vad/V00_S1279_I00000315_P1118.jsonl
train,train,V00_S1279_I00000316,V00,1279,00000316,ipc_conversation,naturalistic,both,familiar,friends,V00_S1279_I00000316_P0317,V00_S1279_I00000316_P1118,P0317,P1118,https://dl.fbaipublicfiles.com/seamless_interaction/naturalistic/train/audio/V00_S1279_I00000316_P0317.wav,https://dl.fbaipublicfiles.com/seamless_interaction/naturalistic/train/audio/V00_S1279_I00000316_P1118.wav,https://dl.fbaipublicfiles.com/seamless_interaction/naturalistic/train/video/V00_S1279_I00000316_P0317.mp4,https://dl.fbaipublicfiles.com/seamless_interaction/naturalistic/train/video/V00_S1279_I00000316_P1118.mp4,https://dl.fbaipublicfiles.com/seamless_interaction/naturalistic/train/metadata/vad/V00_S1279_I00000316_P0317.jsonl,https://dl.fbaipublicfiles.com/seamless_interaction/naturalistic/train/metadata/vad/V00_S1279_I00000316_P1118.jsonl
train,train,V00_S1279_I00000319,V00,1279,00000319,ipc_conversation,naturalistic,both,familiar,friends,V00_S1279_I00000319_P0317,V00_S1279_I00000319_P1118,P0317,P1118,https://dl.fbaipublicfiles.com/seamless_interaction/naturalistic/train/audio/V00_S1279_I00000319_P0317.wav,https://dl.fbaipublicfiles.com/seamless_interaction/naturalistic/train/audio/V00_S1279_I00000319_P1118.wav,https://dl.fbaipublicfiles.com/seamless_interaction/naturalistic/train/video/V00_S1279_I00000319_P0317.mp4,https://dl.fbaipublicfiles.com/seamless_interaction/naturalistic/train/video/V00_S1279_I00000319_P1118.mp4,https://dl.fbaipublicfiles.com/seamless_interaction/naturalistic/train/metadata/vad/V00_S1279_I00000319_P0317.jsonl,https://dl.fbaipublicfiles.com/seamless_interaction/naturalistic/train/metadata/vad/V00_S1279_I00000319_P1118.jsonl
train,train,V00_S1279_I00000323,V00,1279,00000323,ipc_conversation,naturalistic,both,familiar,friends,V00_S1279_I00000323_P0317,V00_S1279_I00000323_P1118,P0317,P1118,https://dl.fbaipublicfiles.com/seamless_interaction/naturalistic/train/audio/V00_S1279_I00000323_P0317.wav,https://dl.fbaipublicfiles.com/seamless_interaction/naturalistic/train/audio/V00_S1279_I00000323_P1118.wav,https://dl.fbaipublicfiles.com/seamless_interaction/naturalistic/train/video/V00_S1279_I00000323_P0317.mp4,https://dl.fbaipublicfiles.com/seamless_interaction/naturalistic/train/video/V00_S1279_I00000323_P1118.mp4,https://dl.fbaipublicfiles.com/seamless_interaction/naturalistic/train/metadata/vad/V00_S1279_I00000323_P0317.jsonl,https://dl.fbaipublicfiles.com/seamless_interaction/naturalistic/train/metadata/vad/V00_S1279_I00000323_P1118.jsonl
train,train,V00_S1279_I00000324,V00,1279,00000324,ipc_conversation,naturalistic,both,familiar,friends,V00_S1279_I00000324_P0317,V00_S1279_I00000324_P1118,P0317,P1118,https://dl.fbaipublicfiles.com/seamless_interaction/naturalistic/train/audio/V00_S1279_I00000324_P0317.wav,https://dl.fbaipublicfiles.com/seamless_interaction/naturalistic/train/audio/V00_S1279_I00000324_P1118.wav,https://dl.fbaipublicfiles.com/seamless_interaction/naturalistic/train/video/V00_S1279_I00000324_P0317.mp4,https://dl.fbaipublicfiles.com/seamless_interaction/naturalistic/train/video/V00_S1279_I00000324_P1118.mp4,https://dl.fbaipublicfiles.com/seamless_interaction/naturalistic/train/metadata/vad/V00_S1279_I00000324_P0317.jsonl,https://dl.fbaipublicfiles.com/seamless_interaction/naturalistic/train/metadata/vad/V00_S1279_I00000324_P1118.jsonl
train,train,V00_S1279_I00000325,V00,1279,00000325,ipc_conversation,naturalistic,both,familiar,friends,V00_S1279_I00000325_P0317,V00_S1279_I00000325_P1118,P0317,P1118,https://dl.fbaipublicfiles.com/seamless_interaction/naturalistic/train/audio/V00_S1279_I00000325_P0317.wav,https://dl.fbaipublicfiles.com/seamless_interaction/naturalistic/train/audio/V00_S1279_I00000325_P1118.wav,https://dl.fbaipublicfiles.com/seamless_interaction/naturalistic/train/video/V00_S1279_I00000325_P0317.mp4,https://dl.fbaipublicfiles.com/seamless_interaction/naturalistic/train/video/V00_S1279_I00000325_P1118.mp4,https://dl.fbaipublicfiles.com/seamless_interaction/naturalistic/train/metadata/vad/V00_S1279_I00000325_P0317.jsonl,https://dl.fbaipublicfiles.com/seamless_interaction/naturalistic/train/metadata/vad/V00_S1279_I00000325_P1118.jsonl
train,train,V00_S1288_I00000092,V00,1288,00000092,ipc_conversation,naturalistic,both,familiar,friends,V00_S1288_I00000092_P0071,V00_S1288_I00000092_P1119,P0071,P1119,https://dl.fbaipublicfiles.com/seamless_interaction/naturalistic/train/audio/V00_S1288_I00000092_P0071.wav,https://dl.fbaipublicfiles.com/seamless_interaction/naturalistic/train/audio/V00_S1288_I00000092_P1119.wav,https://dl.fbaipublicfiles.com/seamless_interaction/naturalistic/train/video/V00_S1288_I00000092_P0071.mp4,https://dl.fbaipublicfiles.com/seamless_interaction/naturalistic/train/video/V00_S1288_I00000092_P1119.mp4,https://dl.fbaipublicfiles.com/seamless_interaction/naturalistic/train/metadata/vad/V00_S1288_I00000092_P0071.jsonl,https://dl.fbaipublicfiles.com/seamless_interaction/naturalistic/train/metadata/vad/V00_S1288_I00000092_P1119.jsonl
train,train,V00_S1288_I00000093,V00,1288,00000093,ipc_conversation,naturalistic,both,familiar,friends,V00_S1288_I00000093_P0071,V00_S1288_I00000093_P1119,P0071,P1119,https://dl.fbaipublicfiles.com/seamless_interaction/naturalistic/train/audio/V00_S1288_I00000093_P0071.wav,https://dl.fbaipublicfiles.com/seamless_interaction/naturalistic/train/audio/V00_S1288_I00000093_P1119.wav,https://dl.fbaipublicfiles.com/seamless_interaction/naturalistic/train/video/V00_S1288_I00000093_P0071.mp4,https://dl.fbaipublicfiles.com/seamless_interaction/naturalistic/train/video/V00_S1288_I00000093_P1119.mp4,https://dl.fbaipublicfiles.com/seamless_interaction/naturalistic/train/metadata/vad/V00_S1288_I00000093_P0071.jsonl,https://dl.fbaipublicfiles.com/seamless_interaction/naturalistic/train/metadata/vad/V00_S1288_I00000093_P1119.jsonl
train,train,V00_S1288_I00000094,V00,1288,00000094,ipc_conversation,naturalistic,both,familiar,friends,V00_S1288_I00000094_P0071,V00_S1288_I00000094_P1119,P0071,P1119,https://dl.fbaipublicfiles.com/seamless_interaction/naturalistic/train/audio/V00_S1288_I00000094_P0071.wav,https://dl.fbaipublicfiles.com/seamless_interaction/naturalistic/train/audio/V00_S1288_I00000094_P1119.wav,https://dl.fbaipublicfiles.com/seamless_interaction/naturalistic/train/video/V00_S1288_I00000094_P0071.mp4,https://dl.fbaipublicfiles.com/seamless_interaction/naturalistic/train/video/V00_S1288_I00000094_P1119.mp4,https://dl.fbaipublicfiles.com/seamless_interaction/naturalistic/train/metadata/vad/V00_S1288_I00000094_P0071.jsonl,https://dl.fbaipublicfiles.com/seamless_interaction/naturalistic/train/metadata/vad/V00_S1288_I00000094_P1119.jsonl
train,train,V00_S1288_I00000095,V00,1288,00000095,ipc_conversation,naturalistic,both,familiar,friends,V00_S1288_I00000095_P0071,V00_S1288_I00000095_P1119,P0071,P1119,https://dl.fbaipublicfiles.com/seamless_interaction/naturalistic/train/audio/V00_S1288_I00000095_P0071.wav,https://dl.fbaipublicfiles.com/seamless_interaction/naturalistic/train/audio/V00_S1288_I00000095_P1119.wav,https://dl.fbaipublicfiles.com/seamless_interaction/naturalistic/train/video/V00_S1288_I00000095_P0071.mp4,https://dl.fbaipublicfiles.com/seamless_interaction/naturalistic/train/video/V00_S1288_I00000095_P1119.mp4,https://dl.fbaipublicfiles.com/seamless_interaction/naturalistic/train/metadata/vad/V00_S1288_I00000095_P0071.jsonl,https://dl.fbaipublicfiles.com/seamless_interaction/naturalistic/train/metadata/vad/V00_S1288_I00000095_P1119.jsonl
train,train,V00_S1288_I00000097,V00,1288,00000097,ipc_conversation,naturalistic,both,familiar,friends,V00_S1288_I00000097_P0071,V00_S1288_I00000097_P1119,P0071,P1119,https://dl.fbaipublicfiles.com/seamless_interaction/naturalistic/train/audio/V00_S1288_I00000097_P0071.wav,https://dl.fbaipublicfiles.com/seamless_interaction/naturalistic/train/audio/V00_S1288_I00000097_P1119.wav,https://dl.fbaipublicfiles.com/seamless_interaction/naturalistic/train/video/V00_S1288_I00000097_P0071.mp4,https://dl.fbaipublicfiles.com/seamless_interaction/naturalistic/train/video/V00_S1288_I00000097_P1119.mp4,https://dl.fbaipublicfiles.com/seamless_interaction/naturalistic/train/metadata/vad/V00_S1288_I00000097_P0071.jsonl,https://dl.fbaipublicfiles.com/seamless_interaction/naturalistic/train/metadata/vad/V00_S1288_I00000097_P1119.jsonl
train,train,V00_S1288_I00000098,V00,1288,00000098,ipc_conversation,naturalistic,both,familiar,friends,V00_S1288_I00000098_P0071,V00_S1288_I00000098_P1119,P0071,P1119,https://dl.fbaipublicfiles.com/seamless_interaction/naturalistic/train/audio/V00_S1288_I00000098_P0071.wav,https://dl.fbaipublicfiles.com/seamless_interaction/naturalistic/train/audio/V00_S1288_I00000098_P1119.wav,https://dl.fbaipublicfiles.com/seamless_interaction/naturalistic/train/video/V00_S1288_I00000098_P0071.mp4,https://dl.fbaipublicfiles.com/seamless_interaction/naturalistic/train/video/V00_S1288_I00000098_P1119.mp4,https://dl.fbaipublicfiles.com/seamless_interaction/naturalistic/train/metadata/vad/V00_S1288_I00000098_P0071.jsonl,https://dl.fbaipublicfiles.com/seamless_interaction/naturalistic/train/metadata/vad/V00_S1288_I00000098_P1119.jsonl
train,train,V00_S1288_I00000099,V00,1288,00000099,ipc_conversation,naturalistic,both,familiar,friends,V00_S1288_I00000099_P0071,V00_S1288_I00000099_P1119,P0071,P1119,https://dl.fbaipublicfiles.com/seamless_interaction/naturalistic/train/audio/V00_S1288_I00000099_P0071.wav,https://dl.fbaipublicfiles.com/seamless_interaction/naturalistic/train/audio/V00_S1288_I00000099_P1119.wav,https://dl.fbaipublicfiles.com/seamless_interaction/naturalistic/train/video/V00_S1288_I00000099_P0071.mp4,https://dl.fbaipublicfiles.com/seamless_interaction/naturalistic/train/video/V00_S1288_I00000099_P1119.mp4,https://dl.fbaipublicfiles.com/seamless_interaction/naturalistic/train/metadata/vad/V00_S1288_I00000099_P0071.jsonl,https://dl.fbaipublicfiles.com/seamless_interaction/naturalistic/train/metadata/vad/V00_S1288_I00000099_P1119.jsonl
train,train,V00_S1288_I00000102,V00,1288,00000102,ipc_conversation,naturalistic,both,familiar,friends,V00_S1288_I00000102_P0071,V00_S1288_I00000102_P1119,P0071,P1119,https://dl.fbaipublicfiles.com/seamless_interaction/naturalistic/train/audio/V00_S1288_I00000102_P0071.wav,https://dl.fbaipublicfiles.com/seamless_interaction/naturalistic/train/audio/V00_S1288_I00000102_P1119.wav,https://dl.fbaipublicfiles.com/seamless_interaction/naturalistic/train/video/V00_S1288_I00000102_P0071.mp4,https://dl.fbaipublicfiles.com/seamless_interaction/naturalistic/train/video/V00_S1288_I00000102_P1119.mp4,https://dl.fbaipublicfiles.com/seamless_interaction/naturalistic/train/metadata/vad/V00_S1288_I00000102_P0071.jsonl,https://dl.fbaipublicfiles.com/seamless_interaction/naturalistic/train/metadata/vad/V00_S1288_I00000102_P1119.jsonl
train,train,V00_S1288_I00000103,V00,1288,00000103,ipc_conversation,naturalistic,both,familiar,friends,V00_S1288_I00000103_P0071,V00_S1288_I00000103_P1119,P0071,P1119,https://dl.fbaipublicfiles.com/seamless_interaction/naturalistic/train/audio/V00_S1288_I00000103_P0071.wav,https://dl.fbaipublicfiles.com/seamless_interaction/naturalistic/train/audio/V00_S1288_I00000103_P1119.wav,https://dl.fbaipublicfiles.com/seamless_interaction/naturalistic/train/video/V00_S1288_I00000103_P0071.mp4,https://dl.fbaipublicfiles.com/seamless_interaction/naturalistic/train/video/V00_S1288_I00000103_P1119.mp4,https://dl.fbaipublicfiles.com/seamless_interaction/naturalistic/train/metadata/vad/V00_S1288_I00000103_P0071.jsonl,https://dl.fbaipublicfiles.com/seamless_interaction/naturalistic/train/metadata/vad/V00_S1288_I00000103_P1119.jsonl
train,train,V00_S1289_I00000144,V00,1289,00000144,ipc_conversation,naturalistic,both,stranger,stranger,V00_S1289_I00000144_P0709,V00_S1289_I00000144_P1120,P0709,P1120,https://dl.fbaipublicfiles.com/seamless_interaction/naturalistic/train/audio/V00_S1289_I00000144_P0709.wav,https://dl.fbaipublicfiles.com/seamless_interaction/naturalistic/train/audio/V00_S1289_I00000144_P1120.wav,https://dl.fbaipublicfiles.com/seamless_interaction/naturalistic/train/video/V00_S1289_I00000144_P0709.mp4,https://dl.fbaipublicfiles.com/seamless_interaction/naturalistic/train/video/V00_S1289_I00000144_P1120.mp4,https://dl.fbaipublicfiles.com/seamless_interaction/naturalistic/train/metadata/vad/V00_S1289_I00000144_P0709.jsonl,https://dl.fbaipublicfiles.com/seamless_interaction/naturalistic/train/metadata/vad/V00_S1289_I00000144_P1120.jsonl
train,train,V00_S1289_I00000146,V00,1289,00000146,ipc_conversation,naturalistic,both,stranger,stranger,V00_S1289_I00000146_P0709,V00_S1289_I00000146_P1120,P0709,P1120,https://dl.fbaipublicfiles.com/seamless_interaction/naturalistic/train/audio/V00_S1289_I00000146_P0709.wav,https://dl.fbaipublicfiles.com/seamless_interaction/naturalistic/train/audio/V00_S1289_I00000146_P1120.wav,https://dl.fbaipublicfiles.com/seamless_interaction/naturalistic/train/video/V00_S1289_I00000146_P0709.mp4,https://dl.fbaipublicfiles.com/seamless_interaction/naturalistic/train/video/V00_S1289_I00000146_P1120.mp4,https://dl.fbaipublicfiles.com/seamless_interaction/naturalistic/train/metadata/vad/V00_S1289_I00000146_P0709.jsonl,https://dl.fbaipublicfiles.com/seamless_interaction/naturalistic/train/metadata/vad/V00_S1289_I00000146_P1120.jsonl
train,train,V00_S1289_I00000147,V00,1289,00000147,ipc_conversation,naturalistic,both,stranger,stranger,V00_S1289_I00000147_P0709,V00_S1289_I00000147_P1120,P0709,P1120,https://dl.fbaipublicfiles.com/seamless_interaction/naturalistic/train/audio/V00_S1289_I00000147_P0709.wav,https://dl.fbaipublicfiles.com/seamless_interaction/naturalistic/train/audio/V00_S1289_I00000147_P1120.wav,https://dl.fbaipublicfiles.com/seamless_interaction/naturalistic/train/video/V00_S1289_I00000147_P0709.mp4,https://dl.fbaipublicfiles.com/seamless_interaction/naturalistic/train/video/V00_S1289_I00000147_P1120.mp4,https://dl.fbaipublicfiles.com/seamless_interaction/naturalistic/train/metadata/vad/V00_S1289_I00000147_P0709.jsonl,https://dl.fbaipublicfiles.com/seamless_interaction/naturalistic/train/metadata/vad/V00_S1289_I00000147_P1120.jsonl
train,train,V00_S1289_I00000149,V00,1289,00000149,ipc_conversation,naturalistic,both,stranger,stranger,V00_S1289_I00000149_P0709,V00_S1289_I00000149_P1120,P0709,P1120,https://dl.fbaipublicfiles.com/seamless_interaction/naturalistic/train/audio/V00_S1289_I00000149_P0709.wav,https://dl.fbaipublicfiles.com/seamless_interaction/naturalistic/train/audio/V00_S1289_I00000149_P1120.wav,https://dl.fbaipublicfiles.com/seamless_interaction/naturalistic/train/video/V00_S1289_I00000149_P0709.mp4,https://dl.fbaipublicfiles.com/seamless_interaction/naturalistic/train/video/V00_S1289_I00000149_P1120.mp4,https://dl.fbaipublicfiles.com/seamless_interaction/naturalistic/train/metadata/vad/V00_S1289_I00000149_P0709.jsonl,https://dl.fbaipublicfiles.com/seamless_interaction/naturalistic/train/metadata/vad/V00_S1289_I00000149_P1120.jsonl
train,train,V00_S1289_I00000150,V00,1289,00000150,ipc_conversation,naturalistic,both,stranger,stranger,V00_S1289_I00000150_P0709,V00_S1289_I00000150_P1120,P0709,P1120,https://dl.fbaipublicfiles.com/seamless_interaction/naturalistic/train/audio/V00_S1289_I00000150_P0709.wav,https://dl.fbaipublicfiles.com/seamless_interaction/naturalistic/train/audio/V00_S1289_I00000150_P1120.wav,https://dl.fbaipublicfiles.com/seamless_interaction/naturalistic/train/video/V00_S1289_I00000150_P0709.mp4,https://dl.fbaipublicfiles.com/seamless_interaction/naturalistic/train/video/V00_S1289_I00000150_P1120.mp4,https://dl.fbaipublicfiles.com/seamless_interaction/naturalistic/train/metadata/vad/V00_S1289_I00000150_P0709.jsonl,https://dl.fbaipublicfiles.com/seamless_interaction/naturalistic/train/metadata/vad/V00_S1289_I00000150_P1120.jsonl
train,train,V00_S1289_I00000152,V00,1289,00000152,ipc_conversation,naturalistic,both,stranger,stranger,V00_S1289_I00000152_P0709,V00_S1289_I00000152_P1120,P0709,P1120,https://dl.fbaipublicfiles.com/seamless_interaction/naturalistic/train/audio/V00_S1289_I00000152_P0709.wav,https://dl.fbaipublicfiles.com/seamless_interaction/naturalistic/train/audio/V00_S1289_I00000152_P1120.wav,https://dl.fbaipublicfiles.com/seamless_interaction/naturalistic/train/video/V00_S1289_I00000152_P0709.mp4,https://dl.fbaipublicfiles.com/seamless_interaction/naturalistic/train/video/V00_S1289_I00000152_P1120.mp4,https://dl.fbaipublicfiles.com/seamless_interaction/naturalistic/train/metadata/vad/V00_S1289_I00000152_P0709.jsonl,https://dl.fbaipublicfiles.com/seamless_interaction/naturalistic/train/metadata/vad/V00_S1289_I00000152_P1120.jsonl
train,train,V00_S1289_I00000153,V00,1289,00000153,ipc_conversation,naturalistic,single,stranger,stranger,V00_S1289_I00000153_P0709,V00_S1289_I00000153_P1120,P0709,P1120,https://dl.fbaipublicfiles.com/seamless_interaction/naturalistic/train/audio/V00_S1289_I00000153_P0709.wav,https://dl.fbaipublicfiles.com/seamless_interaction/naturalistic/train/audio/V00_S1289_I00000153_P1120.wav,https://dl.fbaipublicfiles.com/seamless_interaction/naturalistic/train/video/V00_S1289_I00000153_P0709.mp4,https://dl.fbaipublicfiles.com/seamless_interaction/naturalistic/train/video/V00_S1289_I00000153_P1120.mp4,https://dl.fbaipublicfiles.com/seamless_interaction/naturalistic/train/metadata/vad/V00_S1289_I00000153_P0709.jsonl,https://dl.fbaipublicfiles.com/seamless_interaction/naturalistic/train/metadata/vad/V00_S1289_I00000153_P1120.jsonl
train,train,V00_S1289_I00000154,V00,1289,00000154,ipc_conversation,naturalistic,single,stranger,stranger,V00_S1289_I00000154_P0709,V00_S1289_I00000154_P1120,P0709,P1120,https://dl.fbaipublicfiles.com/seamless_interaction/naturalistic/train/audio/V00_S1289_I00000154_P0709.wav,https://dl.fbaipublicfiles.com/seamless_interaction/naturalistic/train/audio/V00_S1289_I00000154_P1120.wav,https://dl.fbaipublicfiles.com/seamless_interaction/naturalistic/train/video/V00_S1289_I00000154_P0709.mp4,https://dl.fbaipublicfiles.com/seamless_interaction/naturalistic/train/video/V00_S1289_I00000154_P1120.mp4,https://dl.fbaipublicfiles.com/seamless_interaction/naturalistic/train/metadata/vad/V00_S1289_I00000154_P0709.jsonl,https://dl.fbaipublicfiles.com/seamless_interaction/naturalistic/train/metadata/vad/V00_S1289_I00000154_P1120.jsonl
train,train,V00_S1289_I00000157,V00,1289,00000157,ipc_conversation,naturalistic,single,stranger,stranger,V00_S1289_I00000157_P0709,V00_S1289_I00000157_P1120,P0709,P1120,https://dl.fbaipublicfiles.com/seamless_interaction/naturalistic/train/audio/V00_S1289_I00000157_P0709.wav,https://dl.fbaipublicfiles.com/seamless_interaction/naturalistic/train/audio/V00_S1289_I00000157_P1120.wav,https://dl.fbaipublicfiles.com/seamless_interaction/naturalistic/train/video/V00_S1289_I00000157_P0709.mp4,https://dl.fbaipublicfiles.com/seamless_interaction/naturalistic/train/video/V00_S1289_I00000157_P1120.mp4,https://dl.fbaipublicfiles.com/seamless_interaction/naturalistic/train/metadata/vad/V00_S1289_I00000157_P0709.jsonl,https://dl.fbaipublicfiles.com/seamless_interaction/naturalistic/train/metadata/vad/V00_S1289_I00000157_P1120.jsonl
train,train,V00_S1291_I00000000,V00,1291,00000000,ipc_conversation,naturalistic,both,familiar,friends,V00_S1291_I00000000_P0430,V00_S1291_I00000000_P1121,P0430,P1121,https://dl.fbaipublicfiles.com/seamless_interaction/naturalistic/train/audio/V00_S1291_I00000000_P0430.wav,https://dl.fbaipublicfiles.com/seamless_interaction/naturalistic/train/audio/V00_S1291_I00000000_P1121.wav,https://dl.fbaipublicfiles.com/seamless_interaction/naturalistic/train/video/V00_S1291_I00000000_P0430.mp4,https://dl.fbaipublicfiles.com/seamless_interaction/naturalistic/train/video/V00_S1291_I00000000_P1121.mp4,https://dl.fbaipublicfiles.com/seamless_interaction/naturalistic/train/metadata/vad/V00_S1291_I00000000_P0430.jsonl,https://dl.fbaipublicfiles.com/seamless_interaction/naturalistic/train/metadata/vad/V00_S1291_I00000000_P1121.jsonl
train,train,V00_S1291_I00000001,V00,1291,00000001,ipc_conversation,naturalistic,both,familiar,friends,V00_S1291_I00000001_P0430,V00_S1291_I00000001_P1121,P0430,P1121,https://dl.fbaipublicfiles.com/seamless_interaction/naturalistic/train/audio/V00_S1291_I00000001_P0430.wav,https://dl.fbaipublicfiles.com/seamless_interaction/naturalistic/train/audio/V00_S1291_I00000001_P1121.wav,https://dl.fbaipublicfiles.com/seamless_interaction/naturalistic/train/video/V00_S1291_I00000001_P0430.mp4,https://dl.fbaipublicfiles.com/seamless_interaction/naturalistic/train/video/V00_S1291_I00000001_P1121.mp4,https://dl.fbaipublicfiles.com/seamless_interaction/naturalistic/train/metadata/vad/V00_S1291_I00000001_P0430.jsonl,https://dl.fbaipublicfiles.com/seamless_interaction/naturalistic/train/metadata/vad/V00_S1291_I00000001_P1121.jsonl
train,train,V00_S1291_I00000002,V00,1291,00000002,ipc_conversation,naturalistic,both,familiar,friends,V00_S1291_I00000002_P0430,V00_S1291_I00000002_P1121,P0430,P1121,https://dl.fbaipublicfiles.com/seamless_interaction/naturalistic/train/audio/V00_S1291_I00000002_P0430.wav,https://dl.fbaipublicfiles.com/seamless_interaction/naturalistic/train/audio/V00_S1291_I00000002_P1121.wav,https://dl.fbaipublicfiles.com/seamless_interaction/naturalistic/train/video/V00_S1291_I00000002_P0430.mp4,https://dl.fbaipublicfiles.com/seamless_interaction/naturalistic/train/video/V00_S1291_I00000002_P1121.mp4,https://dl.fbaipublicfiles.com/seamless_interaction/naturalistic/train/metadata/vad/V00_S1291_I00000002_P0430.jsonl,https://dl.fbaipublicfiles.com/seamless_interaction/naturalistic/train/metadata/vad/V00_S1291_I00000002_P1121.jsonl
train,train,V00_S1291_I00000003,V00,1291,00000003,ipc_conversation,naturalistic,both,familiar,friends,V00_S1291_I00000003_P0430,V00_S1291_I00000003_P1121,P0430,P1121,https://dl.fbaipublicfiles.com/seamless_interaction/naturalistic/train/audio/V00_S1291_I00000003_P0430.wav,https://dl.fbaipublicfiles.com/seamless_interaction/naturalistic/train/audio/V00_S1291_I00000003_P1121.wav,https://dl.fbaipublicfiles.com/seamless_interaction/naturalistic/train/video/V00_S1291_I00000003_P0430.mp4,https://dl.fbaipublicfiles.com/seamless_interaction/naturalistic/train/video/V00_S1291_I00000003_P1121.mp4,https://dl.fbaipublicfiles.com/seamless_interaction/naturalistic/train/metadata/vad/V00_S1291_I00000003_P0430.jsonl,https://dl.fbaipublicfiles.com/seamless_interaction/naturalistic/train/metadata/vad/V00_S1291_I00000003_P1121.jsonl
train,train,V00_S1291_I00000006,V00,1291,00000006,ipc_conversation,naturalistic,both,familiar,friends,V00_S1291_I00000006_P0430,V00_S1291_I00000006_P1121,P0430,P1121,https://dl.fbaipublicfiles.com/seamless_interaction/naturalistic/train/audio/V00_S1291_I00000006_P0430.wav,https://dl.fbaipublicfiles.com/seamless_interaction/naturalistic/train/audio/V00_S1291_I00000006_P1121.wav,https://dl.fbaipublicfiles.com/seamless_interaction/naturalistic/train/video/V00_S1291_I00000006_P0430.mp4,https://dl.fbaipublicfiles.com/seamless_interaction/naturalistic/train/video/V00_S1291_I00000006_P1121.mp4,https://dl.fbaipublicfiles.com/seamless_interaction/naturalistic/train/metadata/vad/V00_S1291_I00000006_P0430.jsonl,https://dl.fbaipublicfiles.com/seamless_interaction/naturalistic/train/metadata/vad/V00_S1291_I00000006_P1121.jsonl
train,train,V00_S1291_I00000007,V00,1291,00000007,ipc_conversation,naturalistic,both,familiar,friends,V00_S1291_I00000007_P0430,V00_S1291_I00000007_P1121,P0430,P1121,https://dl.fbaipublicfiles.com/seamless_interaction/naturalistic/train/audio/V00_S1291_I00000007_P0430.wav,https://dl.fbaipublicfiles.com/seamless_interaction/naturalistic/train/audio/V00_S1291_I00000007_P1121.wav,https://dl.fbaipublicfiles.com/seamless_interaction/naturalistic/train/video/V00_S1291_I00000007_P0430.mp4,https://dl.fbaipublicfiles.com/seamless_interaction/naturalistic/train/video/V00_S1291_I00000007_P1121.mp4,https://dl.fbaipublicfiles.com/seamless_interaction/naturalistic/train/metadata/vad/V00_S1291_I00000007_P0430.jsonl,https://dl.fbaipublicfiles.com/seamless_interaction/naturalistic/train/metadata/vad/V00_S1291_I00000007_P1121.jsonl
train,train,V00_S1291_I00000008,V00,1291,00000008,ipc_conversation,naturalistic,both,familiar,friends,V00_S1291_I00000008_P0430,V00_S1291_I00000008_P1121,P0430,P1121,https://dl.fbaipublicfiles.com/seamless_interaction/naturalistic/train/audio/V00_S1291_I00000008_P0430.wav,https://dl.fbaipublicfiles.com/seamless_interaction/naturalistic/train/audio/V00_S1291_I00000008_P1121.wav,https://dl.fbaipublicfiles.com/seamless_interaction/naturalistic/train/video/V00_S1291_I00000008_P0430.mp4,https://dl.fbaipublicfiles.com/seamless_interaction/naturalistic/train/video/V00_S1291_I00000008_P1121.mp4,https://dl.fbaipublicfiles.com/seamless_interaction/naturalistic/train/metadata/vad/V00_S1291_I00000008_P0430.jsonl,https://dl.fbaipublicfiles.com/seamless_interaction/naturalistic/train/metadata/vad/V00_S1291_I00000008_P1121.jsonl
train,train,V00_S1291_I00000009,V00,1291,00000009,ipc_conversation,naturalistic,both,familiar,friends,V00_S1291_I00000009_P0430,V00_S1291_I00000009_P1121,P0430,P1121,https://dl.fbaipublicfiles.com/seamless_interaction/naturalistic/train/audio/V00_S1291_I00000009_P0430.wav,https://dl.fbaipublicfiles.com/seamless_interaction/naturalistic/train/audio/V00_S1291_I00000009_P1121.wav,https://dl.fbaipublicfiles.com/seamless_interaction/naturalistic/train/video/V00_S1291_I00000009_P0430.mp4,https://dl.fbaipublicfiles.com/seamless_interaction/naturalistic/train/video/V00_S1291_I00000009_P1121.mp4,https://dl.fbaipublicfiles.com/seamless_interaction/naturalistic/train/metadata/vad/V00_S1291_I00000009_P0430.jsonl,https://dl.fbaipublicfiles.com/seamless_interaction/naturalistic/train/metadata/vad/V00_S1291_I00000009_P1121.jsonl
train,train,V00_S1295_I00000280,V00,1295,00000280,ipc_conversation,naturalistic,single,familiar,friends,V00_S1295_I00000280_P0518,V00_S1295_I00000280_P1122,P0518,P1122,https://dl.fbaipublicfiles.com/seamless_interaction/naturalistic/train/audio/V00_S1295_I00000280_P0518.wav,https://dl.fbaipublicfiles.com/seamless_interaction/naturalistic/train/audio/V00_S1295_I00000280_P1122.wav,https://dl.fbaipublicfiles.com/seamless_interaction/naturalistic/train/video/V00_S1295_I00000280_P0518.mp4,https://dl.fbaipublicfiles.com/seamless_interaction/naturalistic/train/video/V00_S1295_I00000280_P1122.mp4,https://dl.fbaipublicfiles.com/seamless_interaction/naturalistic/train/metadata/vad/V00_S1295_I00000280_P0518.jsonl,https://dl.fbaipublicfiles.com/seamless_interaction/naturalistic/train/metadata/vad/V00_S1295_I00000280_P1122.jsonl
train,train,V00_S1295_I00000281,V00,1295,00000281,ipc_conversation,naturalistic,both,familiar,friends,V00_S1295_I00000281_P0518,V00_S1295_I00000281_P1122,P0518,P1122,https://dl.fbaipublicfiles.com/seamless_interaction/naturalistic/train/audio/V00_S1295_I00000281_P0518.wav,https://dl.fbaipublicfiles.com/seamless_interaction/naturalistic/train/audio/V00_S1295_I00000281_P1122.wav,https://dl.fbaipublicfiles.com/seamless_interaction/naturalistic/train/video/V00_S1295_I00000281_P0518.mp4,https://dl.fbaipublicfiles.com/seamless_interaction/naturalistic/train/video/V00_S1295_I00000281_P1122.mp4,https://dl.fbaipublicfiles.com/seamless_interaction/naturalistic/train/metadata/vad/V00_S1295_I00000281_P0518.jsonl,https://dl.fbaipublicfiles.com/seamless_interaction/naturalistic/train/metadata/vad/V00_S1295_I00000281_P1122.jsonl
train,train,V00_S1295_I00000282,V00,1295,00000282,ipc_conversation,naturalistic,both,familiar,friends,V00_S1295_I00000282_P0518,V00_S1295_I00000282_P1122,P0518,P1122,https://dl.fbaipublicfiles.com/seamless_interaction/naturalistic/train/audio/V00_S1295_I00000282_P0518.wav,https://dl.fbaipublicfiles.com/seamless_interaction/naturalistic/train/audio/V00_S1295_I00000282_P1122.wav,https://dl.fbaipublicfiles.com/seamless_interaction/naturalistic/train/video/V00_S1295_I00000282_P0518.mp4,https://dl.fbaipublicfiles.com/seamless_interaction/naturalistic/train/video/V00_S1295_I00000282_P1122.mp4,https://dl.fbaipublicfiles.com/seamless_interaction/naturalistic/train/metadata/vad/V00_S1295_I00000282_P0518.jsonl,https://dl.fbaipublicfiles.com/seamless_interaction/naturalistic/train/metadata/vad/V00_S1295_I00000282_P1122.jsonl
train,train,V00_S1295_I00000286,V00,1295,00000286,ipc_conversation,naturalistic,both,familiar,friends,V00_S1295_I00000286_P0518,V00_S1295_I00000286_P1122,P0518,P1122,https://dl.fbaipublicfiles.com/seamless_interaction/naturalistic/train/audio/V00_S1295_I00000286_P0518.wav,https://dl.fbaipublicfiles.com/seamless_interaction/naturalistic/train/audio/V00_S1295_I00000286_P1122.wav,https://dl.fbaipublicfiles.com/seamless_interaction/naturalistic/train/video/V00_S1295_I00000286_P0518.mp4,https://dl.fbaipublicfiles.com/seamless_interaction/naturalistic/train/video/V00_S1295_I00000286_P1122.mp4,https://dl.fbaipublicfiles.com/seamless_interaction/naturalistic/train/metadata/vad/V00_S1295_I00000286_P0518.jsonl,https://dl.fbaipublicfiles.com/seamless_interaction/naturalistic/train/metadata/vad/V00_S1295_I00000286_P1122.jsonl
train,train,V00_S1295_I00000287,V00,1295,00000287,ipc_conversation,naturalistic,both,familiar,friends,V00_S1295_I00000287_P0518,V00_S1295_I00000287_P1122,P0518,P1122,https://dl.fbaipublicfiles.com/seamless_interaction/naturalistic/train/audio/V00_S1295_I00000287_P0518.wav,https://dl.fbaipublicfiles.com/seamless_interaction/naturalistic/train/audio/V00_S1295_I00000287_P1122.wav,https://dl.fbaipublicfiles.com/seamless_interaction/naturalistic/train/video/V00_S1295_I00000287_P0518.mp4,https://dl.fbaipublicfiles.com/seamless_interaction/naturalistic/train/video/V00_S1295_I00000287_P1122.mp4,https://dl.fbaipublicfiles.com/seamless_interaction/naturalistic/train/metadata/vad/V00_S1295_I00000287_P0518.jsonl,https://dl.fbaipublicfiles.com/seamless_interaction/naturalistic/train/metadata/vad/V00_S1295_I00000287_P1122.jsonl
train,train,V00_S1295_I00000297,V00,1295,00000297,ipc_conversation,naturalistic,both,familiar,friends,V00_S1295_I00000297_P0518,V00_S1295_I00000297_P1122,P0518,P1122,https://dl.fbaipublicfiles.com/seamless_interaction/naturalistic/train/audio/V00_S1295_I00000297_P0518.wav,https://dl.fbaipublicfiles.com/seamless_interaction/naturalistic/train/audio/V00_S1295_I00000297_P1122.wav,https://dl.fbaipublicfiles.com/seamless_interaction/naturalistic/train/video/V00_S1295_I00000297_P0518.mp4,https://dl.fbaipublicfiles.com/seamless_interaction/naturalistic/train/video/V00_S1295_I00000297_P1122.mp4,https://dl.fbaipublicfiles.com/seamless_interaction/naturalistic/train/metadata/vad/V00_S1295_I00000297_P0518.jsonl,https://dl.fbaipublicfiles.com/seamless_interaction/naturalistic/train/metadata/vad/V00_S1295_I00000297_P1122.jsonl
train,train,V00_S1295_I00000298,V00,1295,00000298,ipc_conversation,naturalistic,both,familiar,friends,V00_S1295_I00000298_P0518,V00_S1295_I00000298_P1122,P0518,P1122,https://dl.fbaipublicfiles.com/seamless_interaction/naturalistic/train/audio/V00_S1295_I00000298_P0518.wav,https://dl.fbaipublicfiles.com/seamless_interaction/naturalistic/train/audio/V00_S1295_I00000298_P1122.wav,https://dl.fbaipublicfiles.com/seamless_interaction/naturalistic/train/video/V00_S1295_I00000298_P0518.mp4,https://dl.fbaipublicfiles.com/seamless_interaction/naturalistic/train/video/V00_S1295_I00000298_P1122.mp4,https://dl.fbaipublicfiles.com/seamless_interaction/naturalistic/train/metadata/vad/V00_S1295_I00000298_P0518.jsonl,https://dl.fbaipublicfiles.com/seamless_interaction/naturalistic/train/metadata/vad/V00_S1295_I00000298_P1122.jsonl
train,train,V00_S1297_I00000197,V00,1297,00000197,ipc_conversation,naturalistic,both,familiar,friends,V00_S1297_I00000197_P1019,V00_S1297_I00000197_P1123,P1019,P1123,https://dl.fbaipublicfiles.com/seamless_interaction/naturalistic/train/audio/V00_S1297_I00000197_P1019.wav,https://dl.fbaipublicfiles.com/seamless_interaction/naturalistic/train/audio/V00_S1297_I00000197_P1123.wav,https://dl.fbaipublicfiles.com/seamless_interaction/naturalistic/train/video/V00_S1297_I00000197_P1019.mp4,https://dl.fbaipublicfiles.com/seamless_interaction/naturalistic/train/video/V00_S1297_I00000197_P1123.mp4,https://dl.fbaipublicfiles.com/seamless_interaction/naturalistic/train/metadata/vad/V00_S1297_I00000197_P1019.jsonl,https://dl.fbaipublicfiles.com/seamless_interaction/naturalistic/train/metadata/vad/V00_S1297_I00000197_P1123.jsonl
train,train,V00_S1297_I00000200,V00,1297,00000200,ipc_conversation,naturalistic,both,familiar,friends,V00_S1297_I00000200_P1019,V00_S1297_I00000200_P1123,P1019,P1123,https://dl.fbaipublicfiles.com/seamless_interaction/naturalistic/train/audio/V00_S1297_I00000200_P1019.wav,https://dl.fbaipublicfiles.com/seamless_interaction/naturalistic/train/audio/V00_S1297_I00000200_P1123.wav,https://dl.fbaipublicfiles.com/seamless_interaction/naturalistic/train/video/V00_S1297_I00000200_P1019.mp4,https://dl.fbaipublicfiles.com/seamless_interaction/naturalistic/train/video/V00_S1297_I00000200_P1123.mp4,https://dl.fbaipublicfiles.com/seamless_interaction/naturalistic/train/metadata/vad/V00_S1297_I00000200_P1019.jsonl,https://dl.fbaipublicfiles.com/seamless_interaction/naturalistic/train/metadata/vad/V00_S1297_I00000200_P1123.jsonl
train,train,V00_S1297_I00000201,V00,1297,00000201,ipc_conversation,naturalistic,both,familiar,friends,V00_S1297_I00000201_P1019,V00_S1297_I00000201_P1123,P1019,P1123,https://dl.fbaipublicfiles.com/seamless_interaction/naturalistic/train/audio/V00_S1297_I00000201_P1019.wav,https://dl.fbaipublicfiles.com/seamless_interaction/naturalistic/train/audio/V00_S1297_I00000201_P1123.wav,https://dl.fbaipublicfiles.com/seamless_interaction/naturalistic/train/video/V00_S1297_I00000201_P1019.mp4,https://dl.fbaipublicfiles.com/seamless_interaction/naturalistic/train/video/V00_S1297_I00000201_P1123.mp4,https://dl.fbaipublicfiles.com/seamless_interaction/naturalistic/train/metadata/vad/V00_S1297_I00000201_P1019.jsonl,https://dl.fbaipublicfiles.com/seamless_interaction/naturalistic/train/metadata/vad/V00_S1297_I00000201_P1123.jsonl
train,train,V00_S1297_I00000202,V00,1297,00000202,ipc_conversation,naturalistic,both,familiar,friends,V00_S1297_I00000202_P1019,V00_S1297_I00000202_P1123,P1019,P1123,https://dl.fbaipublicfiles.com/seamless_interaction/naturalistic/train/audio/V00_S1297_I00000202_P1019.wav,https://dl.fbaipublicfiles.com/seamless_interaction/naturalistic/train/audio/V00_S1297_I00000202_P1123.wav,https://dl.fbaipublicfiles.com/seamless_interaction/naturalistic/train/video/V00_S1297_I00000202_P1019.mp4,https://dl.fbaipublicfiles.com/seamless_interaction/naturalistic/train/video/V00_S1297_I00000202_P1123.mp4,https://dl.fbaipublicfiles.com/seamless_interaction/naturalistic/train/metadata/vad/V00_S1297_I00000202_P1019.jsonl,https://dl.fbaipublicfiles.com/seamless_interaction/naturalistic/train/metadata/vad/V00_S1297_I00000202_P1123.jsonl
train,train,V00_S1297_I00000204,V00,1297,00000204,ipc_conversation,naturalistic,both,familiar,friends,V00_S1297_I00000204_P1019,V00_S1297_I00000204_P1123,P1019,P1123,https://dl.fbaipublicfiles.com/seamless_interaction/naturalistic/train/audio/V00_S1297_I00000204_P1019.wav,https://dl.fbaipublicfiles.com/seamless_interaction/naturalistic/train/audio/V00_S1297_I00000204_P1123.wav,https://dl.fbaipublicfiles.com/seamless_interaction/naturalistic/train/video/V00_S1297_I00000204_P1019.mp4,https://dl.fbaipublicfiles.com/seamless_interaction/naturalistic/train/video/V00_S1297_I00000204_P1123.mp4,https://dl.fbaipublicfiles.com/seamless_interaction/naturalistic/train/metadata/vad/V00_S1297_I00000204_P1019.jsonl,https://dl.fbaipublicfiles.com/seamless_interaction/naturalistic/train/metadata/vad/V00_S1297_I00000204_P1123.jsonl
train,train,V00_S1297_I00000205,V00,1297,00000205,ipc_conversation,naturalistic,both,familiar,friends,V00_S1297_I00000205_P1019,V00_S1297_I00000205_P1123,P1019,P1123,https://dl.fbaipublicfiles.com/seamless_interaction/naturalistic/train/audio/V00_S1297_I00000205_P1019.wav,https://dl.fbaipublicfiles.com/seamless_interaction/naturalistic/train/audio/V00_S1297_I00000205_P1123.wav,https://dl.fbaipublicfiles.com/seamless_interaction/naturalistic/train/video/V00_S1297_I00000205_P1019.mp4,https://dl.fbaipublicfiles.com/seamless_interaction/naturalistic/train/video/V00_S1297_I00000205_P1123.mp4,https://dl.fbaipublicfiles.com/seamless_interaction/naturalistic/train/metadata/vad/V00_S1297_I00000205_P1019.jsonl,https://dl.fbaipublicfiles.com/seamless_interaction/naturalistic/train/metadata/vad/V00_S1297_I00000205_P1123.jsonl
train,train,V00_S1297_I00000226,V00,1297,00000226,ipc_conversation,naturalistic,both,familiar,friends,V00_S1297_I00000226_P1019,V00_S1297_I00000226_P1123,P1019,P1123,https://dl.fbaipublicfiles.com/seamless_interaction/naturalistic/train/audio/V00_S1297_I00000226_P1019.wav,https://dl.fbaipublicfiles.com/seamless_interaction/naturalistic/train/audio/V00_S1297_I00000226_P1123.wav,https://dl.fbaipublicfiles.com/seamless_interaction/naturalistic/train/video/V00_S1297_I00000226_P1019.mp4,https://dl.fbaipublicfiles.com/seamless_interaction/naturalistic/train/video/V00_S1297_I00000226_P1123.mp4,https://dl.fbaipublicfiles.com/seamless_interaction/naturalistic/train/metadata/vad/V00_S1297_I00000226_P1019.jsonl,https://dl.fbaipublicfiles.com/seamless_interaction/naturalistic/train/metadata/vad/V00_S1297_I00000226_P1123.jsonl
train,train,V01_S0325_I00000314,V01,0325,00000314,ipc_conversation,naturalistic,none,stranger,stranger,V01_S0325_I00000314_P1666,V01_S0325_I00000314_P1667,P1666,P1667,https://dl.fbaipublicfiles.com/seamless_interaction/naturalistic/train/audio/V01_S0325_I00000314_P1666.wav,https://dl.fbaipublicfiles.com/seamless_interaction/naturalistic/train/audio/V01_S0325_I00000314_P1667.wav,https://dl.fbaipublicfiles.com/seamless_interaction/naturalistic/train/video/V01_S0325_I00000314_P1666.mp4,https://dl.fbaipublicfiles.com/seamless_interaction/naturalistic/train/video/V01_S0325_I00000314_P1667.mp4,https://dl.fbaipublicfiles.com/seamless_interaction/naturalistic/train/metadata/vad/V01_S0325_I00000314_P1666.jsonl,https://dl.fbaipublicfiles.com/seamless_interaction/naturalistic/train/metadata/vad/V01_S0325_I00000314_P1667.jsonl
train,train,V02_S3227_I00000514,V02,3227,00000514,ipc_conversation,naturalistic,none,familiar,friends,V02_S3227_I00000514_P4078,V02_S3227_I00000514_P4123,P4078,P4123,https://dl.fbaipublicfiles.com/seamless_interaction/naturalistic/train/audio/V02_S3227_I00000514_P4078.wav,https://dl.fbaipublicfiles.com/seamless_interaction/naturalistic/train/audio/V02_S3227_I00000514_P4123.wav,https://dl.fbaipublicfiles.com/seamless_interaction/naturalistic/train/video/V02_S3227_I00000514_P4078.mp4,https://dl.fbaipublicfiles.com/seamless_interaction/naturalistic/train/video/V02_S3227_I00000514_P4123.mp4,https://dl.fbaipublicfiles.com/seamless_interaction/naturalistic/train/metadata/vad/V02_S3227_I00000514_P4078.jsonl,https://dl.fbaipublicfiles.com/seamless_interaction/naturalistic/train/metadata/vad/V02_S3227_I00000514_P4123.jsonl
train,dev,V03_S0120_I00000131,V03,0120,00000131,ipc_conversation,naturalistic,none,stranger,stranger,V03_S0120_I00000131_P1264,V03_S0120_I00000131_P1265,P1264,P1265,https://dl.fbaipublicfiles.com/seamless_interaction/naturalistic/dev/audio/V03_S0120_I00000131_P1264.wav,https://dl.fbaipublicfiles.com/seamless_interaction/naturalistic/dev/audio/V03_S0120_I00000131_P1265.wav,https://dl.fbaipublicfiles.com/seamless_interaction/naturalistic/dev/video/V03_S0120_I00000131_P1264.mp4,https://dl.fbaipublicfiles.com/seamless_interaction/naturalistic/dev/video/V03_S0120_I00000131_P1265.mp4,https://dl.fbaipublicfiles.com/seamless_interaction/naturalistic/dev/metadata/vad/V03_S0120_I00000131_P1264.jsonl,https://dl.fbaipublicfiles.com/seamless_interaction/naturalistic/dev/metadata/vad/V03_S0120_I00000131_P1265.jsonl
train,train,V03_S0132_I00000125,V03,0132,00000125,ipc_conversation,naturalistic,single,stranger,stranger,V03_S0132_I00000125_P1274,V03_S0132_I00000125_P1288,P1274,P1288,https://dl.fbaipublicfiles.com/seamless_interaction/naturalistic/train/audio/V03_S0132_I00000125_P1274.wav,https://dl.fbaipublicfiles.com/seamless_interaction/naturalistic/train/audio/V03_S0132_I00000125_P1288.wav,https://dl.fbaipublicfiles.com/seamless_interaction/naturalistic/train/video/V03_S0132_I00000125_P1274.mp4,https://dl.fbaipublicfiles.com/seamless_interaction/naturalistic/train/video/V03_S0132_I00000125_P1288.mp4,https://dl.fbaipublicfiles.com/seamless_interaction/naturalistic/train/metadata/vad/V03_S0132_I00000125_P1274.jsonl,https://dl.fbaipublicfiles.com/seamless_interaction/naturalistic/train/metadata/vad/V03_S0132_I00000125_P1288.jsonl
train,train,V03_S0132_I00000127,V03,0132,00000127,ipc_conversation,naturalistic,single,stranger,stranger,V03_S0132_I00000127_P1274,V03_S0132_I00000127_P1288,P1274,P1288,https://dl.fbaipublicfiles.com/seamless_interaction/naturalistic/train/audio/V03_S0132_I00000127_P1274.wav,https://dl.fbaipublicfiles.com/seamless_interaction/naturalistic/train/audio/V03_S0132_I00000127_P1288.wav,https://dl.fbaipublicfiles.com/seamless_interaction/naturalistic/train/video/V03_S0132_I00000127_P1274.mp4,https://dl.fbaipublicfiles.com/seamless_interaction/naturalistic/train/video/V03_S0132_I00000127_P1288.mp4,https://dl.fbaipublicfiles.com/seamless_interaction/naturalistic/train/metadata/vad/V03_S0132_I00000127_P1274.jsonl,https://dl.fbaipublicfiles.com/seamless_interaction/naturalistic/train/metadata/vad/V03_S0132_I00000127_P1288.jsonl
train,train,V03_S0132_I00000130,V03,0132,00000130,ipc_conversation,naturalistic,single,stranger,stranger,V03_S0132_I00000130_P1274,V03_S0132_I00000130_P1288,P1274,P1288,https://dl.fbaipublicfiles.com/seamless_interaction/naturalistic/train/audio/V03_S0132_I00000130_P1274.wav,https://dl.fbaipublicfiles.com/seamless_interaction/naturalistic/train/audio/V03_S0132_I00000130_P1288.wav,https://dl.fbaipublicfiles.com/seamless_interaction/naturalistic/train/video/V03_S0132_I00000130_P1274.mp4,https://dl.fbaipublicfiles.com/seamless_interaction/naturalistic/train/video/V03_S0132_I00000130_P1288.mp4,https://dl.fbaipublicfiles.com/seamless_interaction/naturalistic/train/metadata/vad/V03_S0132_I00000130_P1274.jsonl,https://dl.fbaipublicfiles.com/seamless_interaction/naturalistic/train/metadata/vad/V03_S0132_I00000130_P1288.jsonl
train,train,V03_S0132_I00000131,V03,0132,00000131,ipc_conversation,naturalistic,single,stranger,stranger,V03_S0132_I00000131_P1274,V03_S0132_I00000131_P1288,P1274,P1288,https://dl.fbaipublicfiles.com/seamless_interaction/naturalistic/train/audio/V03_S0132_I00000131_P1274.wav,https://dl.fbaipublicfiles.com/seamless_interaction/naturalistic/train/audio/V03_S0132_I00000131_P1288.wav,https://dl.fbaipublicfiles.com/seamless_interaction/naturalistic/train/video/V03_S0132_I00000131_P1274.mp4,https://dl.fbaipublicfiles.com/seamless_interaction/naturalistic/train/video/V03_S0132_I00000131_P1288.mp4,https://dl.fbaipublicfiles.com/seamless_interaction/naturalistic/train/metadata/vad/V03_S0132_I00000131_P1274.jsonl,https://dl.fbaipublicfiles.com/seamless_interaction/naturalistic/train/metadata/vad/V03_S0132_I00000131_P1288.jsonl
train,train,V03_S0132_I00000134,V03,0132,00000134,ipc_conversation,naturalistic,single,stranger,stranger,V03_S0132_I00000134_P1274,V03_S0132_I00000134_P1288,P1274,P1288,https://dl.fbaipublicfiles.com/seamless_interaction/naturalistic/train/audio/V03_S0132_I00000134_P1274.wav,https://dl.fbaipublicfiles.com/seamless_interaction/naturalistic/train/audio/V03_S0132_I00000134_P1288.wav,https://dl.fbaipublicfiles.com/seamless_interaction/naturalistic/train/video/V03_S0132_I00000134_P1274.mp4,https://dl.fbaipublicfiles.com/seamless_interaction/naturalistic/train/video/V03_S0132_I00000134_P1288.mp4,https://dl.fbaipublicfiles.com/seamless_interaction/naturalistic/train/metadata/vad/V03_S0132_I00000134_P1274.jsonl,https://dl.fbaipublicfiles.com/seamless_interaction/naturalistic/train/metadata/vad/V03_S0132_I00000134_P1288.jsonl
train,train,V03_S0132_I00000138,V03,0132,00000138,ipc_conversation,naturalistic,single,stranger,stranger,V03_S0132_I00000138_P1274,V03_S0132_I00000138_P1288,P1274,P1288,https://dl.fbaipublicfiles.com/seamless_interaction/naturalistic/train/audio/V03_S0132_I00000138_P1274.wav,https://dl.fbaipublicfiles.com/seamless_interaction/naturalistic/train/audio/V03_S0132_I00000138_P1288.wav,https://dl.fbaipublicfiles.com/seamless_interaction/naturalistic/train/video/V03_S0132_I00000138_P1274.mp4,https://dl.fbaipublicfiles.com/seamless_interaction/naturalistic/train/video/V03_S0132_I00000138_P1288.mp4,https://dl.fbaipublicfiles.com/seamless_interaction/naturalistic/train/metadata/vad/V03_S0132_I00000138_P1274.jsonl,https://dl.fbaipublicfiles.com/seamless_interaction/naturalistic/train/metadata/vad/V03_S0132_I00000138_P1288.jsonl
train,train,V03_S0132_I00000140,V03,0132,00000140,ipc_conversation,naturalistic,single,stranger,stranger,V03_S0132_I00000140_P1274,V03_S0132_I00000140_P1288,P1274,P1288,https://dl.fbaipublicfiles.com/seamless_interaction/naturalistic/train/audio/V03_S0132_I00000140_P1274.wav,https://dl.fbaipublicfiles.com/seamless_interaction/naturalistic/train/audio/V03_S0132_I00000140_P1288.wav,https://dl.fbaipublicfiles.com/seamless_interaction/naturalistic/train/video/V03_S0132_I00000140_P1274.mp4,https://dl.fbaipublicfiles.com/seamless_interaction/naturalistic/train/video/V03_S0132_I00000140_P1288.mp4,https://dl.fbaipublicfiles.com/seamless_interaction/naturalistic/train/metadata/vad/V03_S0132_I00000140_P1274.jsonl,https://dl.fbaipublicfiles.com/seamless_interaction/naturalistic/train/metadata/vad/V03_S0132_I00000140_P1288.jsonl
train,train,V03_S0132_I00000307,V03,0132,00000307,ipc_conversation,naturalistic,single,stranger,stranger,V03_S0132_I00000307_P1274,V03_S0132_I00000307_P1288,P1274,P1288,https://dl.fbaipublicfiles.com/seamless_interaction/naturalistic/train/audio/V03_S0132_I00000307_P1274.wav,https://dl.fbaipublicfiles.com/seamless_interaction/naturalistic/train/audio/V03_S0132_I00000307_P1288.wav,https://dl.fbaipublicfiles.com/seamless_interaction/naturalistic/train/video/V03_S0132_I00000307_P1274.mp4,https://dl.fbaipublicfiles.com/seamless_interaction/naturalistic/train/video/V03_S0132_I00000307_P1288.mp4,https://dl.fbaipublicfiles.com/seamless_interaction/naturalistic/train/metadata/vad/V03_S0132_I00000307_P1274.jsonl,https://dl.fbaipublicfiles.com/seamless_interaction/naturalistic/train/metadata/vad/V03_S0132_I00000307_P1288.jsonl
train,train,V03_S0134_I00000128,V03,0134,00000128,ipc_conversation,naturalistic,single,stranger,stranger,V03_S0134_I00000128_P1288,V03_S0134_I00000128_P1293,P1288,P1293,https://dl.fbaipublicfiles.com/seamless_interaction/naturalistic/train/audio/V03_S0134_I00000128_P1288.wav,https://dl.fbaipublicfiles.com/seamless_interaction/naturalistic/train/audio/V03_S0134_I00000128_P1293.wav,https://dl.fbaipublicfiles.com/seamless_interaction/naturalistic/train/video/V03_S0134_I00000128_P1288.mp4,https://dl.fbaipublicfiles.com/seamless_interaction/naturalistic/train/video/V03_S0134_I00000128_P1293.mp4,https://dl.fbaipublicfiles.com/seamless_interaction/naturalistic/train/metadata/vad/V03_S0134_I00000128_P1288.jsonl,https://dl.fbaipublicfiles.com/seamless_interaction/naturalistic/train/metadata/vad/V03_S0134_I00000128_P1293.jsonl
train,train,V03_S0134_I00000130,V03,0134,00000130,ipc_conversation,naturalistic,single,stranger,stranger,V03_S0134_I00000130_P1288,V03_S0134_I00000130_P1293,P1288,P1293,https://dl.fbaipublicfiles.com/seamless_interaction/naturalistic/train/audio/V03_S0134_I00000130_P1288.wav,https://dl.fbaipublicfiles.com/seamless_interaction/naturalistic/train/audio/V03_S0134_I00000130_P1293.wav,https://dl.fbaipublicfiles.com/seamless_interaction/naturalistic/train/video/V03_S0134_I00000130_P1288.mp4,https://dl.fbaipublicfiles.com/seamless_interaction/naturalistic/train/video/V03_S0134_I00000130_P1293.mp4,https://dl.fbaipublicfiles.com/seamless_interaction/naturalistic/train/metadata/vad/V03_S0134_I00000130_P1288.jsonl,https://dl.fbaipublicfiles.com/seamless_interaction/naturalistic/train/metadata/vad/V03_S0134_I00000130_P1293.jsonl
train,train,V03_S0134_I00000132,V03,0134,00000132,ipc_conversation,naturalistic,single,stranger,stranger,V03_S0134_I00000132_P1288,V03_S0134_I00000132_P1293,P1288,P1293,https://dl.fbaipublicfiles.com/seamless_interaction/naturalistic/train/audio/V03_S0134_I00000132_P1288.wav,https://dl.fbaipublicfiles.com/seamless_interaction/naturalistic/train/audio/V03_S0134_I00000132_P1293.wav,https://dl.fbaipublicfiles.com/seamless_interaction/naturalistic/train/video/V03_S0134_I00000132_P1288.mp4,https://dl.fbaipublicfiles.com/seamless_interaction/naturalistic/train/video/V03_S0134_I00000132_P1293.mp4,https://dl.fbaipublicfiles.com/seamless_interaction/naturalistic/train/metadata/vad/V03_S0134_I00000132_P1288.jsonl,https://dl.fbaipublicfiles.com/seamless_interaction/naturalistic/train/metadata/vad/V03_S0134_I00000132_P1293.jsonl
train,train,V03_S0134_I00000138,V03,0134,00000138,ipc_conversation,naturalistic,single,stranger,stranger,V03_S0134_I00000138_P1288,V03_S0134_I00000138_P1293,P1288,P1293,https://dl.fbaipublicfiles.com/seamless_interaction/naturalistic/train/audio/V03_S0134_I00000138_P1288.wav,https://dl.fbaipublicfiles.com/seamless_interaction/naturalistic/train/audio/V03_S0134_I00000138_P1293.wav,https://dl.fbaipublicfiles.com/seamless_interaction/naturalistic/train/video/V03_S0134_I00000138_P1288.mp4,https://dl.fbaipublicfiles.com/seamless_interaction/naturalistic/train/video/V03_S0134_I00000138_P1293.mp4,https://dl.fbaipublicfiles.com/seamless_interaction/naturalistic/train/metadata/vad/V03_S0134_I00000138_P1288.jsonl,https://dl.fbaipublicfiles.com/seamless_interaction/naturalistic/train/metadata/vad/V03_S0134_I00000138_P1293.jsonl
train,train,V03_S0142_I00000126,V03,0142,00000126,ipc_conversation,naturalistic,single,stranger,stranger,V03_S0142_I00000126_P1308,V03_S0142_I00000126_P1309,P1308,P1309,https://dl.fbaipublicfiles.com/seamless_interaction/naturalistic/train/audio/V03_S0142_I00000126_P1308.wav,https://dl.fbaipublicfiles.com/seamless_interaction/naturalistic/train/audio/V03_S0142_I00000126_P1309.wav,https://dl.fbaipublicfiles.com/seamless_interaction/naturalistic/train/video/V03_S0142_I00000126_P1308.mp4,https://dl.fbaipublicfiles.com/seamless_interaction/naturalistic/train/video/V03_S0142_I00000126_P1309.mp4,https://dl.fbaipublicfiles.com/seamless_interaction/naturalistic/train/metadata/vad/V03_S0142_I00000126_P1308.jsonl,https://dl.fbaipublicfiles.com/seamless_interaction/naturalistic/train/metadata/vad/V03_S0142_I00000126_P1309.jsonl
train,train,V03_S0142_I00000128,V03,0142,00000128,ipc_conversation,naturalistic,single,stranger,stranger,V03_S0142_I00000128_P1308,V03_S0142_I00000128_P1309,P1308,P1309,https://dl.fbaipublicfiles.com/seamless_interaction/naturalistic/train/audio/V03_S0142_I00000128_P1308.wav,https://dl.fbaipublicfiles.com/seamless_interaction/naturalistic/train/audio/V03_S0142_I00000128_P1309.wav,https://dl.fbaipublicfiles.com/seamless_interaction/naturalistic/train/video/V03_S0142_I00000128_P1308.mp4,https://dl.fbaipublicfiles.com/seamless_interaction/naturalistic/train/video/V03_S0142_I00000128_P1309.mp4,https://dl.fbaipublicfiles.com/seamless_interaction/naturalistic/train/metadata/vad/V03_S0142_I00000128_P1308.jsonl,https://dl.fbaipublicfiles.com/seamless_interaction/naturalistic/train/metadata/vad/V03_S0142_I00000128_P1309.jsonl
train,train,V03_S0145_I00000126,V03,0145,00000126,ipc_conversation,naturalistic,single,stranger,stranger,V03_S0145_I00000126_P1291,V03_S0145_I00000126_P1313,P1291,P1313,https://dl.fbaipublicfiles.com/seamless_interaction/naturalistic/train/audio/V03_S0145_I00000126_P1291.wav,https://dl.fbaipublicfiles.com/seamless_interaction/naturalistic/train/audio/V03_S0145_I00000126_P1313.wav,https://dl.fbaipublicfiles.com/seamless_interaction/naturalistic/train/video/V03_S0145_I00000126_P1291.mp4,https://dl.fbaipublicfiles.com/seamless_interaction/naturalistic/train/video/V03_S0145_I00000126_P1313.mp4,https://dl.fbaipublicfiles.com/seamless_interaction/naturalistic/train/metadata/vad/V03_S0145_I00000126_P1291.jsonl,https://dl.fbaipublicfiles.com/seamless_interaction/naturalistic/train/metadata/vad/V03_S0145_I00000126_P1313.jsonl
train,train,V03_S0145_I00000127,V03,0145,00000127,ipc_conversation,naturalistic,single,stranger,stranger,V03_S0145_I00000127_P1291,V03_S0145_I00000127_P1313,P1291,P1313,https://dl.fbaipublicfiles.com/seamless_interaction/naturalistic/train/audio/V03_S0145_I00000127_P1291.wav,https://dl.fbaipublicfiles.com/seamless_interaction/naturalistic/train/audio/V03_S0145_I00000127_P1313.wav,https://dl.fbaipublicfiles.com/seamless_interaction/naturalistic/train/video/V03_S0145_I00000127_P1291.mp4,https://dl.fbaipublicfiles.com/seamless_interaction/naturalistic/train/video/V03_S0145_I00000127_P1313.mp4,https://dl.fbaipublicfiles.com/seamless_interaction/naturalistic/train/metadata/vad/V03_S0145_I00000127_P1291.jsonl,https://dl.fbaipublicfiles.com/seamless_interaction/naturalistic/train/metadata/vad/V03_S0145_I00000127_P1313.jsonl
train,train,V03_S0145_I00000130,V03,0145,00000130,ipc_conversation,naturalistic,single,stranger,stranger,V03_S0145_I00000130_P1291,V03_S0145_I00000130_P1313,P1291,P1313,https://dl.fbaipublicfiles.com/seamless_interaction/naturalistic/train/audio/V03_S0145_I00000130_P1291.wav,https://dl.fbaipublicfiles.com/seamless_interaction/naturalistic/train/audio/V03_S0145_I00000130_P1313.wav,https://dl.fbaipublicfiles.com/seamless_interaction/naturalistic/train/video/V03_S0145_I00000130_P1291.mp4,https://dl.fbaipublicfiles.com/seamless_interaction/naturalistic/train/video/V03_S0145_I00000130_P1313.mp4,https://dl.fbaipublicfiles.com/seamless_interaction/naturalistic/train/metadata/vad/V03_S0145_I00000130_P1291.jsonl,https://dl.fbaipublicfiles.com/seamless_interaction/naturalistic/train/metadata/vad/V03_S0145_I00000130_P1313.jsonl
train,train,V03_S0145_I00000137,V03,0145,00000137,ipc_conversation,naturalistic,single,stranger,stranger,V03_S0145_I00000137_P1291,V03_S0145_I00000137_P1313,P1291,P1313,https://dl.fbaipublicfiles.com/seamless_interaction/naturalistic/train/audio/V03_S0145_I00000137_P1291.wav,https://dl.fbaipublicfiles.com/seamless_interaction/naturalistic/train/audio/V03_S0145_I00000137_P1313.wav,https://dl.fbaipublicfiles.com/seamless_interaction/naturalistic/train/video/V03_S0145_I00000137_P1291.mp4,https://dl.fbaipublicfiles.com/seamless_interaction/naturalistic/train/video/V03_S0145_I00000137_P1313.mp4,https://dl.fbaipublicfiles.com/seamless_interaction/naturalistic/train/metadata/vad/V03_S0145_I00000137_P1291.jsonl,https://dl.fbaipublicfiles.com/seamless_interaction/naturalistic/train/metadata/vad/V03_S0145_I00000137_P1313.jsonl
train,train,V03_S0145_I00000307,V03,0145,00000307,ipc_conversation,naturalistic,both,stranger,stranger,V03_S0145_I00000307_P1291,V03_S0145_I00000307_P1313,P1291,P1313,https://dl.fbaipublicfiles.com/seamless_interaction/naturalistic/train/audio/V03_S0145_I00000307_P1291.wav,https://dl.fbaipublicfiles.com/seamless_interaction/naturalistic/train/audio/V03_S0145_I00000307_P1313.wav,https://dl.fbaipublicfiles.com/seamless_interaction/naturalistic/train/video/V03_S0145_I00000307_P1291.mp4,https://dl.fbaipublicfiles.com/seamless_interaction/naturalistic/train/video/V03_S0145_I00000307_P1313.mp4,https://dl.fbaipublicfiles.com/seamless_interaction/naturalistic/train/metadata/vad/V03_S0145_I00000307_P1291.jsonl,https://dl.fbaipublicfiles.com/seamless_interaction/naturalistic/train/metadata/vad/V03_S0145_I00000307_P1313.jsonl
train,train,V03_S0146_I00000371,V03,0146,00000371,ipc_conversation,naturalistic,single,stranger,stranger,V03_S0146_I00000371_P1208,V03_S0146_I00000371_P1315,P1208,P1315,https://dl.fbaipublicfiles.com/seamless_interaction/naturalistic/train/audio/V03_S0146_I00000371_P1208.wav,https://dl.fbaipublicfiles.com/seamless_interaction/naturalistic/train/audio/V03_S0146_I00000371_P1315.wav,https://dl.fbaipublicfiles.com/seamless_interaction/naturalistic/train/video/V03_S0146_I00000371_P1208.mp4,https://dl.fbaipublicfiles.com/seamless_interaction/naturalistic/train/video/V03_S0146_I00000371_P1315.mp4,https://dl.fbaipublicfiles.com/seamless_interaction/naturalistic/train/metadata/vad/V03_S0146_I00000371_P1208.jsonl,https://dl.fbaipublicfiles.com/seamless_interaction/naturalistic/train/metadata/vad/V03_S0146_I00000371_P1315.jsonl
train,train,V03_S0146_I00000373,V03,0146,00000373,ipc_conversation,naturalistic,single,stranger,stranger,V03_S0146_I00000373_P1208,V03_S0146_I00000373_P1315,P1208,P1315,https://dl.fbaipublicfiles.com/seamless_interaction/naturalistic/train/audio/V03_S0146_I00000373_P1208.wav,https://dl.fbaipublicfiles.com/seamless_interaction/naturalistic/train/audio/V03_S0146_I00000373_P1315.wav,https://dl.fbaipublicfiles.com/seamless_interaction/naturalistic/train/video/V03_S0146_I00000373_P1208.mp4,https://dl.fbaipublicfiles.com/seamless_interaction/naturalistic/train/video/V03_S0146_I00000373_P1315.mp4,https://dl.fbaipublicfiles.com/seamless_interaction/naturalistic/train/metadata/vad/V03_S0146_I00000373_P1208.jsonl,https://dl.fbaipublicfiles.com/seamless_interaction/naturalistic/train/metadata/vad/V03_S0146_I00000373_P1315.jsonl
train,train,V03_S0154_I00000127,V03,0154,00000127,ipc_conversation,naturalistic,single,stranger,stranger,V03_S0154_I00000127_P1330,V03_S0154_I00000127_P1331,P1330,P1331,https://dl.fbaipublicfiles.com/seamless_interaction/naturalistic/train/audio/V03_S0154_I00000127_P1330.wav,https://dl.fbaipublicfiles.com/seamless_interaction/naturalistic/train/audio/V03_S0154_I00000127_P1331.wav,https://dl.fbaipublicfiles.com/seamless_interaction/naturalistic/train/video/V03_S0154_I00000127_P1330.mp4,https://dl.fbaipublicfiles.com/seamless_interaction/naturalistic/train/video/V03_S0154_I00000127_P1331.mp4,https://dl.fbaipublicfiles.com/seamless_interaction/naturalistic/train/metadata/vad/V03_S0154_I00000127_P1330.jsonl,https://dl.fbaipublicfiles.com/seamless_interaction/naturalistic/train/metadata/vad/V03_S0154_I00000127_P1331.jsonl
train,train,V03_S0154_I00000128,V03,0154,00000128,ipc_conversation,naturalistic,single,stranger,stranger,V03_S0154_I00000128_P1330,V03_S0154_I00000128_P1331,P1330,P1331,https://dl.fbaipublicfiles.com/seamless_interaction/naturalistic/train/audio/V03_S0154_I00000128_P1330.wav,https://dl.fbaipublicfiles.com/seamless_interaction/naturalistic/train/audio/V03_S0154_I00000128_P1331.wav,https://dl.fbaipublicfiles.com/seamless_interaction/naturalistic/train/video/V03_S0154_I00000128_P1330.mp4,https://dl.fbaipublicfiles.com/seamless_interaction/naturalistic/train/video/V03_S0154_I00000128_P1331.mp4,https://dl.fbaipublicfiles.com/seamless_interaction/naturalistic/train/metadata/vad/V03_S0154_I00000128_P1330.jsonl,https://dl.fbaipublicfiles.com/seamless_interaction/naturalistic/train/metadata/vad/V03_S0154_I00000128_P1331.jsonl
train,train,V03_S0154_I00000131,V03,0154,00000131,ipc_conversation,naturalistic,single,stranger,stranger,V03_S0154_I00000131_P1330,V03_S0154_I00000131_P1331,P1330,P1331,https://dl.fbaipublicfiles.com/seamless_interaction/naturalistic/train/audio/V03_S0154_I00000131_P1330.wav,https://dl.fbaipublicfiles.com/seamless_interaction/naturalistic/train/audio/V03_S0154_I00000131_P1331.wav,https://dl.fbaipublicfiles.com/seamless_interaction/naturalistic/train/video/V03_S0154_I00000131_P1330.mp4,https://dl.fbaipublicfiles.com/seamless_interaction/naturalistic/train/video/V03_S0154_I00000131_P1331.mp4,https://dl.fbaipublicfiles.com/seamless_interaction/naturalistic/train/metadata/vad/V03_S0154_I00000131_P1330.jsonl,https://dl.fbaipublicfiles.com/seamless_interaction/naturalistic/train/metadata/vad/V03_S0154_I00000131_P1331.jsonl
train,train,V03_S0154_I00000307,V03,0154,00000307,ipc_conversation,naturalistic,single,stranger,stranger,V03_S0154_I00000307_P1330,V03_S0154_I00000307_P1331,P1330,P1331,https://dl.fbaipublicfiles.com/seamless_interaction/naturalistic/train/audio/V03_S0154_I00000307_P1330.wav,https://dl.fbaipublicfiles.com/seamless_interaction/naturalistic/train/audio/V03_S0154_I00000307_P1331.wav,https://dl.fbaipublicfiles.com/seamless_interaction/naturalistic/train/video/V03_S0154_I00000307_P1330.mp4,https://dl.fbaipublicfiles.com/seamless_interaction/naturalistic/train/video/V03_S0154_I00000307_P1331.mp4,https://dl.fbaipublicfiles.com/seamless_interaction/naturalistic/train/metadata/vad/V03_S0154_I00000307_P1330.jsonl,https://dl.fbaipublicfiles.com/seamless_interaction/naturalistic/train/metadata/vad/V03_S0154_I00000307_P1331.jsonl
train,train,V03_S0155_I00000135,V03,0155,00000135,collaborative_storytelling,naturalistic,single,stranger,stranger,V03_S0155_I00000135_P1274,V03_S0155_I00000135_P1332,P1274,P1332,https://dl.fbaipublicfiles.com/seamless_interaction/naturalistic/train/audio/V03_S0155_I00000135_P1274.wav,https://dl.fbaipublicfiles.com/seamless_interaction/naturalistic/train/audio/V03_S0155_I00000135_P1332.wav,https://dl.fbaipublicfiles.com/seamless_interaction/naturalistic/train/video/V03_S0155_I00000135_P1274.mp4,https://dl.fbaipublicfiles.com/seamless_interaction/naturalistic/train/video/V03_S0155_I00000135_P1332.mp4,https://dl.fbaipublicfiles.com/seamless_interaction/naturalistic/train/metadata/vad/V03_S0155_I00000135_P1274.jsonl,https://dl.fbaipublicfiles.com/seamless_interaction/naturalistic/train/metadata/vad/V03_S0155_I00000135_P1332.jsonl
train,train,V03_S0155_I00000138,V03,0155,00000138,ipc_conversation,naturalistic,single,stranger,stranger,V03_S0155_I00000138_P1274,V03_S0155_I00000138_P1332,P1274,P1332,https://dl.fbaipublicfiles.com/seamless_interaction/naturalistic/train/audio/V03_S0155_I00000138_P1274.wav,https://dl.fbaipublicfiles.com/seamless_interaction/naturalistic/train/audio/V03_S0155_I00000138_P1332.wav,https://dl.fbaipublicfiles.com/seamless_interaction/naturalistic/train/video/V03_S0155_I00000138_P1274.mp4,https://dl.fbaipublicfiles.com/seamless_interaction/naturalistic/train/video/V03_S0155_I00000138_P1332.mp4,https://dl.fbaipublicfiles.com/seamless_interaction/naturalistic/train/metadata/vad/V03_S0155_I00000138_P1274.jsonl,https://dl.fbaipublicfiles.com/seamless_interaction/naturalistic/train/metadata/vad/V03_S0155_I00000138_P1332.jsonl
train,train,V03_S0155_I00000371,V03,0155,00000371,ipc_conversation,naturalistic,single,stranger,stranger,V03_S0155_I00000371_P1274,V03_S0155_I00000371_P1332,P1274,P1332,https://dl.fbaipublicfiles.com/seamless_interaction/naturalistic/train/audio/V03_S0155_I00000371_P1274.wav,https://dl.fbaipublicfiles.com/seamless_interaction/naturalistic/train/audio/V03_S0155_I00000371_P1332.wav,https://dl.fbaipublicfiles.com/seamless_interaction/naturalistic/train/video/V03_S0155_I00000371_P1274.mp4,https://dl.fbaipublicfiles.com/seamless_interaction/naturalistic/train/video/V03_S0155_I00000371_P1332.mp4,https://dl.fbaipublicfiles.com/seamless_interaction/naturalistic/train/metadata/vad/V03_S0155_I00000371_P1274.jsonl,https://dl.fbaipublicfiles.com/seamless_interaction/naturalistic/train/metadata/vad/V03_S0155_I00000371_P1332.jsonl
train,train,V03_S0155_I00000372,V03,0155,00000372,ipc_conversation,naturalistic,both,stranger,stranger,V03_S0155_I00000372_P1274,V03_S0155_I00000372_P1332,P1274,P1332,https://dl.fbaipublicfiles.com/seamless_interaction/naturalistic/train/audio/V03_S0155_I00000372_P1274.wav,https://dl.fbaipublicfiles.com/seamless_interaction/naturalistic/train/audio/V03_S0155_I00000372_P1332.wav,https://dl.fbaipublicfiles.com/seamless_interaction/naturalistic/train/video/V03_S0155_I00000372_P1274.mp4,https://dl.fbaipublicfiles.com/seamless_interaction/naturalistic/train/video/V03_S0155_I00000372_P1332.mp4,https://dl.fbaipublicfiles.com/seamless_interaction/naturalistic/train/metadata/vad/V03_S0155_I00000372_P1274.jsonl,https://dl.fbaipublicfiles.com/seamless_interaction/naturalistic/train/metadata/vad/V03_S0155_I00000372_P1332.jsonl
train,train,V03_S0155_I00000375,V03,0155,00000375,ipc_conversation,naturalistic,single,stranger,stranger,V03_S0155_I00000375_P1274,V03_S0155_I00000375_P1332,P1274,P1332,https://dl.fbaipublicfiles.com/seamless_interaction/naturalistic/train/audio/V03_S0155_I00000375_P1274.wav,https://dl.fbaipublicfiles.com/seamless_interaction/naturalistic/train/audio/V03_S0155_I00000375_P1332.wav,https://dl.fbaipublicfiles.com/seamless_interaction/naturalistic/train/video/V03_S0155_I00000375_P1274.mp4,https://dl.fbaipublicfiles.com/seamless_interaction/naturalistic/train/video/V03_S0155_I00000375_P1332.mp4,https://dl.fbaipublicfiles.com/seamless_interaction/naturalistic/train/metadata/vad/V03_S0155_I00000375_P1274.jsonl,https://dl.fbaipublicfiles.com/seamless_interaction/naturalistic/train/metadata/vad/V03_S0155_I00000375_P1332.jsonl
train,train,V03_S0158_I00000125,V03,0158,00000125,ipc_conversation,naturalistic,single,familiar,familiar-generic,V03_S0158_I00000125_P1313,V03_S0158_I00000125_P1340,P1313,P1340,https://dl.fbaipublicfiles.com/seamless_interaction/naturalistic/train/audio/V03_S0158_I00000125_P1313.wav,https://dl.fbaipublicfiles.com/seamless_interaction/naturalistic/train/audio/V03_S0158_I00000125_P1340.wav,https://dl.fbaipublicfiles.com/seamless_interaction/naturalistic/train/video/V03_S0158_I00000125_P1313.mp4,https://dl.fbaipublicfiles.com/seamless_interaction/naturalistic/train/video/V03_S0158_I00000125_P1340.mp4,https://dl.fbaipublicfiles.com/seamless_interaction/naturalistic/train/metadata/vad/V03_S0158_I00000125_P1313.jsonl,https://dl.fbaipublicfiles.com/seamless_interaction/naturalistic/train/metadata/vad/V03_S0158_I00000125_P1340.jsonl
train,train,V03_S0158_I00000138,V03,0158,00000138,ipc_conversation,naturalistic,single,familiar,familiar-generic,V03_S0158_I00000138_P1313,V03_S0158_I00000138_P1340,P1313,P1340,https://dl.fbaipublicfiles.com/seamless_interaction/naturalistic/train/audio/V03_S0158_I00000138_P1313.wav,https://dl.fbaipublicfiles.com/seamless_interaction/naturalistic/train/audio/V03_S0158_I00000138_P1340.wav,https://dl.fbaipublicfiles.com/seamless_interaction/naturalistic/train/video/V03_S0158_I00000138_P1313.mp4,https://dl.fbaipublicfiles.com/seamless_interaction/naturalistic/train/video/V03_S0158_I00000138_P1340.mp4,https://dl.fbaipublicfiles.com/seamless_interaction/naturalistic/train/metadata/vad/V03_S0158_I00000138_P1313.jsonl,https://dl.fbaipublicfiles.com/seamless_interaction/naturalistic/train/metadata/vad/V03_S0158_I00000138_P1340.jsonl
train,train,V03_S0162_I00000135,V03,0162,00000135,collaborative_storytelling,naturalistic,single,stranger,stranger,V03_S0162_I00000135_P1293,V03_S0162_I00000135_P1343,P1293,P1343,https://dl.fbaipublicfiles.com/seamless_interaction/naturalistic/train/audio/V03_S0162_I00000135_P1293.wav,https://dl.fbaipublicfiles.com/seamless_interaction/naturalistic/train/audio/V03_S0162_I00000135_P1343.wav,https://dl.fbaipublicfiles.com/seamless_interaction/naturalistic/train/video/V03_S0162_I00000135_P1293.mp4,https://dl.fbaipublicfiles.com/seamless_interaction/naturalistic/train/video/V03_S0162_I00000135_P1343.mp4,https://dl.fbaipublicfiles.com/seamless_interaction/naturalistic/train/metadata/vad/V03_S0162_I00000135_P1293.jsonl,https://dl.fbaipublicfiles.com/seamless_interaction/naturalistic/train/metadata/vad/V03_S0162_I00000135_P1343.jsonl
train,train,V03_S0162_I00000477,V03,0162,00000477,ipc_conversation,naturalistic,single,stranger,stranger,V03_S0162_I00000477_P1293,V03_S0162_I00000477_P1343,P1293,P1343,https://dl.fbaipublicfiles.com/seamless_interaction/naturalistic/train/audio/V03_S0162_I00000477_P1293.wav,https://dl.fbaipublicfiles.com/seamless_interaction/naturalistic/train/audio/V03_S0162_I00000477_P1343.wav,https://dl.fbaipublicfiles.com/seamless_interaction/naturalistic/train/video/V03_S0162_I00000477_P1293.mp4,https://dl.fbaipublicfiles.com/seamless_interaction/naturalistic/train/video/V03_S0162_I00000477_P1343.mp4,https://dl.fbaipublicfiles.com/seamless_interaction/naturalistic/train/metadata/vad/V03_S0162_I00000477_P1293.jsonl,https://dl.fbaipublicfiles.com/seamless_interaction/naturalistic/train/metadata/vad/V03_S0162_I00000477_P1343.jsonl
train,train,V03_S0162_I00000478,V03,0162,00000478,ipc_conversation,naturalistic,single,stranger,stranger,V03_S0162_I00000478_P1293,V03_S0162_I00000478_P1343,P1293,P1343,https://dl.fbaipublicfiles.com/seamless_interaction/naturalistic/train/audio/V03_S0162_I00000478_P1293.wav,https://dl.fbaipublicfiles.com/seamless_interaction/naturalistic/train/audio/V03_S0162_I00000478_P1343.wav,https://dl.fbaipublicfiles.com/seamless_interaction/naturalistic/train/video/V03_S0162_I00000478_P1293.mp4,https://dl.fbaipublicfiles.com/seamless_interaction/naturalistic/train/video/V03_S0162_I00000478_P1343.mp4,https://dl.fbaipublicfiles.com/seamless_interaction/naturalistic/train/metadata/vad/V03_S0162_I00000478_P1293.jsonl,https://dl.fbaipublicfiles.com/seamless_interaction/naturalistic/train/metadata/vad/V03_S0162_I00000478_P1343.jsonl
train,train,V03_S0162_I00000482,V03,0162,00000482,ipc_conversation,naturalistic,single,stranger,stranger,V03_S0162_I00000482_P1293,V03_S0162_I00000482_P1343,P1293,P1343,https://dl.fbaipublicfiles.com/seamless_interaction/naturalistic/train/audio/V03_S0162_I00000482_P1293.wav,https://dl.fbaipublicfiles.com/seamless_interaction/naturalistic/train/audio/V03_S0162_I00000482_P1343.wav,https://dl.fbaipublicfiles.com/seamless_interaction/naturalistic/train/video/V03_S0162_I00000482_P1293.mp4,https://dl.fbaipublicfiles.com/seamless_interaction/naturalistic/train/video/V03_S0162_I00000482_P1343.mp4,https://dl.fbaipublicfiles.com/seamless_interaction/naturalistic/train/metadata/vad/V03_S0162_I00000482_P1293.jsonl,https://dl.fbaipublicfiles.com/seamless_interaction/naturalistic/train/metadata/vad/V03_S0162_I00000482_P1343.jsonl
train,train,V03_S0162_I00000500,V03,0162,00000500,ipc_conversation,naturalistic,single,stranger,stranger,V03_S0162_I00000500_P1293,V03_S0162_I00000500_P1343,P1293,P1343,https://dl.fbaipublicfiles.com/seamless_interaction/naturalistic/train/audio/V03_S0162_I00000500_P1293.wav,https://dl.fbaipublicfiles.com/seamless_interaction/naturalistic/train/audio/V03_S0162_I00000500_P1343.wav,https://dl.fbaipublicfiles.com/seamless_interaction/naturalistic/train/video/V03_S0162_I00000500_P1293.mp4,https://dl.fbaipublicfiles.com/seamless_interaction/naturalistic/train/video/V03_S0162_I00000500_P1343.mp4,https://dl.fbaipublicfiles.com/seamless_interaction/naturalistic/train/metadata/vad/V03_S0162_I00000500_P1293.jsonl,https://dl.fbaipublicfiles.com/seamless_interaction/naturalistic/train/metadata/vad/V03_S0162_I00000500_P1343.jsonl
train,train,V03_S0166_I00000375,V03,0166,00000375,ipc_conversation,naturalistic,single,familiar,siblings,V03_S0166_I00000375_P1358,V03_S0166_I00000375_P1359,P1358,P1359,https://dl.fbaipublicfiles.com/seamless_interaction/naturalistic/train/audio/V03_S0166_I00000375_P1358.wav,https://dl.fbaipublicfiles.com/seamless_interaction/naturalistic/train/audio/V03_S0166_I00000375_P1359.wav,https://dl.fbaipublicfiles.com/seamless_interaction/naturalistic/train/video/V03_S0166_I00000375_P1358.mp4,https://dl.fbaipublicfiles.com/seamless_interaction/naturalistic/train/video/V03_S0166_I00000375_P1359.mp4,https://dl.fbaipublicfiles.com/seamless_interaction/naturalistic/train/metadata/vad/V03_S0166_I00000375_P1358.jsonl,https://dl.fbaipublicfiles.com/seamless_interaction/naturalistic/train/metadata/vad/V03_S0166_I00000375_P1359.jsonl
train,train,V03_S0176_I00000128,V03,0176,00000128,ipc_conversation,naturalistic,single,familiar,familiar-generic,V03_S0176_I00000128_P1259,V03_S0176_I00000128_P1378,P1259,P1378,https://dl.fbaipublicfiles.com/seamless_interaction/naturalistic/train/audio/V03_S0176_I00000128_P1259.wav,https://dl.fbaipublicfiles.com/seamless_interaction/naturalistic/train/audio/V03_S0176_I00000128_P1378.wav,https://dl.fbaipublicfiles.com/seamless_interaction/naturalistic/train/video/V03_S0176_I00000128_P1259.mp4,https://dl.fbaipublicfiles.com/seamless_interaction/naturalistic/train/video/V03_S0176_I00000128_P1378.mp4,https://dl.fbaipublicfiles.com/seamless_interaction/naturalistic/train/metadata/vad/V03_S0176_I00000128_P1259.jsonl,https://dl.fbaipublicfiles.com/seamless_interaction/naturalistic/train/metadata/vad/V03_S0176_I00000128_P1378.jsonl
train,train,V03_S0176_I00000134,V03,0176,00000134,ipc_conversation,naturalistic,single,familiar,familiar-generic,V03_S0176_I00000134_P1259,V03_S0176_I00000134_P1378,P1259,P1378,https://dl.fbaipublicfiles.com/seamless_interaction/naturalistic/train/audio/V03_S0176_I00000134_P1259.wav,https://dl.fbaipublicfiles.com/seamless_interaction/naturalistic/train/audio/V03_S0176_I00000134_P1378.wav,https://dl.fbaipublicfiles.com/seamless_interaction/naturalistic/train/video/V03_S0176_I00000134_P1259.mp4,https://dl.fbaipublicfiles.com/seamless_interaction/naturalistic/train/video/V03_S0176_I00000134_P1378.mp4,https://dl.fbaipublicfiles.com/seamless_interaction/naturalistic/train/metadata/vad/V03_S0176_I00000134_P1259.jsonl,https://dl.fbaipublicfiles.com/seamless_interaction/naturalistic/train/metadata/vad/V03_S0176_I00000134_P1378.jsonl
train,train,V03_S0176_I00000307,V03,0176,00000307,ipc_conversation,naturalistic,single,familiar,familiar-generic,V03_S0176_I00000307_P1259,V03_S0176_I00000307_P1378,P1259,P1378,https://dl.fbaipublicfiles.com/seamless_interaction/naturalistic/train/audio/V03_S0176_I00000307_P1259.wav,https://dl.fbaipublicfiles.com/seamless_interaction/naturalistic/train/audio/V03_S0176_I00000307_P1378.wav,https://dl.fbaipublicfiles.com/seamless_interaction/naturalistic/train/video/V03_S0176_I00000307_P1259.mp4,https://dl.fbaipublicfiles.com/seamless_interaction/naturalistic/train/video/V03_S0176_I00000307_P1378.mp4,https://dl.fbaipublicfiles.com/seamless_interaction/naturalistic/train/metadata/vad/V03_S0176_I00000307_P1259.jsonl,https://dl.fbaipublicfiles.com/seamless_interaction/naturalistic/train/metadata/vad/V03_S0176_I00000307_P1378.jsonl
train,train,V03_S0176_I00000313,V03,0176,00000313,ipc_conversation,naturalistic,single,familiar,familiar-generic,V03_S0176_I00000313_P1259,V03_S0176_I00000313_P1378,P1259,P1378,https://dl.fbaipublicfiles.com/seamless_interaction/naturalistic/train/audio/V03_S0176_I00000313_P1259.wav,https://dl.fbaipublicfiles.com/seamless_interaction/naturalistic/train/audio/V03_S0176_I00000313_P1378.wav,https://dl.fbaipublicfiles.com/seamless_interaction/naturalistic/train/video/V03_S0176_I00000313_P1259.mp4,https://dl.fbaipublicfiles.com/seamless_interaction/naturalistic/train/video/V03_S0176_I00000313_P1378.mp4,https://dl.fbaipublicfiles.com/seamless_interaction/naturalistic/train/metadata/vad/V03_S0176_I00000313_P1259.jsonl,https://dl.fbaipublicfiles.com/seamless_interaction/naturalistic/train/metadata/vad/V03_S0176_I00000313_P1378.jsonl
train,train,V03_S0176_I00000461,V03,0176,00000461,ipc_conversation,naturalistic,single,familiar,familiar-generic,V03_S0176_I00000461_P1259,V03_S0176_I00000461_P1378,P1259,P1378,https://dl.fbaipublicfiles.com/seamless_interaction/naturalistic/train/audio/V03_S0176_I00000461_P1259.wav,https://dl.fbaipublicfiles.com/seamless_interaction/naturalistic/train/audio/V03_S0176_I00000461_P1378.wav,https://dl.fbaipublicfiles.com/seamless_interaction/naturalistic/train/video/V03_S0176_I00000461_P1259.mp4,https://dl.fbaipublicfiles.com/seamless_interaction/naturalistic/train/video/V03_S0176_I00000461_P1378.mp4,https://dl.fbaipublicfiles.com/seamless_interaction/naturalistic/train/metadata/vad/V03_S0176_I00000461_P1259.jsonl,https://dl.fbaipublicfiles.com/seamless_interaction/naturalistic/train/metadata/vad/V03_S0176_I00000461_P1378.jsonl
train,train,V03_S0191_I00000126,V03,0191,00000126,ipc_conversation,naturalistic,single,stranger,stranger,V03_S0191_I00000126_P1388,V03_S0191_I00000126_P1407,P1388,P1407,https://dl.fbaipublicfiles.com/seamless_interaction/naturalistic/train/audio/V03_S0191_I00000126_P1388.wav,https://dl.fbaipublicfiles.com/seamless_interaction/naturalistic/train/audio/V03_S0191_I00000126_P1407.wav,https://dl.fbaipublicfiles.com/seamless_interaction/naturalistic/train/video/V03_S0191_I00000126_P1388.mp4,https://dl.fbaipublicfiles.com/seamless_interaction/naturalistic/train/video/V03_S0191_I00000126_P1407.mp4,https://dl.fbaipublicfiles.com/seamless_interaction/naturalistic/train/metadata/vad/V03_S0191_I00000126_P1388.jsonl,https://dl.fbaipublicfiles.com/seamless_interaction/naturalistic/train/metadata/vad/V03_S0191_I00000126_P1407.jsonl
train,train,V03_S0191_I00000130,V03,0191,00000130,ipc_conversation,naturalistic,single,stranger,stranger,V03_S0191_I00000130_P1388,V03_S0191_I00000130_P1407,P1388,P1407,https://dl.fbaipublicfiles.com/seamless_interaction/naturalistic/train/audio/V03_S0191_I00000130_P1388.wav,https://dl.fbaipublicfiles.com/seamless_interaction/naturalistic/train/audio/V03_S0191_I00000130_P1407.wav,https://dl.fbaipublicfiles.com/seamless_interaction/naturalistic/train/video/V03_S0191_I00000130_P1388.mp4,https://dl.fbaipublicfiles.com/seamless_interaction/naturalistic/train/video/V03_S0191_I00000130_P1407.mp4,https://dl.fbaipublicfiles.com/seamless_interaction/naturalistic/train/metadata/vad/V03_S0191_I00000130_P1388.jsonl,https://dl.fbaipublicfiles.com/seamless_interaction/naturalistic/train/metadata/vad/V03_S0191_I00000130_P1407.jsonl
train,train,V03_S0191_I00000135,V03,0191,00000135,collaborative_storytelling,naturalistic,single,stranger,stranger,V03_S0191_I00000135_P1388,V03_S0191_I00000135_P1407,P1388,P1407,https://dl.fbaipublicfiles.com/seamless_interaction/naturalistic/train/audio/V03_S0191_I00000135_P1388.wav,https://dl.fbaipublicfiles.com/seamless_interaction/naturalistic/train/audio/V03_S0191_I00000135_P1407.wav,https://dl.fbaipublicfiles.com/seamless_interaction/naturalistic/train/video/V03_S0191_I00000135_P1388.mp4,https://dl.fbaipublicfiles.com/seamless_interaction/naturalistic/train/video/V03_S0191_I00000135_P1407.mp4,https://dl.fbaipublicfiles.com/seamless_interaction/naturalistic/train/metadata/vad/V03_S0191_I00000135_P1388.jsonl,https://dl.fbaipublicfiles.com/seamless_interaction/naturalistic/train/metadata/vad/V03_S0191_I00000135_P1407.jsonl
train,train,V03_S0193_I00000371,V03,0193,00000371,ipc_conversation,naturalistic,both,stranger,stranger,V03_S0193_I00000371_P1288,V03_S0193_I00000371_P1425,P1288,P1425,https://dl.fbaipublicfiles.com/seamless_interaction/naturalistic/train/audio/V03_S0193_I00000371_P1288.wav,https://dl.fbaipublicfiles.com/seamless_interaction/naturalistic/train/audio/V03_S0193_I00000371_P1425.wav,https://dl.fbaipublicfiles.com/seamless_interaction/naturalistic/train/video/V03_S0193_I00000371_P1288.mp4,https://dl.fbaipublicfiles.com/seamless_interaction/naturalistic/train/video/V03_S0193_I00000371_P1425.mp4,https://dl.fbaipublicfiles.com/seamless_interaction/naturalistic/train/metadata/vad/V03_S0193_I00000371_P1288.jsonl,https://dl.fbaipublicfiles.com/seamless_interaction/naturalistic/train/metadata/vad/V03_S0193_I00000371_P1425.jsonl
train,train,V03_S0193_I00000373,V03,0193,00000373,ipc_conversation,naturalistic,single,stranger,stranger,V03_S0193_I00000373_P1288,V03_S0193_I00000373_P1425,P1288,P1425,https://dl.fbaipublicfiles.com/seamless_interaction/naturalistic/train/audio/V03_S0193_I00000373_P1288.wav,https://dl.fbaipublicfiles.com/seamless_interaction/naturalistic/train/audio/V03_S0193_I00000373_P1425.wav,https://dl.fbaipublicfiles.com/seamless_interaction/naturalistic/train/video/V03_S0193_I00000373_P1288.mp4,https://dl.fbaipublicfiles.com/seamless_interaction/naturalistic/train/video/V03_S0193_I00000373_P1425.mp4,https://dl.fbaipublicfiles.com/seamless_interaction/naturalistic/train/metadata/vad/V03_S0193_I00000373_P1288.jsonl,https://dl.fbaipublicfiles.com/seamless_interaction/naturalistic/train/metadata/vad/V03_S0193_I00000373_P1425.jsonl
train,train,V03_S0193_I00000374,V03,0193,00000374,ipc_conversation,naturalistic,single,stranger,stranger,V03_S0193_I00000374_P1288,V03_S0193_I00000374_P1425,P1288,P1425,https://dl.fbaipublicfiles.com/seamless_interaction/naturalistic/train/audio/V03_S0193_I00000374_P1288.wav,https://dl.fbaipublicfiles.com/seamless_interaction/naturalistic/train/audio/V03_S0193_I00000374_P1425.wav,https://dl.fbaipublicfiles.com/seamless_interaction/naturalistic/train/video/V03_S0193_I00000374_P1288.mp4,https://dl.fbaipublicfiles.com/seamless_interaction/naturalistic/train/video/V03_S0193_I00000374_P1425.mp4,https://dl.fbaipublicfiles.com/seamless_interaction/naturalistic/train/metadata/vad/V03_S0193_I00000374_P1288.jsonl,https://dl.fbaipublicfiles.com/seamless_interaction/naturalistic/train/metadata/vad/V03_S0193_I00000374_P1425.jsonl
train,train,V03_S0193_I00000377,V03,0193,00000377,ipc_conversation,naturalistic,both,stranger,stranger,V03_S0193_I00000377_P1288,V03_S0193_I00000377_P1425,P1288,P1425,https://dl.fbaipublicfiles.com/seamless_interaction/naturalistic/train/audio/V03_S0193_I00000377_P1288.wav,https://dl.fbaipublicfiles.com/seamless_interaction/naturalistic/train/audio/V03_S0193_I00000377_P1425.wav,https://dl.fbaipublicfiles.com/seamless_interaction/naturalistic/train/video/V03_S0193_I00000377_P1288.mp4,https://dl.fbaipublicfiles.com/seamless_interaction/naturalistic/train/video/V03_S0193_I00000377_P1425.mp4,https://dl.fbaipublicfiles.com/seamless_interaction/naturalistic/train/metadata/vad/V03_S0193_I00000377_P1288.jsonl,https://dl.fbaipublicfiles.com/seamless_interaction/naturalistic/train/metadata/vad/V03_S0193_I00000377_P1425.jsonl
train,train,V03_S0194_I00000477,V03,0194,00000477,ipc_conversation,naturalistic,single,stranger,stranger,V03_S0194_I00000477_P1306,V03_S0194_I00000477_P1411,P1306,P1411,https://dl.fbaipublicfiles.com/seamless_interaction/naturalistic/train/audio/V03_S0194_I00000477_P1306.wav,https://dl.fbaipublicfiles.com/seamless_interaction/naturalistic/train/audio/V03_S0194_I00000477_P1411.wav,https://dl.fbaipublicfiles.com/seamless_interaction/naturalistic/train/video/V03_S0194_I00000477_P1306.mp4,https://dl.fbaipublicfiles.com/seamless_interaction/naturalistic/train/video/V03_S0194_I00000477_P1411.mp4,https://dl.fbaipublicfiles.com/seamless_interaction/naturalistic/train/metadata/vad/V03_S0194_I00000477_P1306.jsonl,https://dl.fbaipublicfiles.com/seamless_interaction/naturalistic/train/metadata/vad/V03_S0194_I00000477_P1411.jsonl
train,train,V03_S0194_I00000478,V03,0194,00000478,ipc_conversation,naturalistic,single,stranger,stranger,V03_S0194_I00000478_P1306,V03_S0194_I00000478_P1411,P1306,P1411,https://dl.fbaipublicfiles.com/seamless_interaction/naturalistic/train/audio/V03_S0194_I00000478_P1306.wav,https://dl.fbaipublicfiles.com/seamless_interaction/naturalistic/train/audio/V03_S0194_I00000478_P1411.wav,https://dl.fbaipublicfiles.com/seamless_interaction/naturalistic/train/video/V03_S0194_I00000478_P1306.mp4,https://dl.fbaipublicfiles.com/seamless_interaction/naturalistic/train/video/V03_S0194_I00000478_P1411.mp4,https://dl.fbaipublicfiles.com/seamless_interaction/naturalistic/train/metadata/vad/V03_S0194_I00000478_P1306.jsonl,https://dl.fbaipublicfiles.com/seamless_interaction/naturalistic/train/metadata/vad/V03_S0194_I00000478_P1411.jsonl
train,train,V03_S0194_I00000482,V03,0194,00000482,ipc_conversation,naturalistic,single,stranger,stranger,V03_S0194_I00000482_P1306,V03_S0194_I00000482_P1411,P1306,P1411,https://dl.fbaipublicfiles.com/seamless_interaction/naturalistic/train/audio/V03_S0194_I00000482_P1306.wav,https://dl.fbaipublicfiles.com/seamless_interaction/naturalistic/train/audio/V03_S0194_I00000482_P1411.wav,https://dl.fbaipublicfiles.com/seamless_interaction/naturalistic/train/video/V03_S0194_I00000482_P1306.mp4,https://dl.fbaipublicfiles.com/seamless_interaction/naturalistic/train/video/V03_S0194_I00000482_P1411.mp4,https://dl.fbaipublicfiles.com/seamless_interaction/naturalistic/train/metadata/vad/V03_S0194_I00000482_P1306.jsonl,https://dl.fbaipublicfiles.com/seamless_interaction/naturalistic/train/metadata/vad/V03_S0194_I00000482_P1411.jsonl
train,train,V03_S0194_I00000483,V03,0194,00000483,ipc_conversation,naturalistic,single,stranger,stranger,V03_S0194_I00000483_P1306,V03_S0194_I00000483_P1411,P1306,P1411,https://dl.fbaipublicfiles.com/seamless_interaction/naturalistic/train/audio/V03_S0194_I00000483_P1306.wav,https://dl.fbaipublicfiles.com/seamless_interaction/naturalistic/train/audio/V03_S0194_I00000483_P1411.wav,https://dl.fbaipublicfiles.com/seamless_interaction/naturalistic/train/video/V03_S0194_I00000483_P1306.mp4,https://dl.fbaipublicfiles.com/seamless_interaction/naturalistic/train/video/V03_S0194_I00000483_P1411.mp4,https://dl.fbaipublicfiles.com/seamless_interaction/naturalistic/train/metadata/vad/V03_S0194_I00000483_P1306.jsonl,https://dl.fbaipublicfiles.com/seamless_interaction/naturalistic/train/metadata/vad/V03_S0194_I00000483_P1411.jsonl
train,train,V03_S0199_I00000125,V03,0199,00000125,ipc_conversation,naturalistic,single,familiar,familiar-generic,V03_S0199_I00000125_P1259,V03_S0199_I00000125_P1427,P1259,P1427,https://dl.fbaipublicfiles.com/seamless_interaction/naturalistic/train/audio/V03_S0199_I00000125_P1259.wav,https://dl.fbaipublicfiles.com/seamless_interaction/naturalistic/train/audio/V03_S0199_I00000125_P1427.wav,https://dl.fbaipublicfiles.com/seamless_interaction/naturalistic/train/video/V03_S0199_I00000125_P1259.mp4,https://dl.fbaipublicfiles.com/seamless_interaction/naturalistic/train/video/V03_S0199_I00000125_P1427.mp4,https://dl.fbaipublicfiles.com/seamless_interaction/naturalistic/train/metadata/vad/V03_S0199_I00000125_P1259.jsonl,https://dl.fbaipublicfiles.com/seamless_interaction/naturalistic/train/metadata/vad/V03_S0199_I00000125_P1427.jsonl
train,train,V03_S0199_I00000128,V03,0199,00000128,ipc_conversation,naturalistic,single,familiar,familiar-generic,V03_S0199_I00000128_P1259,V03_S0199_I00000128_P1427,P1259,P1427,https://dl.fbaipublicfiles.com/seamless_interaction/naturalistic/train/audio/V03_S0199_I00000128_P1259.wav,https://dl.fbaipublicfiles.com/seamless_interaction/naturalistic/train/audio/V03_S0199_I00000128_P1427.wav,https://dl.fbaipublicfiles.com/seamless_interaction/naturalistic/train/video/V03_S0199_I00000128_P1259.mp4,https://dl.fbaipublicfiles.com/seamless_interaction/naturalistic/train/video/V03_S0199_I00000128_P1427.mp4,https://dl.fbaipublicfiles.com/seamless_interaction/naturalistic/train/metadata/vad/V03_S0199_I00000128_P1259.jsonl,https://dl.fbaipublicfiles.com/seamless_interaction/naturalistic/train/metadata/vad/V03_S0199_I00000128_P1427.jsonl
train,train,V03_S0199_I00000137,V03,0199,00000137,ipc_conversation,naturalistic,single,familiar,familiar-generic,V03_S0199_I00000137_P1259,V03_S0199_I00000137_P1427,P1259,P1427,https://dl.fbaipublicfiles.com/seamless_interaction/naturalistic/train/audio/V03_S0199_I00000137_P1259.wav,https://dl.fbaipublicfiles.com/seamless_interaction/naturalistic/train/audio/V03_S0199_I00000137_P1427.wav,https://dl.fbaipublicfiles.com/seamless_interaction/naturalistic/train/video/V03_S0199_I00000137_P1259.mp4,https://dl.fbaipublicfiles.com/seamless_interaction/naturalistic/train/video/V03_S0199_I00000137_P1427.mp4,https://dl.fbaipublicfiles.com/seamless_interaction/naturalistic/train/metadata/vad/V03_S0199_I00000137_P1259.jsonl,https://dl.fbaipublicfiles.com/seamless_interaction/naturalistic/train/metadata/vad/V03_S0199_I00000137_P1427.jsonl
train,train,V03_S0199_I00000138,V03,0199,00000138,ipc_conversation,naturalistic,single,familiar,familiar-generic,V03_S0199_I00000138_P1259,V03_S0199_I00000138_P1427,P1259,P1427,https://dl.fbaipublicfiles.com/seamless_interaction/naturalistic/train/audio/V03_S0199_I00000138_P1259.wav,https://dl.fbaipublicfiles.com/seamless_interaction/naturalistic/train/audio/V03_S0199_I00000138_P1427.wav,https://dl.fbaipublicfiles.com/seamless_interaction/naturalistic/train/video/V03_S0199_I00000138_P1259.mp4,https://dl.fbaipublicfiles.com/seamless_interaction/naturalistic/train/video/V03_S0199_I00000138_P1427.mp4,https://dl.fbaipublicfiles.com/seamless_interaction/naturalistic/train/metadata/vad/V03_S0199_I00000138_P1259.jsonl,https://dl.fbaipublicfiles.com/seamless_interaction/naturalistic/train/metadata/vad/V03_S0199_I00000138_P1427.jsonl
train,train,V03_S0199_I00000307,V03,0199,00000307,ipc_conversation,naturalistic,single,familiar,familiar-generic,V03_S0199_I00000307_P1259,V03_S0199_I00000307_P1427,P1259,P1427,https://dl.fbaipublicfiles.com/seamless_interaction/naturalistic/train/audio/V03_S0199_I00000307_P1259.wav,https://dl.fbaipublicfiles.com/seamless_interaction/naturalistic/train/audio/V03_S0199_I00000307_P1427.wav,https://dl.fbaipublicfiles.com/seamless_interaction/naturalistic/train/video/V03_S0199_I00000307_P1259.mp4,https://dl.fbaipublicfiles.com/seamless_interaction/naturalistic/train/video/V03_S0199_I00000307_P1427.mp4,https://dl.fbaipublicfiles.com/seamless_interaction/naturalistic/train/metadata/vad/V03_S0199_I00000307_P1259.jsonl,https://dl.fbaipublicfiles.com/seamless_interaction/naturalistic/train/metadata/vad/V03_S0199_I00000307_P1427.jsonl
train,train,V03_S0199_I00000309,V03,0199,00000309,ipc_conversation,naturalistic,single,familiar,familiar-generic,V03_S0199_I00000309_P1259,V03_S0199_I00000309_P1427,P1259,P1427,https://dl.fbaipublicfiles.com/seamless_interaction/naturalistic/train/audio/V03_S0199_I00000309_P1259.wav,https://dl.fbaipublicfiles.com/seamless_interaction/naturalistic/train/audio/V03_S0199_I00000309_P1427.wav,https://dl.fbaipublicfiles.com/seamless_interaction/naturalistic/train/video/V03_S0199_I00000309_P1259.mp4,https://dl.fbaipublicfiles.com/seamless_interaction/naturalistic/train/video/V03_S0199_I00000309_P1427.mp4,https://dl.fbaipublicfiles.com/seamless_interaction/naturalistic/train/metadata/vad/V03_S0199_I00000309_P1259.jsonl,https://dl.fbaipublicfiles.com/seamless_interaction/naturalistic/train/metadata/vad/V03_S0199_I00000309_P1427.jsonl
train,train,V03_S0199_I00000461,V03,0199,00000461,ipc_conversation,naturalistic,single,familiar,familiar-generic,V03_S0199_I00000461_P1259,V03_S0199_I00000461_P1427,P1259,P1427,https://dl.fbaipublicfiles.com/seamless_interaction/naturalistic/train/audio/V03_S0199_I00000461_P1259.wav,https://dl.fbaipublicfiles.com/seamless_interaction/naturalistic/train/audio/V03_S0199_I00000461_P1427.wav,https://dl.fbaipublicfiles.com/seamless_interaction/naturalistic/train/video/V03_S0199_I00000461_P1259.mp4,https://dl.fbaipublicfiles.com/seamless_interaction/naturalistic/train/video/V03_S0199_I00000461_P1427.mp4,https://dl.fbaipublicfiles.com/seamless_interaction/naturalistic/train/metadata/vad/V03_S0199_I00000461_P1259.jsonl,https://dl.fbaipublicfiles.com/seamless_interaction/naturalistic/train/metadata/vad/V03_S0199_I00000461_P1427.jsonl
train,train,V03_S0202_I00000126,V03,0202,00000126,ipc_conversation,naturalistic,single,stranger,stranger,V03_S0202_I00000126_P1288,V03_S0202_I00000126_P1429,P1288,P1429,https://dl.fbaipublicfiles.com/seamless_interaction/naturalistic/train/audio/V03_S0202_I00000126_P1288.wav,https://dl.fbaipublicfiles.com/seamless_interaction/naturalistic/train/audio/V03_S0202_I00000126_P1429.wav,https://dl.fbaipublicfiles.com/seamless_interaction/naturalistic/train/video/V03_S0202_I00000126_P1288.mp4,https://dl.fbaipublicfiles.com/seamless_interaction/naturalistic/train/video/V03_S0202_I00000126_P1429.mp4,https://dl.fbaipublicfiles.com/seamless_interaction/naturalistic/train/metadata/vad/V03_S0202_I00000126_P1288.jsonl,https://dl.fbaipublicfiles.com/seamless_interaction/naturalistic/train/metadata/vad/V03_S0202_I00000126_P1429.jsonl
train,train,V03_S0202_I00000130,V03,0202,00000130,ipc_conversation,naturalistic,single,stranger,stranger,V03_S0202_I00000130_P1288,V03_S0202_I00000130_P1429,P1288,P1429,https://dl.fbaipublicfiles.com/seamless_interaction/naturalistic/train/audio/V03_S0202_I00000130_P1288.wav,https://dl.fbaipublicfiles.com/seamless_interaction/naturalistic/train/audio/V03_S0202_I00000130_P1429.wav,https://dl.fbaipublicfiles.com/seamless_interaction/naturalistic/train/video/V03_S0202_I00000130_P1288.mp4,https://dl.fbaipublicfiles.com/seamless_interaction/naturalistic/train/video/V03_S0202_I00000130_P1429.mp4,https://dl.fbaipublicfiles.com/seamless_interaction/naturalistic/train/metadata/vad/V03_S0202_I00000130_P1288.jsonl,https://dl.fbaipublicfiles.com/seamless_interaction/naturalistic/train/metadata/vad/V03_S0202_I00000130_P1429.jsonl
train,train,V03_S0202_I00000138,V03,0202,00000138,ipc_conversation,naturalistic,single,stranger,stranger,V03_S0202_I00000138_P1288,V03_S0202_I00000138_P1429,P1288,P1429,https://dl.fbaipublicfiles.com/seamless_interaction/naturalistic/train/audio/V03_S0202_I00000138_P1288.wav,https://dl.fbaipublicfiles.com/seamless_interaction/naturalistic/train/audio/V03_S0202_I00000138_P1429.wav,https://dl.fbaipublicfiles.com/seamless_interaction/naturalistic/train/video/V03_S0202_I00000138_P1288.mp4,https://dl.fbaipublicfiles.com/seamless_interaction/naturalistic/train/video/V03_S0202_I00000138_P1429.mp4,https://dl.fbaipublicfiles.com/seamless_interaction/naturalistic/train/metadata/vad/V03_S0202_I00000138_P1288.jsonl,https://dl.fbaipublicfiles.com/seamless_interaction/naturalistic/train/metadata/vad/V03_S0202_I00000138_P1429.jsonl
train,train,V03_S0202_I00000307,V03,0202,00000307,ipc_conversation,naturalistic,single,stranger,stranger,V03_S0202_I00000307_P1288,V03_S0202_I00000307_P1429,P1288,P1429,https://dl.fbaipublicfiles.com/seamless_interaction/naturalistic/train/audio/V03_S0202_I00000307_P1288.wav,https://dl.fbaipublicfiles.com/seamless_interaction/naturalistic/train/audio/V03_S0202_I00000307_P1429.wav,https://dl.fbaipublicfiles.com/seamless_interaction/naturalistic/train/video/V03_S0202_I00000307_P1288.mp4,https://dl.fbaipublicfiles.com/seamless_interaction/naturalistic/train/video/V03_S0202_I00000307_P1429.mp4,https://dl.fbaipublicfiles.com/seamless_interaction/naturalistic/train/metadata/vad/V03_S0202_I00000307_P1288.jsonl,https://dl.fbaipublicfiles.com/seamless_interaction/naturalistic/train/metadata/vad/V03_S0202_I00000307_P1429.jsonl
train,train,V03_S0202_I00000309,V03,0202,00000309,ipc_conversation,naturalistic,single,stranger,stranger,V03_S0202_I00000309_P1288,V03_S0202_I00000309_P1429,P1288,P1429,https://dl.fbaipublicfiles.com/seamless_interaction/naturalistic/train/audio/V03_S0202_I00000309_P1288.wav,https://dl.fbaipublicfiles.com/seamless_interaction/naturalistic/train/audio/V03_S0202_I00000309_P1429.wav,https://dl.fbaipublicfiles.com/seamless_interaction/naturalistic/train/video/V03_S0202_I00000309_P1288.mp4,https://dl.fbaipublicfiles.com/seamless_interaction/naturalistic/train/video/V03_S0202_I00000309_P1429.mp4,https://dl.fbaipublicfiles.com/seamless_interaction/naturalistic/train/metadata/vad/V03_S0202_I00000309_P1288.jsonl,https://dl.fbaipublicfiles.com/seamless_interaction/naturalistic/train/metadata/vad/V03_S0202_I00000309_P1429.jsonl
train,train,V03_S0210_I00000377,V03,0210,00000377,ipc_conversation,naturalistic,single,familiar,parent_child,V03_S0210_I00000377_P1556,V03_S0210_I00000377_P1557,P1556,P1557,https://dl.fbaipublicfiles.com/seamless_interaction/naturalistic/train/audio/V03_S0210_I00000377_P1556.wav,https://dl.fbaipublicfiles.com/seamless_interaction/naturalistic/train/audio/V03_S0210_I00000377_P1557.wav,https://dl.fbaipublicfiles.com/seamless_interaction/naturalistic/train/video/V03_S0210_I00000377_P1556.mp4,https://dl.fbaipublicfiles.com/seamless_interaction/naturalistic/train/video/V03_S0210_I00000377_P1557.mp4,https://dl.fbaipublicfiles.com/seamless_interaction/naturalistic/train/metadata/vad/V03_S0210_I00000377_P1556.jsonl,https://dl.fbaipublicfiles.com/seamless_interaction/naturalistic/train/metadata/vad/V03_S0210_I00000377_P1557.jsonl
train,train,V03_S0210_I00000378,V03,0210,00000378,ipc_conversation,naturalistic,single,familiar,parent_child,V03_S0210_I00000378_P1556,V03_S0210_I00000378_P1557,P1556,P1557,https://dl.fbaipublicfiles.com/seamless_interaction/naturalistic/train/audio/V03_S0210_I00000378_P1556.wav,https://dl.fbaipublicfiles.com/seamless_interaction/naturalistic/train/audio/V03_S0210_I00000378_P1557.wav,https://dl.fbaipublicfiles.com/seamless_interaction/naturalistic/train/video/V03_S0210_I00000378_P1556.mp4,https://dl.fbaipublicfiles.com/seamless_interaction/naturalistic/train/video/V03_S0210_I00000378_P1557.mp4,https://dl.fbaipublicfiles.com/seamless_interaction/naturalistic/train/metadata/vad/V03_S0210_I00000378_P1556.jsonl,https://dl.fbaipublicfiles.com/seamless_interaction/naturalistic/train/metadata/vad/V03_S0210_I00000378_P1557.jsonl
train,train,V03_S0210_I00000382,V03,0210,00000382,ipc_conversation,naturalistic,single,familiar,parent_child,V03_S0210_I00000382_P1556,V03_S0210_I00000382_P1557,P1556,P1557,https://dl.fbaipublicfiles.com/seamless_interaction/naturalistic/train/audio/V03_S0210_I00000382_P1556.wav,https://dl.fbaipublicfiles.com/seamless_interaction/naturalistic/train/audio/V03_S0210_I00000382_P1557.wav,https://dl.fbaipublicfiles.com/seamless_interaction/naturalistic/train/video/V03_S0210_I00000382_P1556.mp4,https://dl.fbaipublicfiles.com/seamless_interaction/naturalistic/train/video/V03_S0210_I00000382_P1557.mp4,https://dl.fbaipublicfiles.com/seamless_interaction/naturalistic/train/metadata/vad/V03_S0210_I00000382_P1556.jsonl,https://dl.fbaipublicfiles.com/seamless_interaction/naturalistic/train/metadata/vad/V03_S0210_I00000382_P1557.jsonl
train,train,V03_S0210_I00000383,V03,0210,00000383,ipc_conversation,naturalistic,single,familiar,parent_child,V03_S0210_I00000383_P1556,V03_S0210_I00000383_P1557,P1556,P1557,https://dl.fbaipublicfiles.com/seamless_interaction/naturalistic/train/audio/V03_S0210_I00000383_P1556.wav,https://dl.fbaipublicfiles.com/seamless_interaction/naturalistic/train/audio/V03_S0210_I00000383_P1557.wav,https://dl.fbaipublicfiles.com/seamless_interaction/naturalistic/train/video/V03_S0210_I00000383_P1556.mp4,https://dl.fbaipublicfiles.com/seamless_interaction/naturalistic/train/video/V03_S0210_I00000383_P1557.mp4,https://dl.fbaipublicfiles.com/seamless_interaction/naturalistic/train/metadata/vad/V03_S0210_I00000383_P1556.jsonl,https://dl.fbaipublicfiles.com/seamless_interaction/naturalistic/train/metadata/vad/V03_S0210_I00000383_P1557.jsonl
train,train,V03_S0212_I00000377,V03,0212,00000377,ipc_conversation,naturalistic,single,familiar,parent_child,V03_S0212_I00000377_P1388,V03_S0212_I00000377_P1464,P1388,P1464,https://dl.fbaipublicfiles.com/seamless_interaction/naturalistic/train/audio/V03_S0212_I00000377_P1388.wav,https://dl.fbaipublicfiles.com/seamless_interaction/naturalistic/train/audio/V03_S0212_I00000377_P1464.wav,https://dl.fbaipublicfiles.com/seamless_interaction/naturalistic/train/video/V03_S0212_I00000377_P1388.mp4,https://dl.fbaipublicfiles.com/seamless_interaction/naturalistic/train/video/V03_S0212_I00000377_P1464.mp4,https://dl.fbaipublicfiles.com/seamless_interaction/naturalistic/train/metadata/vad/V03_S0212_I00000377_P1388.jsonl,https://dl.fbaipublicfiles.com/seamless_interaction/naturalistic/train/metadata/vad/V03_S0212_I00000377_P1464.jsonl
train,train,V03_S0212_I00000482,V03,0212,00000482,ipc_conversation,naturalistic,single,familiar,parent_child,V03_S0212_I00000482_P1388,V03_S0212_I00000482_P1464,P1388,P1464,https://dl.fbaipublicfiles.com/seamless_interaction/naturalistic/train/audio/V03_S0212_I00000482_P1388.wav,https://dl.fbaipublicfiles.com/seamless_interaction/naturalistic/train/audio/V03_S0212_I00000482_P1464.wav,https://dl.fbaipublicfiles.com/seamless_interaction/naturalistic/train/video/V03_S0212_I00000482_P1388.mp4,https://dl.fbaipublicfiles.com/seamless_interaction/naturalistic/train/video/V03_S0212_I00000482_P1464.mp4,https://dl.fbaipublicfiles.com/seamless_interaction/naturalistic/train/metadata/vad/V03_S0212_I00000482_P1388.jsonl,https://dl.fbaipublicfiles.com/seamless_interaction/naturalistic/train/metadata/vad/V03_S0212_I00000482_P1464.jsonl
train,train,V03_S0212_I00000487,V03,0212,00000487,ipc_conversation,naturalistic,single,familiar,parent_child,V03_S0212_I00000487_P1388,V03_S0212_I00000487_P1464,P1388,P1464,https://dl.fbaipublicfiles.com/seamless_interaction/naturalistic/train/audio/V03_S0212_I00000487_P1388.wav,https://dl.fbaipublicfiles.com/seamless_interaction/naturalistic/train/audio/V03_S0212_I00000487_P1464.wav,https://dl.fbaipublicfiles.com/seamless_interaction/naturalistic/train/video/V03_S0212_I00000487_P1388.mp4,https://dl.fbaipublicfiles.com/seamless_interaction/naturalistic/train/video/V03_S0212_I00000487_P1464.mp4,https://dl.fbaipublicfiles.com/seamless_interaction/naturalistic/train/metadata/vad/V03_S0212_I00000487_P1388.jsonl,https://dl.fbaipublicfiles.com/seamless_interaction/naturalistic/train/metadata/vad/V03_S0212_I00000487_P1464.jsonl
train,train,V03_S0212_I00000488,V03,0212,00000488,ipc_conversation,naturalistic,single,familiar,parent_child,V03_S0212_I00000488_P1388,V03_S0212_I00000488_P1464,P1388,P1464,https://dl.fbaipublicfiles.com/seamless_interaction/naturalistic/train/audio/V03_S0212_I00000488_P1388.wav,https://dl.fbaipublicfiles.com/seamless_interaction/naturalistic/train/audio/V03_S0212_I00000488_P1464.wav,https://dl.fbaipublicfiles.com/seamless_interaction/naturalistic/train/video/V03_S0212_I00000488_P1388.mp4,https://dl.fbaipublicfiles.com/seamless_interaction/naturalistic/train/video/V03_S0212_I00000488_P1464.mp4,https://dl.fbaipublicfiles.com/seamless_interaction/naturalistic/train/metadata/vad/V03_S0212_I00000488_P1388.jsonl,https://dl.fbaipublicfiles.com/seamless_interaction/naturalistic/train/metadata/vad/V03_S0212_I00000488_P1464.jsonl
train,train,V03_S0214_I00000480,V03,0214,00000480,ipc_conversation,naturalistic,single,stranger,stranger,V03_S0214_I00000480_P1286,V03_S0214_I00000480_P1358,P1286,P1358,https://dl.fbaipublicfiles.com/seamless_interaction/naturalistic/train/audio/V03_S0214_I00000480_P1286.wav,https://dl.fbaipublicfiles.com/seamless_interaction/naturalistic/train/audio/V03_S0214_I00000480_P1358.wav,https://dl.fbaipublicfiles.com/seamless_interaction/naturalistic/train/video/V03_S0214_I00000480_P1286.mp4,https://dl.fbaipublicfiles.com/seamless_interaction/naturalistic/train/video/V03_S0214_I00000480_P1358.mp4,https://dl.fbaipublicfiles.com/seamless_interaction/naturalistic/train/metadata/vad/V03_S0214_I00000480_P1286.jsonl,https://dl.fbaipublicfiles.com/seamless_interaction/naturalistic/train/metadata/vad/V03_S0214_I00000480_P1358.jsonl
train,train,V03_S0217_I00000486,V03,0217,00000486,ipc_conversation,naturalistic,single,stranger,stranger,V03_S0217_I00000486_P1313,V03_S0217_I00000486_P1480,P1313,P1480,https://dl.fbaipublicfiles.com/seamless_interaction/naturalistic/train/audio/V03_S0217_I00000486_P1313.wav,https://dl.fbaipublicfiles.com/seamless_interaction/naturalistic/train/audio/V03_S0217_I00000486_P1480.wav,https://dl.fbaipublicfiles.com/seamless_interaction/naturalistic/train/video/V03_S0217_I00000486_P1313.mp4,https://dl.fbaipublicfiles.com/seamless_interaction/naturalistic/train/video/V03_S0217_I00000486_P1480.mp4,https://dl.fbaipublicfiles.com/seamless_interaction/naturalistic/train/metadata/vad/V03_S0217_I00000486_P1313.jsonl,https://dl.fbaipublicfiles.com/seamless_interaction/naturalistic/train/metadata/vad/V03_S0217_I00000486_P1480.jsonl
train,train,V03_S0217_I00000487,V03,0217,00000487,ipc_conversation,naturalistic,single,stranger,stranger,V03_S0217_I00000487_P1313,V03_S0217_I00000487_P1480,P1313,P1480,https://dl.fbaipublicfiles.com/seamless_interaction/naturalistic/train/audio/V03_S0217_I00000487_P1313.wav,https://dl.fbaipublicfiles.com/seamless_interaction/naturalistic/train/audio/V03_S0217_I00000487_P1480.wav,https://dl.fbaipublicfiles.com/seamless_interaction/naturalistic/train/video/V03_S0217_I00000487_P1313.mp4,https://dl.fbaipublicfiles.com/seamless_interaction/naturalistic/train/video/V03_S0217_I00000487_P1480.mp4,https://dl.fbaipublicfiles.com/seamless_interaction/naturalistic/train/metadata/vad/V03_S0217_I00000487_P1313.jsonl,https://dl.fbaipublicfiles.com/seamless_interaction/naturalistic/train/metadata/vad/V03_S0217_I00000487_P1480.jsonl
train,train,V03_S0217_I00000500,V03,0217,00000500,ipc_conversation,naturalistic,single,stranger,stranger,V03_S0217_I00000500_P1313,V03_S0217_I00000500_P1480,P1313,P1480,https://dl.fbaipublicfiles.com/seamless_interaction/naturalistic/train/audio/V03_S0217_I00000500_P1313.wav,https://dl.fbaipublicfiles.com/seamless_interaction/naturalistic/train/audio/V03_S0217_I00000500_P1480.wav,https://dl.fbaipublicfiles.com/seamless_interaction/naturalistic/train/video/V03_S0217_I00000500_P1313.mp4,https://dl.fbaipublicfiles.com/seamless_interaction/naturalistic/train/video/V03_S0217_I00000500_P1480.mp4,https://dl.fbaipublicfiles.com/seamless_interaction/naturalistic/train/metadata/vad/V03_S0217_I00000500_P1313.jsonl,https://dl.fbaipublicfiles.com/seamless_interaction/naturalistic/train/metadata/vad/V03_S0217_I00000500_P1480.jsonl
train,train,V03_S0220_I00000371,V03,0220,00000371,ipc_conversation,naturalistic,single,stranger,stranger,V03_S0220_I00000371_P1488,V03_S0220_I00000371_P1489,P1488,P1489,https://dl.fbaipublicfiles.com/seamless_interaction/naturalistic/train/audio/V03_S0220_I00000371_P1488.wav,https://dl.fbaipublicfiles.com/seamless_interaction/naturalistic/train/audio/V03_S0220_I00000371_P1489.wav,https://dl.fbaipublicfiles.com/seamless_interaction/naturalistic/train/video/V03_S0220_I00000371_P1488.mp4,https://dl.fbaipublicfiles.com/seamless_interaction/naturalistic/train/video/V03_S0220_I00000371_P1489.mp4,https://dl.fbaipublicfiles.com/seamless_interaction/naturalistic/train/metadata/vad/V03_S0220_I00000371_P1488.jsonl,https://dl.fbaipublicfiles.com/seamless_interaction/naturalistic/train/metadata/vad/V03_S0220_I00000371_P1489.jsonl
train,train,V03_S0220_I00000374,V03,0220,00000374,ipc_conversation,naturalistic,single,stranger,stranger,V03_S0220_I00000374_P1488,V03_S0220_I00000374_P1489,P1488,P1489,https://dl.fbaipublicfiles.com/seamless_interaction/naturalistic/train/audio/V03_S0220_I00000374_P1488.wav,https://dl.fbaipublicfiles.com/seamless_interaction/naturalistic/train/audio/V03_S0220_I00000374_P1489.wav,https://dl.fbaipublicfiles.com/seamless_interaction/naturalistic/train/video/V03_S0220_I00000374_P1488.mp4,https://dl.fbaipublicfiles.com/seamless_interaction/naturalistic/train/video/V03_S0220_I00000374_P1489.mp4,https://dl.fbaipublicfiles.com/seamless_interaction/naturalistic/train/metadata/vad/V03_S0220_I00000374_P1488.jsonl,https://dl.fbaipublicfiles.com/seamless_interaction/naturalistic/train/metadata/vad/V03_S0220_I00000374_P1489.jsonl
train,train,V03_S0220_I00000498,V03,0220,00000498,ipc_conversation,naturalistic,both,stranger,stranger,V03_S0220_I00000498_P1488,V03_S0220_I00000498_P1489,P1488,P1489,https://dl.fbaipublicfiles.com/seamless_interaction/naturalistic/train/audio/V03_S0220_I00000498_P1488.wav,https://dl.fbaipublicfiles.com/seamless_interaction/naturalistic/train/audio/V03_S0220_I00000498_P1489.wav,https://dl.fbaipublicfiles.com/seamless_interaction/naturalistic/train/video/V03_S0220_I00000498_P1488.mp4,https://dl.fbaipublicfiles.com/seamless_interaction/naturalistic/train/video/V03_S0220_I00000498_P1489.mp4,https://dl.fbaipublicfiles.com/seamless_interaction/naturalistic/train/metadata/vad/V03_S0220_I00000498_P1488.jsonl,https://dl.fbaipublicfiles.com/seamless_interaction/naturalistic/train/metadata/vad/V03_S0220_I00000498_P1489.jsonl
train,train,V03_S0221_I00000135,V03,0221,00000135,collaborative_storytelling,naturalistic,single,stranger,stranger,V03_S0221_I00000135_P1422,V03_S0221_I00000135_P1488,P1422,P1488,https://dl.fbaipublicfiles.com/seamless_interaction/naturalistic/train/audio/V03_S0221_I00000135_P1422.wav,https://dl.fbaipublicfiles.com/seamless_interaction/naturalistic/train/audio/V03_S0221_I00000135_P1488.wav,https://dl.fbaipublicfiles.com/seamless_interaction/naturalistic/train/video/V03_S0221_I00000135_P1422.mp4,https://dl.fbaipublicfiles.com/seamless_interaction/naturalistic/train/video/V03_S0221_I00000135_P1488.mp4,https://dl.fbaipublicfiles.com/seamless_interaction/naturalistic/train/metadata/vad/V03_S0221_I00000135_P1422.jsonl,https://dl.fbaipublicfiles.com/seamless_interaction/naturalistic/train/metadata/vad/V03_S0221_I00000135_P1488.jsonl
train,train,V03_S0221_I00000377,V03,0221,00000377,ipc_conversation,naturalistic,single,stranger,stranger,V03_S0221_I00000377_P1422,V03_S0221_I00000377_P1488,P1422,P1488,https://dl.fbaipublicfiles.com/seamless_interaction/naturalistic/train/audio/V03_S0221_I00000377_P1422.wav,https://dl.fbaipublicfiles.com/seamless_interaction/naturalistic/train/audio/V03_S0221_I00000377_P1488.wav,https://dl.fbaipublicfiles.com/seamless_interaction/naturalistic/train/video/V03_S0221_I00000377_P1422.mp4,https://dl.fbaipublicfiles.com/seamless_interaction/naturalistic/train/video/V03_S0221_I00000377_P1488.mp4,https://dl.fbaipublicfiles.com/seamless_interaction/naturalistic/train/metadata/vad/V03_S0221_I00000377_P1422.jsonl,https://dl.fbaipublicfiles.com/seamless_interaction/naturalistic/train/metadata/vad/V03_S0221_I00000377_P1488.jsonl
train,train,V03_S0221_I00000480,V03,0221,00000480,ipc_conversation,naturalistic,single,stranger,stranger,V03_S0221_I00000480_P1422,V03_S0221_I00000480_P1488,P1422,P1488,https://dl.fbaipublicfiles.com/seamless_interaction/naturalistic/train/audio/V03_S0221_I00000480_P1422.wav,https://dl.fbaipublicfiles.com/seamless_interaction/naturalistic/train/audio/V03_S0221_I00000480_P1488.wav,https://dl.fbaipublicfiles.com/seamless_interaction/naturalistic/train/video/V03_S0221_I00000480_P1422.mp4,https://dl.fbaipublicfiles.com/seamless_interaction/naturalistic/train/video/V03_S0221_I00000480_P1488.mp4,https://dl.fbaipublicfiles.com/seamless_interaction/naturalistic/train/metadata/vad/V03_S0221_I00000480_P1422.jsonl,https://dl.fbaipublicfiles.com/seamless_interaction/naturalistic/train/metadata/vad/V03_S0221_I00000480_P1488.jsonl
train,train,V03_S0221_I00000486,V03,0221,00000486,ipc_conversation,naturalistic,single,stranger,stranger,V03_S0221_I00000486_P1422,V03_S0221_I00000486_P1488,P1422,P1488,https://dl.fbaipublicfiles.com/seamless_interaction/naturalistic/train/audio/V03_S0221_I00000486_P1422.wav,https://dl.fbaipublicfiles.com/seamless_interaction/naturalistic/train/audio/V03_S0221_I00000486_P1488.wav,https://dl.fbaipublicfiles.com/seamless_interaction/naturalistic/train/video/V03_S0221_I00000486_P1422.mp4,https://dl.fbaipublicfiles.com/seamless_interaction/naturalistic/train/video/V03_S0221_I00000486_P1488.mp4,https://dl.fbaipublicfiles.com/seamless_interaction/naturalistic/train/metadata/vad/V03_S0221_I00000486_P1422.jsonl,https://dl.fbaipublicfiles.com/seamless_interaction/naturalistic/train/metadata/vad/V03_S0221_I00000486_P1488.jsonl
train,train,V03_S0221_I00000495,V03,0221,00000495,ipc_conversation,naturalistic,single,stranger,stranger,V03_S0221_I00000495_P1422,V03_S0221_I00000495_P1488,P1422,P1488,https://dl.fbaipublicfiles.com/seamless_interaction/naturalistic/train/audio/V03_S0221_I00000495_P1422.wav,https://dl.fbaipublicfiles.com/seamless_interaction/naturalistic/train/audio/V03_S0221_I00000495_P1488.wav,https://dl.fbaipublicfiles.com/seamless_interaction/naturalistic/train/video/V03_S0221_I00000495_P1422.mp4,https://dl.fbaipublicfiles.com/seamless_interaction/naturalistic/train/video/V03_S0221_I00000495_P1488.mp4,https://dl.fbaipublicfiles.com/seamless_interaction/naturalistic/train/metadata/vad/V03_S0221_I00000495_P1422.jsonl,https://dl.fbaipublicfiles.com/seamless_interaction/naturalistic/train/metadata/vad/V03_S0221_I00000495_P1488.jsonl
train,train,V03_S0226_I00000139,V03,0226,00000139,ipc_conversation,naturalistic,single,stranger,stranger,V03_S0226_I00000139_P1437,V03_S0226_I00000139_P1524,P1437,P1524,https://dl.fbaipublicfiles.com/seamless_interaction/naturalistic/train/audio/V03_S0226_I00000139_P1437.wav,https://dl.fbaipublicfiles.com/seamless_interaction/naturalistic/train/audio/V03_S0226_I00000139_P1524.wav,https://dl.fbaipublicfiles.com/seamless_interaction/naturalistic/train/video/V03_S0226_I00000139_P1437.mp4,https://dl.fbaipublicfiles.com/seamless_interaction/naturalistic/train/video/V03_S0226_I00000139_P1524.mp4,https://dl.fbaipublicfiles.com/seamless_interaction/naturalistic/train/metadata/vad/V03_S0226_I00000139_P1437.jsonl,https://dl.fbaipublicfiles.com/seamless_interaction/naturalistic/train/metadata/vad/V03_S0226_I00000139_P1524.jsonl
train,train,V03_S0226_I00000140,V03,0226,00000140,ipc_conversation,naturalistic,single,stranger,stranger,V03_S0226_I00000140_P1437,V03_S0226_I00000140_P1524,P1437,P1524,https://dl.fbaipublicfiles.com/seamless_interaction/naturalistic/train/audio/V03_S0226_I00000140_P1437.wav,https://dl.fbaipublicfiles.com/seamless_interaction/naturalistic/train/audio/V03_S0226_I00000140_P1524.wav,https://dl.fbaipublicfiles.com/seamless_interaction/naturalistic/train/video/V03_S0226_I00000140_P1437.mp4,https://dl.fbaipublicfiles.com/seamless_interaction/naturalistic/train/video/V03_S0226_I00000140_P1524.mp4,https://dl.fbaipublicfiles.com/seamless_interaction/naturalistic/train/metadata/vad/V03_S0226_I00000140_P1437.jsonl,https://dl.fbaipublicfiles.com/seamless_interaction/naturalistic/train/metadata/vad/V03_S0226_I00000140_P1524.jsonl
train,train,V03_S0241_I00000140,V03,0241,00000140,ipc_conversation,naturalistic,single,stranger,stranger,V03_S0241_I00000140_P1259,V03_S0241_I00000140_P1576,P1259,P1576,https://dl.fbaipublicfiles.com/seamless_interaction/naturalistic/train/audio/V03_S0241_I00000140_P1259.wav,https://dl.fbaipublicfiles.com/seamless_interaction/naturalistic/train/audio/V03_S0241_I00000140_P1576.wav,https://dl.fbaipublicfiles.com/seamless_interaction/naturalistic/train/video/V03_S0241_I00000140_P1259.mp4,https://dl.fbaipublicfiles.com/seamless_interaction/naturalistic/train/video/V03_S0241_I00000140_P1576.mp4,https://dl.fbaipublicfiles.com/seamless_interaction/naturalistic/train/metadata/vad/V03_S0241_I00000140_P1259.jsonl,https://dl.fbaipublicfiles.com/seamless_interaction/naturalistic/train/metadata/vad/V03_S0241_I00000140_P1576.jsonl
train,train,V03_S0241_I00000373,V03,0241,00000373,ipc_conversation,naturalistic,single,stranger,stranger,V03_S0241_I00000373_P1259,V03_S0241_I00000373_P1576,P1259,P1576,https://dl.fbaipublicfiles.com/seamless_interaction/naturalistic/train/audio/V03_S0241_I00000373_P1259.wav,https://dl.fbaipublicfiles.com/seamless_interaction/naturalistic/train/audio/V03_S0241_I00000373_P1576.wav,https://dl.fbaipublicfiles.com/seamless_interaction/naturalistic/train/video/V03_S0241_I00000373_P1259.mp4,https://dl.fbaipublicfiles.com/seamless_interaction/naturalistic/train/video/V03_S0241_I00000373_P1576.mp4,https://dl.fbaipublicfiles.com/seamless_interaction/naturalistic/train/metadata/vad/V03_S0241_I00000373_P1259.jsonl,https://dl.fbaipublicfiles.com/seamless_interaction/naturalistic/train/metadata/vad/V03_S0241_I00000373_P1576.jsonl
train,train,V03_S0242_I00000372,V03,0242,00000372,ipc_conversation,naturalistic,single,stranger,stranger,V03_S0242_I00000372_P1209,V03_S0242_I00000372_P1477,P1209,P1477,https://dl.fbaipublicfiles.com/seamless_interaction/naturalistic/train/audio/V03_S0242_I00000372_P1209.wav,https://dl.fbaipublicfiles.com/seamless_interaction/naturalistic/train/audio/V03_S0242_I00000372_P1477.wav,https://dl.fbaipublicfiles.com/seamless_interaction/naturalistic/train/video/V03_S0242_I00000372_P1209.mp4,https://dl.fbaipublicfiles.com/seamless_interaction/naturalistic/train/video/V03_S0242_I00000372_P1477.mp4,https://dl.fbaipublicfiles.com/seamless_interaction/naturalistic/train/metadata/vad/V03_S0242_I00000372_P1209.jsonl,https://dl.fbaipublicfiles.com/seamless_interaction/naturalistic/train/metadata/vad/V03_S0242_I00000372_P1477.jsonl
train,train,V03_S0242_I00000502,V03,0242,00000502,ipc_conversation,naturalistic,single,stranger,stranger,V03_S0242_I00000502_P1209,V03_S0242_I00000502_P1477,P1209,P1477,https://dl.fbaipublicfiles.com/seamless_interaction/naturalistic/train/audio/V03_S0242_I00000502_P1209.wav,https://dl.fbaipublicfiles.com/seamless_interaction/naturalistic/train/audio/V03_S0242_I00000502_P1477.wav,https://dl.fbaipublicfiles.com/seamless_interaction/naturalistic/train/video/V03_S0242_I00000502_P1209.mp4,https://dl.fbaipublicfiles.com/seamless_interaction/naturalistic/train/video/V03_S0242_I00000502_P1477.mp4,https://dl.fbaipublicfiles.com/seamless_interaction/naturalistic/train/metadata/vad/V03_S0242_I00000502_P1209.jsonl,https://dl.fbaipublicfiles.com/seamless_interaction/naturalistic/train/metadata/vad/V03_S0242_I00000502_P1477.jsonl
train,train,V03_S0243_I00000477,V03,0243,00000477,ipc_conversation,naturalistic,single,stranger,stranger,V03_S0243_I00000477_P1306,V03_S0243_I00000477_P1550,P1306,P1550,https://dl.fbaipublicfiles.com/seamless_interaction/naturalistic/train/audio/V03_S0243_I00000477_P1306.wav,https://dl.fbaipublicfiles.com/seamless_interaction/naturalistic/train/audio/V03_S0243_I00000477_P1550.wav,https://dl.fbaipublicfiles.com/seamless_interaction/naturalistic/train/video/V03_S0243_I00000477_P1306.mp4,https://dl.fbaipublicfiles.com/seamless_interaction/naturalistic/train/video/V03_S0243_I00000477_P1550.mp4,https://dl.fbaipublicfiles.com/seamless_interaction/naturalistic/train/metadata/vad/V03_S0243_I00000477_P1306.jsonl,https://dl.fbaipublicfiles.com/seamless_interaction/naturalistic/train/metadata/vad/V03_S0243_I00000477_P1550.jsonl
train,train,V03_S0243_I00000482,V03,0243,00000482,ipc_conversation,naturalistic,single,stranger,stranger,V03_S0243_I00000482_P1306,V03_S0243_I00000482_P1550,P1306,P1550,https://dl.fbaipublicfiles.com/seamless_interaction/naturalistic/train/audio/V03_S0243_I00000482_P1306.wav,https://dl.fbaipublicfiles.com/seamless_interaction/naturalistic/train/audio/V03_S0243_I00000482_P1550.wav,https://dl.fbaipublicfiles.com/seamless_interaction/naturalistic/train/video/V03_S0243_I00000482_P1306.mp4,https://dl.fbaipublicfiles.com/seamless_interaction/naturalistic/train/video/V03_S0243_I00000482_P1550.mp4,https://dl.fbaipublicfiles.com/seamless_interaction/naturalistic/train/metadata/vad/V03_S0243_I00000482_P1306.jsonl,https://dl.fbaipublicfiles.com/seamless_interaction/naturalistic/train/metadata/vad/V03_S0243_I00000482_P1550.jsonl
train,train,V03_S0243_I00000483,V03,0243,00000483,ipc_conversation,naturalistic,single,stranger,stranger,V03_S0243_I00000483_P1306,V03_S0243_I00000483_P1550,P1306,P1550,https://dl.fbaipublicfiles.com/seamless_interaction/naturalistic/train/audio/V03_S0243_I00000483_P1306.wav,https://dl.fbaipublicfiles.com/seamless_interaction/naturalistic/train/audio/V03_S0243_I00000483_P1550.wav,https://dl.fbaipublicfiles.com/seamless_interaction/naturalistic/train/video/V03_S0243_I00000483_P1306.mp4,https://dl.fbaipublicfiles.com/seamless_interaction/naturalistic/train/video/V03_S0243_I00000483_P1550.mp4,https://dl.fbaipublicfiles.com/seamless_interaction/naturalistic/train/metadata/vad/V03_S0243_I00000483_P1306.jsonl,https://dl.fbaipublicfiles.com/seamless_interaction/naturalistic/train/metadata/vad/V03_S0243_I00000483_P1550.jsonl
train,train,V03_S0259_I00000495,V03,0259,00000495,ipc_conversation,naturalistic,single,stranger,stranger,V03_S0259_I00000495_P1626,V03_S0259_I00000495_P1627,P1626,P1627,https://dl.fbaipublicfiles.com/seamless_interaction/naturalistic/train/audio/V03_S0259_I00000495_P1626.wav,https://dl.fbaipublicfiles.com/seamless_interaction/naturalistic/train/audio/V03_S0259_I00000495_P1627.wav,https://dl.fbaipublicfiles.com/seamless_interaction/naturalistic/train/video/V03_S0259_I00000495_P1626.mp4,https://dl.fbaipublicfiles.com/seamless_interaction/naturalistic/train/video/V03_S0259_I00000495_P1627.mp4,https://dl.fbaipublicfiles.com/seamless_interaction/naturalistic/train/metadata/vad/V03_S0259_I00000495_P1626.jsonl,https://dl.fbaipublicfiles.com/seamless_interaction/naturalistic/train/metadata/vad/V03_S0259_I00000495_P1627.jsonl
train,train,V03_S0260_I00000126,V03,0260,00000126,ipc_conversation,naturalistic,both,stranger,stranger,V03_S0260_I00000126_P1628,V03_S0260_I00000126_P1629,P1628,P1629,https://dl.fbaipublicfiles.com/seamless_interaction/naturalistic/train/audio/V03_S0260_I00000126_P1628.wav,https://dl.fbaipublicfiles.com/seamless_interaction/naturalistic/train/audio/V03_S0260_I00000126_P1629.wav,https://dl.fbaipublicfiles.com/seamless_interaction/naturalistic/train/video/V03_S0260_I00000126_P1628.mp4,https://dl.fbaipublicfiles.com/seamless_interaction/naturalistic/train/video/V03_S0260_I00000126_P1629.mp4,https://dl.fbaipublicfiles.com/seamless_interaction/naturalistic/train/metadata/vad/V03_S0260_I00000126_P1628.jsonl,https://dl.fbaipublicfiles.com/seamless_interaction/naturalistic/train/metadata/vad/V03_S0260_I00000126_P1629.jsonl
train,train,V03_S0260_I00000132,V03,0260,00000132,ipc_conversation,naturalistic,single,stranger,stranger,V03_S0260_I00000132_P1628,V03_S0260_I00000132_P1629,P1628,P1629,https://dl.fbaipublicfiles.com/seamless_interaction/naturalistic/train/audio/V03_S0260_I00000132_P1628.wav,https://dl.fbaipublicfiles.com/seamless_interaction/naturalistic/train/audio/V03_S0260_I00000132_P1629.wav,https://dl.fbaipublicfiles.com/seamless_interaction/naturalistic/train/video/V03_S0260_I00000132_P1628.mp4,https://dl.fbaipublicfiles.com/seamless_interaction/naturalistic/train/video/V03_S0260_I00000132_P1629.mp4,https://dl.fbaipublicfiles.com/seamless_interaction/naturalistic/train/metadata/vad/V03_S0260_I00000132_P1628.jsonl,https://dl.fbaipublicfiles.com/seamless_interaction/naturalistic/train/metadata/vad/V03_S0260_I00000132_P1629.jsonl
train,train,V03_S0260_I00000135,V03,0260,00000135,collaborative_storytelling,naturalistic,single,stranger,stranger,V03_S0260_I00000135_P1628,V03_S0260_I00000135_P1629,P1628,P1629,https://dl.fbaipublicfiles.com/seamless_interaction/naturalistic/train/audio/V03_S0260_I00000135_P1628.wav,https://dl.fbaipublicfiles.com/seamless_interaction/naturalistic/train/audio/V03_S0260_I00000135_P1629.wav,https://dl.fbaipublicfiles.com/seamless_interaction/naturalistic/train/video/V03_S0260_I00000135_P1628.mp4,https://dl.fbaipublicfiles.com/seamless_interaction/naturalistic/train/video/V03_S0260_I00000135_P1629.mp4,https://dl.fbaipublicfiles.com/seamless_interaction/naturalistic/train/metadata/vad/V03_S0260_I00000135_P1628.jsonl,https://dl.fbaipublicfiles.com/seamless_interaction/naturalistic/train/metadata/vad/V03_S0260_I00000135_P1629.jsonl
train,train,V03_S0260_I00000309,V03,0260,00000309,ipc_conversation,naturalistic,single,stranger,stranger,V03_S0260_I00000309_P1628,V03_S0260_I00000309_P1629,P1628,P1629,https://dl.fbaipublicfiles.com/seamless_interaction/naturalistic/train/audio/V03_S0260_I00000309_P1628.wav,https://dl.fbaipublicfiles.com/seamless_interaction/naturalistic/train/audio/V03_S0260_I00000309_P1629.wav,https://dl.fbaipublicfiles.com/seamless_interaction/naturalistic/train/video/V03_S0260_I00000309_P1628.mp4,https://dl.fbaipublicfiles.com/seamless_interaction/naturalistic/train/video/V03_S0260_I00000309_P1629.mp4,https://dl.fbaipublicfiles.com/seamless_interaction/naturalistic/train/metadata/vad/V03_S0260_I00000309_P1628.jsonl,https://dl.fbaipublicfiles.com/seamless_interaction/naturalistic/train/metadata/vad/V03_S0260_I00000309_P1629.jsonl
train,train,V03_S0261_I00000374,V03,0261,00000374,ipc_conversation,naturalistic,single,familiar,familiar-generic,V03_S0261_I00000374_P1490,V03_S0261_I00000374_P1634,P1490,P1634,https://dl.fbaipublicfiles.com/seamless_interaction/naturalistic/train/audio/V03_S0261_I00000374_P1490.wav,https://dl.fbaipublicfiles.com/seamless_interaction/naturalistic/train/audio/V03_S0261_I00000374_P1634.wav,https://dl.fbaipublicfiles.com/seamless_interaction/naturalistic/train/video/V03_S0261_I00000374_P1490.mp4,https://dl.fbaipublicfiles.com/seamless_interaction/naturalistic/train/video/V03_S0261_I00000374_P1634.mp4,https://dl.fbaipublicfiles.com/seamless_interaction/naturalistic/train/metadata/vad/V03_S0261_I00000374_P1490.jsonl,https://dl.fbaipublicfiles.com/seamless_interaction/naturalistic/train/metadata/vad/V03_S0261_I00000374_P1634.jsonl
train,train,V03_S0262_I00000126,V03,0262,00000126,ipc_conversation,naturalistic,single,stranger,stranger,V03_S0262_I00000126_P1636,V03_S0262_I00000126_P1637,P1636,P1637,https://dl.fbaipublicfiles.com/seamless_interaction/naturalistic/train/audio/V03_S0262_I00000126_P1636.wav,https://dl.fbaipublicfiles.com/seamless_interaction/naturalistic/train/audio/V03_S0262_I00000126_P1637.wav,https://dl.fbaipublicfiles.com/seamless_interaction/naturalistic/train/video/V03_S0262_I00000126_P1636.mp4,https://dl.fbaipublicfiles.com/seamless_interaction/naturalistic/train/video/V03_S0262_I00000126_P1637.mp4,https://dl.fbaipublicfiles.com/seamless_interaction/naturalistic/train/metadata/vad/V03_S0262_I00000126_P1636.jsonl,https://dl.fbaipublicfiles.com/seamless_interaction/naturalistic/train/metadata/vad/V03_S0262_I00000126_P1637.jsonl
train,train,V03_S0262_I00000131,V03,0262,00000131,ipc_conversation,naturalistic,single,stranger,stranger,V03_S0262_I00000131_P1636,V03_S0262_I00000131_P1637,P1636,P1637,https://dl.fbaipublicfiles.com/seamless_interaction/naturalistic/train/audio/V03_S0262_I00000131_P1636.wav,https://dl.fbaipublicfiles.com/seamless_interaction/naturalistic/train/audio/V03_S0262_I00000131_P1637.wav,https://dl.fbaipublicfiles.com/seamless_interaction/naturalistic/train/video/V03_S0262_I00000131_P1636.mp4,https://dl.fbaipublicfiles.com/seamless_interaction/naturalistic/train/video/V03_S0262_I00000131_P1637.mp4,https://dl.fbaipublicfiles.com/seamless_interaction/naturalistic/train/metadata/vad/V03_S0262_I00000131_P1636.jsonl,https://dl.fbaipublicfiles.com/seamless_interaction/naturalistic/train/metadata/vad/V03_S0262_I00000131_P1637.jsonl
train,train,V03_S0262_I00000309,V03,0262,00000309,ipc_conversation,naturalistic,single,stranger,stranger,V03_S0262_I00000309_P1636,V03_S0262_I00000309_P1637,P1636,P1637,https://dl.fbaipublicfiles.com/seamless_interaction/naturalistic/train/audio/V03_S0262_I00000309_P1636.wav,https://dl.fbaipublicfiles.com/seamless_interaction/naturalistic/train/audio/V03_S0262_I00000309_P1637.wav,https://dl.fbaipublicfiles.com/seamless_interaction/naturalistic/train/video/V03_S0262_I00000309_P1636.mp4,https://dl.fbaipublicfiles.com/seamless_interaction/naturalistic/train/video/V03_S0262_I00000309_P1637.mp4,https://dl.fbaipublicfiles.com/seamless_interaction/naturalistic/train/metadata/vad/V03_S0262_I00000309_P1636.jsonl,https://dl.fbaipublicfiles.com/seamless_interaction/naturalistic/train/metadata/vad/V03_S0262_I00000309_P1637.jsonl
train,train,V03_S0263_I00000125,V03,0263,00000125,ipc_conversation,naturalistic,single,stranger,stranger,V03_S0263_I00000125_P1288,V03_S0263_I00000125_P1639,P1288,P1639,https://dl.fbaipublicfiles.com/seamless_interaction/naturalistic/train/audio/V03_S0263_I00000125_P1288.wav,https://dl.fbaipublicfiles.com/seamless_interaction/naturalistic/train/audio/V03_S0263_I00000125_P1639.wav,https://dl.fbaipublicfiles.com/seamless_interaction/naturalistic/train/video/V03_S0263_I00000125_P1288.mp4,https://dl.fbaipublicfiles.com/seamless_interaction/naturalistic/train/video/V03_S0263_I00000125_P1639.mp4,https://dl.fbaipublicfiles.com/seamless_interaction/naturalistic/train/metadata/vad/V03_S0263_I00000125_P1288.jsonl,https://dl.fbaipublicfiles.com/seamless_interaction/naturalistic/train/metadata/vad/V03_S0263_I00000125_P1639.jsonl
train,train,V03_S0263_I00000130,V03,0263,00000130,ipc_conversation,naturalistic,single,stranger,stranger,V03_S0263_I00000130_P1288,V03_S0263_I00000130_P1639,P1288,P1639,https://dl.fbaipublicfiles.com/seamless_interaction/naturalistic/train/audio/V03_S0263_I00000130_P1288.wav,https://dl.fbaipublicfiles.com/seamless_interaction/naturalistic/train/audio/V03_S0263_I00000130_P1639.wav,https://dl.fbaipublicfiles.com/seamless_interaction/naturalistic/train/video/V03_S0263_I00000130_P1288.mp4,https://dl.fbaipublicfiles.com/seamless_interaction/naturalistic/train/video/V03_S0263_I00000130_P1639.mp4,https://dl.fbaipublicfiles.com/seamless_interaction/naturalistic/train/metadata/vad/V03_S0263_I00000130_P1288.jsonl,https://dl.fbaipublicfiles.com/seamless_interaction/naturalistic/train/metadata/vad/V03_S0263_I00000130_P1639.jsonl
train,train,V03_S0263_I00000135,V03,0263,00000135,collaborative_storytelling,naturalistic,single,stranger,stranger,V03_S0263_I00000135_P1288,V03_S0263_I00000135_P1639,P1288,P1639,https://dl.fbaipublicfiles.com/seamless_interaction/naturalistic/train/audio/V03_S0263_I00000135_P1288.wav,https://dl.fbaipublicfiles.com/seamless_interaction/naturalistic/train/audio/V03_S0263_I00000135_P1639.wav,https://dl.fbaipublicfiles.com/seamless_interaction/naturalistic/train/video/V03_S0263_I00000135_P1288.mp4,https://dl.fbaipublicfiles.com/seamless_interaction/naturalistic/train/video/V03_S0263_I00000135_P1639.mp4,https://dl.fbaipublicfiles.com/seamless_interaction/naturalistic/train/metadata/vad/V03_S0263_I00000135_P1288.jsonl,https://dl.fbaipublicfiles.com/seamless_interaction/naturalistic/train/metadata/vad/V03_S0263_I00000135_P1639.jsonl
train,train,V03_S0275_I00000377,V03,0275,00000377,ipc_conversation,naturalistic,single,stranger,stranger,V03_S0275_I00000377_P1429,V03_S0275_I00000377_P1529,P1429,P1529,https://dl.fbaipublicfiles.com/seamless_interaction/naturalistic/train/audio/V03_S0275_I00000377_P1429.wav,https://dl.fbaipublicfiles.com/seamless_interaction/naturalistic/train/audio/V03_S0275_I00000377_P1529.wav,https://dl.fbaipublicfiles.com/seamless_interaction/naturalistic/train/video/V03_S0275_I00000377_P1429.mp4,https://dl.fbaipublicfiles.com/seamless_interaction/naturalistic/train/video/V03_S0275_I00000377_P1529.mp4,https://dl.fbaipublicfiles.com/seamless_interaction/naturalistic/train/metadata/vad/V03_S0275_I00000377_P1429.jsonl,https://dl.fbaipublicfiles.com/seamless_interaction/naturalistic/train/metadata/vad/V03_S0275_I00000377_P1529.jsonl
train,train,V03_S0275_I00000478,V03,0275,00000478,ipc_conversation,naturalistic,single,stranger,stranger,V03_S0275_I00000478_P1429,V03_S0275_I00000478_P1529,P1429,P1529,https://dl.fbaipublicfiles.com/seamless_interaction/naturalistic/train/audio/V03_S0275_I00000478_P1429.wav,https://dl.fbaipublicfiles.com/seamless_interaction/naturalistic/train/audio/V03_S0275_I00000478_P1529.wav,https://dl.fbaipublicfiles.com/seamless_interaction/naturalistic/train/video/V03_S0275_I00000478_P1429.mp4,https://dl.fbaipublicfiles.com/seamless_interaction/naturalistic/train/video/V03_S0275_I00000478_P1529.mp4,https://dl.fbaipublicfiles.com/seamless_interaction/naturalistic/train/metadata/vad/V03_S0275_I00000478_P1429.jsonl,https://dl.fbaipublicfiles.com/seamless_interaction/naturalistic/train/metadata/vad/V03_S0275_I00000478_P1529.jsonl
train,train,V03_S0292_I00000411,V03,0292,00000411,ipc_conversation,naturalistic,single,stranger,stranger,V03_S0292_I00000411_P1291,V03_S0292_I00000411_P1529,P1291,P1529,https://dl.fbaipublicfiles.com/seamless_interaction/naturalistic/train/audio/V03_S0292_I00000411_P1291.wav,https://dl.fbaipublicfiles.com/seamless_interaction/naturalistic/train/audio/V03_S0292_I00000411_P1529.wav,https://dl.fbaipublicfiles.com/seamless_interaction/naturalistic/train/video/V03_S0292_I00000411_P1291.mp4,https://dl.fbaipublicfiles.com/seamless_interaction/naturalistic/train/video/V03_S0292_I00000411_P1529.mp4,https://dl.fbaipublicfiles.com/seamless_interaction/naturalistic/train/metadata/vad/V03_S0292_I00000411_P1291.jsonl,https://dl.fbaipublicfiles.com/seamless_interaction/naturalistic/train/metadata/vad/V03_S0292_I00000411_P1529.jsonl
train,train,V03_S0292_I00000414,V03,0292,00000414,ipc_conversation,naturalistic,single,stranger,stranger,V03_S0292_I00000414_P1291,V03_S0292_I00000414_P1529,P1291,P1529,https://dl.fbaipublicfiles.com/seamless_interaction/naturalistic/train/audio/V03_S0292_I00000414_P1291.wav,https://dl.fbaipublicfiles.com/seamless_interaction/naturalistic/train/audio/V03_S0292_I00000414_P1529.wav,https://dl.fbaipublicfiles.com/seamless_interaction/naturalistic/train/video/V03_S0292_I00000414_P1291.mp4,https://dl.fbaipublicfiles.com/seamless_interaction/naturalistic/train/video/V03_S0292_I00000414_P1529.mp4,https://dl.fbaipublicfiles.com/seamless_interaction/naturalistic/train/metadata/vad/V03_S0292_I00000414_P1291.jsonl,https://dl.fbaipublicfiles.com/seamless_interaction/naturalistic/train/metadata/vad/V03_S0292_I00000414_P1529.jsonl
train,train,V03_S0292_I00000415,V03,0292,00000415,ipc_conversation,naturalistic,single,stranger,stranger,V03_S0292_I00000415_P1291,V03_S0292_I00000415_P1529,P1291,P1529,https://dl.fbaipublicfiles.com/seamless_interaction/naturalistic/train/audio/V03_S0292_I00000415_P1291.wav,https://dl.fbaipublicfiles.com/seamless_interaction/naturalistic/train/audio/V03_S0292_I00000415_P1529.wav,https://dl.fbaipublicfiles.com/seamless_interaction/naturalistic/train/video/V03_S0292_I00000415_P1291.mp4,https://dl.fbaipublicfiles.com/seamless_interaction/naturalistic/train/video/V03_S0292_I00000415_P1529.mp4,https://dl.fbaipublicfiles.com/seamless_interaction/naturalistic/train/metadata/vad/V03_S0292_I00000415_P1291.jsonl,https://dl.fbaipublicfiles.com/seamless_interaction/naturalistic/train/metadata/vad/V03_S0292_I00000415_P1529.jsonl
train,train,V03_S0292_I00000416,V03,0292,00000416,ipc_conversation,naturalistic,single,stranger,stranger,V03_S0292_I00000416_P1291,V03_S0292_I00000416_P1529,P1291,P1529,https://dl.fbaipublicfiles.com/seamless_interaction/naturalistic/train/audio/V03_S0292_I00000416_P1291.wav,https://dl.fbaipublicfiles.com/seamless_interaction/naturalistic/train/audio/V03_S0292_I00000416_P1529.wav,https://dl.fbaipublicfiles.com/seamless_interaction/naturalistic/train/video/V03_S0292_I00000416_P1291.mp4,https://dl.fbaipublicfiles.com/seamless_interaction/naturalistic/train/video/V03_S0292_I00000416_P1529.mp4,https://dl.fbaipublicfiles.com/seamless_interaction/naturalistic/train/metadata/vad/V03_S0292_I00000416_P1291.jsonl,https://dl.fbaipublicfiles.com/seamless_interaction/naturalistic/train/metadata/vad/V03_S0292_I00000416_P1529.jsonl
train,train,V03_S0292_I00000417,V03,0292,00000417,ipc_conversation,naturalistic,single,stranger,stranger,V03_S0292_I00000417_P1291,V03_S0292_I00000417_P1529,P1291,P1529,https://dl.fbaipublicfiles.com/seamless_interaction/naturalistic/train/audio/V03_S0292_I00000417_P1291.wav,https://dl.fbaipublicfiles.com/seamless_interaction/naturalistic/train/audio/V03_S0292_I00000417_P1529.wav,https://dl.fbaipublicfiles.com/seamless_interaction/naturalistic/train/video/V03_S0292_I00000417_P1291.mp4,https://dl.fbaipublicfiles.com/seamless_interaction/naturalistic/train/video/V03_S0292_I00000417_P1529.mp4,https://dl.fbaipublicfiles.com/seamless_interaction/naturalistic/train/metadata/vad/V03_S0292_I00000417_P1291.jsonl,https://dl.fbaipublicfiles.com/seamless_interaction/naturalistic/train/metadata/vad/V03_S0292_I00000417_P1529.jsonl
train,train,V03_S0292_I00000419,V03,0292,00000419,ipc_conversation,naturalistic,single,stranger,stranger,V03_S0292_I00000419_P1291,V03_S0292_I00000419_P1529,P1291,P1529,https://dl.fbaipublicfiles.com/seamless_interaction/naturalistic/train/audio/V03_S0292_I00000419_P1291.wav,https://dl.fbaipublicfiles.com/seamless_interaction/naturalistic/train/audio/V03_S0292_I00000419_P1529.wav,https://dl.fbaipublicfiles.com/seamless_interaction/naturalistic/train/video/V03_S0292_I00000419_P1291.mp4,https://dl.fbaipublicfiles.com/seamless_interaction/naturalistic/train/video/V03_S0292_I00000419_P1529.mp4,https://dl.fbaipublicfiles.com/seamless_interaction/naturalistic/train/metadata/vad/V03_S0292_I00000419_P1291.jsonl,https://dl.fbaipublicfiles.com/seamless_interaction/naturalistic/train/metadata/vad/V03_S0292_I00000419_P1529.jsonl
train,train,V03_S0292_I00000420,V03,0292,00000420,ipc_conversation,naturalistic,single,stranger,stranger,V03_S0292_I00000420_P1291,V03_S0292_I00000420_P1529,P1291,P1529,https://dl.fbaipublicfiles.com/seamless_interaction/naturalistic/train/audio/V03_S0292_I00000420_P1291.wav,https://dl.fbaipublicfiles.com/seamless_interaction/naturalistic/train/audio/V03_S0292_I00000420_P1529.wav,https://dl.fbaipublicfiles.com/seamless_interaction/naturalistic/train/video/V03_S0292_I00000420_P1291.mp4,https://dl.fbaipublicfiles.com/seamless_interaction/naturalistic/train/video/V03_S0292_I00000420_P1529.mp4,https://dl.fbaipublicfiles.com/seamless_interaction/naturalistic/train/metadata/vad/V03_S0292_I00000420_P1291.jsonl,https://dl.fbaipublicfiles.com/seamless_interaction/naturalistic/train/metadata/vad/V03_S0292_I00000420_P1529.jsonl
train,train,V03_S0292_I00000423,V03,0292,00000423,ipc_conversation,naturalistic,single,stranger,stranger,V03_S0292_I00000423_P1291,V03_S0292_I00000423_P1529,P1291,P1529,https://dl.fbaipublicfiles.com/seamless_interaction/naturalistic/train/audio/V03_S0292_I00000423_P1291.wav,https://dl.fbaipublicfiles.com/seamless_interaction/naturalistic/train/audio/V03_S0292_I00000423_P1529.wav,https://dl.fbaipublicfiles.com/seamless_interaction/naturalistic/train/video/V03_S0292_I00000423_P1291.mp4,https://dl.fbaipublicfiles.com/seamless_interaction/naturalistic/train/video/V03_S0292_I00000423_P1529.mp4,https://dl.fbaipublicfiles.com/seamless_interaction/naturalistic/train/metadata/vad/V03_S0292_I00000423_P1291.jsonl,https://dl.fbaipublicfiles.com/seamless_interaction/naturalistic/train/metadata/vad/V03_S0292_I00000423_P1529.jsonl
train,train,V03_S0295_I00000054,V03,0295,00000054,ipc_conversation,naturalistic,single,stranger,stranger,V03_S0295_I00000054_P1375,V03_S0295_I00000054_P1429,P1375,P1429,https://dl.fbaipublicfiles.com/seamless_interaction/naturalistic/train/audio/V03_S0295_I00000054_P1375.wav,https://dl.fbaipublicfiles.com/seamless_interaction/naturalistic/train/audio/V03_S0295_I00000054_P1429.wav,https://dl.fbaipublicfiles.com/seamless_interaction/naturalistic/train/video/V03_S0295_I00000054_P1375.mp4,https://dl.fbaipublicfiles.com/seamless_interaction/naturalistic/train/video/V03_S0295_I00000054_P1429.mp4,https://dl.fbaipublicfiles.com/seamless_interaction/naturalistic/train/metadata/vad/V03_S0295_I00000054_P1375.jsonl,https://dl.fbaipublicfiles.com/seamless_interaction/naturalistic/train/metadata/vad/V03_S0295_I00000054_P1429.jsonl
train,train,V03_S0310_I00000126,V03,0310,00000126,ipc_conversation,naturalistic,single,stranger,stranger,V03_S0310_I00000126_P1626,V03_S0310_I00000126_P1765,P1626,P1765,https://dl.fbaipublicfiles.com/seamless_interaction/naturalistic/train/audio/V03_S0310_I00000126_P1626.wav,https://dl.fbaipublicfiles.com/seamless_interaction/naturalistic/train/audio/V03_S0310_I00000126_P1765.wav,https://dl.fbaipublicfiles.com/seamless_interaction/naturalistic/train/video/V03_S0310_I00000126_P1626.mp4,https://dl.fbaipublicfiles.com/seamless_interaction/naturalistic/train/video/V03_S0310_I00000126_P1765.mp4,https://dl.fbaipublicfiles.com/seamless_interaction/naturalistic/train/metadata/vad/V03_S0310_I00000126_P1626.jsonl,https://dl.fbaipublicfiles.com/seamless_interaction/naturalistic/train/metadata/vad/V03_S0310_I00000126_P1765.jsonl
train,train,V03_S0310_I00000132,V03,0310,00000132,ipc_conversation,naturalistic,single,stranger,stranger,V03_S0310_I00000132_P1626,V03_S0310_I00000132_P1765,P1626,P1765,https://dl.fbaipublicfiles.com/seamless_interaction/naturalistic/train/audio/V03_S0310_I00000132_P1626.wav,https://dl.fbaipublicfiles.com/seamless_interaction/naturalistic/train/audio/V03_S0310_I00000132_P1765.wav,https://dl.fbaipublicfiles.com/seamless_interaction/naturalistic/train/video/V03_S0310_I00000132_P1626.mp4,https://dl.fbaipublicfiles.com/seamless_interaction/naturalistic/train/video/V03_S0310_I00000132_P1765.mp4,https://dl.fbaipublicfiles.com/seamless_interaction/naturalistic/train/metadata/vad/V03_S0310_I00000132_P1626.jsonl,https://dl.fbaipublicfiles.com/seamless_interaction/naturalistic/train/metadata/vad/V03_S0310_I00000132_P1765.jsonl
train,train,V03_S0310_I00000309,V03,0310,00000309,ipc_conversation,naturalistic,single,stranger,stranger,V03_S0310_I00000309_P1626,V03_S0310_I00000309_P1765,P1626,P1765,https://dl.fbaipublicfiles.com/seamless_interaction/naturalistic/train/audio/V03_S0310_I00000309_P1626.wav,https://dl.fbaipublicfiles.com/seamless_interaction/naturalistic/train/audio/V03_S0310_I00000309_P1765.wav,https://dl.fbaipublicfiles.com/seamless_interaction/naturalistic/train/video/V03_S0310_I00000309_P1626.mp4,https://dl.fbaipublicfiles.com/seamless_interaction/naturalistic/train/video/V03_S0310_I00000309_P1765.mp4,https://dl.fbaipublicfiles.com/seamless_interaction/naturalistic/train/metadata/vad/V03_S0310_I00000309_P1626.jsonl,https://dl.fbaipublicfiles.com/seamless_interaction/naturalistic/train/metadata/vad/V03_S0310_I00000309_P1765.jsonl
train,train,V03_S0310_I00000313,V03,0310,00000313,ipc_conversation,naturalistic,single,stranger,stranger,V03_S0310_I00000313_P1626,V03_S0310_I00000313_P1765,P1626,P1765,https://dl.fbaipublicfiles.com/seamless_interaction/naturalistic/train/audio/V03_S0310_I00000313_P1626.wav,https://dl.fbaipublicfiles.com/seamless_interaction/naturalistic/train/audio/V03_S0310_I00000313_P1765.wav,https://dl.fbaipublicfiles.com/seamless_interaction/naturalistic/train/video/V03_S0310_I00000313_P1626.mp4,https://dl.fbaipublicfiles.com/seamless_interaction/naturalistic/train/video/V03_S0310_I00000313_P1765.mp4,https://dl.fbaipublicfiles.com/seamless_interaction/naturalistic/train/metadata/vad/V03_S0310_I00000313_P1626.jsonl,https://dl.fbaipublicfiles.com/seamless_interaction/naturalistic/train/metadata/vad/V03_S0310_I00000313_P1765.jsonl
train,train,V03_S0310_I00000498,V03,0310,00000498,ipc_conversation,naturalistic,single,stranger,stranger,V03_S0310_I00000498_P1626,V03_S0310_I00000498_P1765,P1626,P1765,https://dl.fbaipublicfiles.com/seamless_interaction/naturalistic/train/audio/V03_S0310_I00000498_P1626.wav,https://dl.fbaipublicfiles.com/seamless_interaction/naturalistic/train/audio/V03_S0310_I00000498_P1765.wav,https://dl.fbaipublicfiles.com/seamless_interaction/naturalistic/train/video/V03_S0310_I00000498_P1626.mp4,https://dl.fbaipublicfiles.com/seamless_interaction/naturalistic/train/video/V03_S0310_I00000498_P1765.mp4,https://dl.fbaipublicfiles.com/seamless_interaction/naturalistic/train/metadata/vad/V03_S0310_I00000498_P1626.jsonl,https://dl.fbaipublicfiles.com/seamless_interaction/naturalistic/train/metadata/vad/V03_S0310_I00000498_P1765.jsonl
train,train,V03_S0328_I00000126,V03,0328,00000126,ipc_conversation,naturalistic,single,stranger,stranger,V03_S0328_I00000126_P1880,V03_S0328_I00000126_P1881,P1880,P1881,https://dl.fbaipublicfiles.com/seamless_interaction/naturalistic/train/audio/V03_S0328_I00000126_P1880.wav,https://dl.fbaipublicfiles.com/seamless_interaction/naturalistic/train/audio/V03_S0328_I00000126_P1881.wav,https://dl.fbaipublicfiles.com/seamless_interaction/naturalistic/train/video/V03_S0328_I00000126_P1880.mp4,https://dl.fbaipublicfiles.com/seamless_interaction/naturalistic/train/video/V03_S0328_I00000126_P1881.mp4,https://dl.fbaipublicfiles.com/seamless_interaction/naturalistic/train/metadata/vad/V03_S0328_I00000126_P1880.jsonl,https://dl.fbaipublicfiles.com/seamless_interaction/naturalistic/train/metadata/vad/V03_S0328_I00000126_P1881.jsonl
train,train,V03_S0328_I00000137,V03,0328,00000137,ipc_conversation,naturalistic,single,stranger,stranger,V03_S0328_I00000137_P1880,V03_S0328_I00000137_P1881,P1880,P1881,https://dl.fbaipublicfiles.com/seamless_interaction/naturalistic/train/audio/V03_S0328_I00000137_P1880.wav,https://dl.fbaipublicfiles.com/seamless_interaction/naturalistic/train/audio/V03_S0328_I00000137_P1881.wav,https://dl.fbaipublicfiles.com/seamless_interaction/naturalistic/train/video/V03_S0328_I00000137_P1880.mp4,https://dl.fbaipublicfiles.com/seamless_interaction/naturalistic/train/video/V03_S0328_I00000137_P1881.mp4,https://dl.fbaipublicfiles.com/seamless_interaction/naturalistic/train/metadata/vad/V03_S0328_I00000137_P1880.jsonl,https://dl.fbaipublicfiles.com/seamless_interaction/naturalistic/train/metadata/vad/V03_S0328_I00000137_P1881.jsonl
train,train,V03_S0329_I00000065,V03,0329,00000065,ipc_conversation,naturalistic,single,stranger,stranger,V03_S0329_I00000065_P1291,V03_S0329_I00000065_P1884,P1291,P1884,https://dl.fbaipublicfiles.com/seamless_interaction/naturalistic/train/audio/V03_S0329_I00000065_P1291.wav,https://dl.fbaipublicfiles.com/seamless_interaction/naturalistic/train/audio/V03_S0329_I00000065_P1884.wav,https://dl.fbaipublicfiles.com/seamless_interaction/naturalistic/train/video/V03_S0329_I00000065_P1291.mp4,https://dl.fbaipublicfiles.com/seamless_interaction/naturalistic/train/video/V03_S0329_I00000065_P1884.mp4,https://dl.fbaipublicfiles.com/seamless_interaction/naturalistic/train/metadata/vad/V03_S0329_I00000065_P1291.jsonl,https://dl.fbaipublicfiles.com/seamless_interaction/naturalistic/train/metadata/vad/V03_S0329_I00000065_P1884.jsonl
train,train,V03_S0332_I00000054,V03,0332,00000054,ipc_conversation,naturalistic,single,stranger,stranger,V03_S0332_I00000054_P1628,V03_S0332_I00000054_P1891,P1628,P1891,https://dl.fbaipublicfiles.com/seamless_interaction/naturalistic/train/audio/V03_S0332_I00000054_P1628.wav,https://dl.fbaipublicfiles.com/seamless_interaction/naturalistic/train/audio/V03_S0332_I00000054_P1891.wav,https://dl.fbaipublicfiles.com/seamless_interaction/naturalistic/train/video/V03_S0332_I00000054_P1628.mp4,https://dl.fbaipublicfiles.com/seamless_interaction/naturalistic/train/video/V03_S0332_I00000054_P1891.mp4,https://dl.fbaipublicfiles.com/seamless_interaction/naturalistic/train/metadata/vad/V03_S0332_I00000054_P1628.jsonl,https://dl.fbaipublicfiles.com/seamless_interaction/naturalistic/train/metadata/vad/V03_S0332_I00000054_P1891.jsonl
train,train,V03_S0368_I00000128,V03,0368,00000128,ipc_conversation,naturalistic,single,familiar,familiar-generic,V03_S0368_I00000128_P1331,V03_S0368_I00000128_P1963,P1331,P1963,https://dl.fbaipublicfiles.com/seamless_interaction/naturalistic/train/audio/V03_S0368_I00000128_P1331.wav,https://dl.fbaipublicfiles.com/seamless_interaction/naturalistic/train/audio/V03_S0368_I00000128_P1963.wav,https://dl.fbaipublicfiles.com/seamless_interaction/naturalistic/train/video/V03_S0368_I00000128_P1331.mp4,https://dl.fbaipublicfiles.com/seamless_interaction/naturalistic/train/video/V03_S0368_I00000128_P1963.mp4,https://dl.fbaipublicfiles.com/seamless_interaction/naturalistic/train/metadata/vad/V03_S0368_I00000128_P1331.jsonl,https://dl.fbaipublicfiles.com/seamless_interaction/naturalistic/train/metadata/vad/V03_S0368_I00000128_P1963.jsonl
train,train,V03_S0368_I00000130,V03,0368,00000130,ipc_conversation,naturalistic,single,familiar,familiar-generic,V03_S0368_I00000130_P1331,V03_S0368_I00000130_P1963,P1331,P1963,https://dl.fbaipublicfiles.com/seamless_interaction/naturalistic/train/audio/V03_S0368_I00000130_P1331.wav,https://dl.fbaipublicfiles.com/seamless_interaction/naturalistic/train/audio/V03_S0368_I00000130_P1963.wav,https://dl.fbaipublicfiles.com/seamless_interaction/naturalistic/train/video/V03_S0368_I00000130_P1331.mp4,https://dl.fbaipublicfiles.com/seamless_interaction/naturalistic/train/video/V03_S0368_I00000130_P1963.mp4,https://dl.fbaipublicfiles.com/seamless_interaction/naturalistic/train/metadata/vad/V03_S0368_I00000130_P1331.jsonl,https://dl.fbaipublicfiles.com/seamless_interaction/naturalistic/train/metadata/vad/V03_S0368_I00000130_P1963.jsonl
train,train,V03_S0368_I00000132,V03,0368,00000132,ipc_conversation,naturalistic,single,familiar,familiar-generic,V03_S0368_I00000132_P1331,V03_S0368_I00000132_P1963,P1331,P1963,https://dl.fbaipublicfiles.com/seamless_interaction/naturalistic/train/audio/V03_S0368_I00000132_P1331.wav,https://dl.fbaipublicfiles.com/seamless_interaction/naturalistic/train/audio/V03_S0368_I00000132_P1963.wav,https://dl.fbaipublicfiles.com/seamless_interaction/naturalistic/train/video/V03_S0368_I00000132_P1331.mp4,https://dl.fbaipublicfiles.com/seamless_interaction/naturalistic/train/video/V03_S0368_I00000132_P1963.mp4,https://dl.fbaipublicfiles.com/seamless_interaction/naturalistic/train/metadata/vad/V03_S0368_I00000132_P1331.jsonl,https://dl.fbaipublicfiles.com/seamless_interaction/naturalistic/train/metadata/vad/V03_S0368_I00000132_P1963.jsonl
train,train,V03_S0368_I00000461,V03,0368,00000461,ipc_conversation,naturalistic,single,familiar,familiar-generic,V03_S0368_I00000461_P1331,V03_S0368_I00000461_P1963,P1331,P1963,https://dl.fbaipublicfiles.com/seamless_interaction/naturalistic/train/audio/V03_S0368_I00000461_P1331.wav,https://dl.fbaipublicfiles.com/seamless_interaction/naturalistic/train/audio/V03_S0368_I00000461_P1963.wav,https://dl.fbaipublicfiles.com/seamless_interaction/naturalistic/train/video/V03_S0368_I00000461_P1331.mp4,https://dl.fbaipublicfiles.com/seamless_interaction/naturalistic/train/video/V03_S0368_I00000461_P1963.mp4,https://dl.fbaipublicfiles.com/seamless_interaction/naturalistic/train/metadata/vad/V03_S0368_I00000461_P1331.jsonl,https://dl.fbaipublicfiles.com/seamless_interaction/naturalistic/train/metadata/vad/V03_S0368_I00000461_P1963.jsonl
train,train,V03_S0368_I00000462,V03,0368,00000462,ipc_conversation,naturalistic,single,familiar,familiar-generic,V03_S0368_I00000462_P1331,V03_S0368_I00000462_P1963,P1331,P1963,https://dl.fbaipublicfiles.com/seamless_interaction/naturalistic/train/audio/V03_S0368_I00000462_P1331.wav,https://dl.fbaipublicfiles.com/seamless_interaction/naturalistic/train/audio/V03_S0368_I00000462_P1963.wav,https://dl.fbaipublicfiles.com/seamless_interaction/naturalistic/train/video/V03_S0368_I00000462_P1331.mp4,https://dl.fbaipublicfiles.com/seamless_interaction/naturalistic/train/video/V03_S0368_I00000462_P1963.mp4,https://dl.fbaipublicfiles.com/seamless_interaction/naturalistic/train/metadata/vad/V03_S0368_I00000462_P1331.jsonl,https://dl.fbaipublicfiles.com/seamless_interaction/naturalistic/train/metadata/vad/V03_S0368_I00000462_P1963.jsonl
train,train,V03_S0370_I00000170,V03,0370,00000170,ipc_conversation,naturalistic,single,stranger,stranger,V03_S0370_I00000170_P1699,V03_S0370_I00000170_P2173,P1699,P2173,https://dl.fbaipublicfiles.com/seamless_interaction/naturalistic/train/audio/V03_S0370_I00000170_P1699.wav,https://dl.fbaipublicfiles.com/seamless_interaction/naturalistic/train/audio/V03_S0370_I00000170_P2173.wav,https://dl.fbaipublicfiles.com/seamless_interaction/naturalistic/train/video/V03_S0370_I00000170_P1699.mp4,https://dl.fbaipublicfiles.com/seamless_interaction/naturalistic/train/video/V03_S0370_I00000170_P2173.mp4,https://dl.fbaipublicfiles.com/seamless_interaction/naturalistic/train/metadata/vad/V03_S0370_I00000170_P1699.jsonl,https://dl.fbaipublicfiles.com/seamless_interaction/naturalistic/train/metadata/vad/V03_S0370_I00000170_P2173.jsonl
train,train,V03_S0370_I00000175,V03,0370,00000175,collaborative_storytelling,naturalistic,single,stranger,stranger,V03_S0370_I00000175_P1699,V03_S0370_I00000175_P2173,P1699,P2173,https://dl.fbaipublicfiles.com/seamless_interaction/naturalistic/train/audio/V03_S0370_I00000175_P1699.wav,https://dl.fbaipublicfiles.com/seamless_interaction/naturalistic/train/audio/V03_S0370_I00000175_P2173.wav,https://dl.fbaipublicfiles.com/seamless_interaction/naturalistic/train/video/V03_S0370_I00000175_P1699.mp4,https://dl.fbaipublicfiles.com/seamless_interaction/naturalistic/train/video/V03_S0370_I00000175_P2173.mp4,https://dl.fbaipublicfiles.com/seamless_interaction/naturalistic/train/metadata/vad/V03_S0370_I00000175_P1699.jsonl,https://dl.fbaipublicfiles.com/seamless_interaction/naturalistic/train/metadata/vad/V03_S0370_I00000175_P2173.jsonl
train,train,V03_S0370_I00000178,V03,0370,00000178,ipc_conversation,naturalistic,single,stranger,stranger,V03_S0370_I00000178_P1699,V03_S0370_I00000178_P2173,P1699,P2173,https://dl.fbaipublicfiles.com/seamless_interaction/naturalistic/train/audio/V03_S0370_I00000178_P1699.wav,https://dl.fbaipublicfiles.com/seamless_interaction/naturalistic/train/audio/V03_S0370_I00000178_P2173.wav,https://dl.fbaipublicfiles.com/seamless_interaction/naturalistic/train/video/V03_S0370_I00000178_P1699.mp4,https://dl.fbaipublicfiles.com/seamless_interaction/naturalistic/train/video/V03_S0370_I00000178_P2173.mp4,https://dl.fbaipublicfiles.com/seamless_interaction/naturalistic/train/metadata/vad/V03_S0370_I00000178_P1699.jsonl,https://dl.fbaipublicfiles.com/seamless_interaction/naturalistic/train/metadata/vad/V03_S0370_I00000178_P2173.jsonl
train,train,V03_S0386_I00000055,V03,0386,00000055,ipc_conversation,naturalistic,both,stranger,stranger,V03_S0386_I00000055_P1359,V03_S0386_I00000055_P2024,P1359,P2024,https://dl.fbaipublicfiles.com/seamless_interaction/naturalistic/train/audio/V03_S0386_I00000055_P1359.wav,https://dl.fbaipublicfiles.com/seamless_interaction/naturalistic/train/audio/V03_S0386_I00000055_P2024.wav,https://dl.fbaipublicfiles.com/seamless_interaction/naturalistic/train/video/V03_S0386_I00000055_P1359.mp4,https://dl.fbaipublicfiles.com/seamless_interaction/naturalistic/train/video/V03_S0386_I00000055_P2024.mp4,https://dl.fbaipublicfiles.com/seamless_interaction/naturalistic/train/metadata/vad/V03_S0386_I00000055_P1359.jsonl,https://dl.fbaipublicfiles.com/seamless_interaction/naturalistic/train/metadata/vad/V03_S0386_I00000055_P2024.jsonl
train,train,V03_S0386_I00000057,V03,0386,00000057,ipc_conversation,naturalistic,single,stranger,stranger,V03_S0386_I00000057_P1359,V03_S0386_I00000057_P2024,P1359,P2024,https://dl.fbaipublicfiles.com/seamless_interaction/naturalistic/train/audio/V03_S0386_I00000057_P1359.wav,https://dl.fbaipublicfiles.com/seamless_interaction/naturalistic/train/audio/V03_S0386_I00000057_P2024.wav,https://dl.fbaipublicfiles.com/seamless_interaction/naturalistic/train/video/V03_S0386_I00000057_P1359.mp4,https://dl.fbaipublicfiles.com/seamless_interaction/naturalistic/train/video/V03_S0386_I00000057_P2024.mp4,https://dl.fbaipublicfiles.com/seamless_interaction/naturalistic/train/metadata/vad/V03_S0386_I00000057_P1359.jsonl,https://dl.fbaipublicfiles.com/seamless_interaction/naturalistic/train/metadata/vad/V03_S0386_I00000057_P2024.jsonl
train,train,V03_S0386_I00000060,V03,0386,00000060,ipc_conversation,naturalistic,both,stranger,stranger,V03_S0386_I00000060_P1359,V03_S0386_I00000060_P2024,P1359,P2024,https://dl.fbaipublicfiles.com/seamless_interaction/naturalistic/train/audio/V03_S0386_I00000060_P1359.wav,https://dl.fbaipublicfiles.com/seamless_interaction/naturalistic/train/audio/V03_S0386_I00000060_P2024.wav,https://dl.fbaipublicfiles.com/seamless_interaction/naturalistic/train/video/V03_S0386_I00000060_P1359.mp4,https://dl.fbaipublicfiles.com/seamless_interaction/naturalistic/train/video/V03_S0386_I00000060_P2024.mp4,https://dl.fbaipublicfiles.com/seamless_interaction/naturalistic/train/metadata/vad/V03_S0386_I00000060_P1359.jsonl,https://dl.fbaipublicfiles.com/seamless_interaction/naturalistic/train/metadata/vad/V03_S0386_I00000060_P2024.jsonl
train,train,V03_S0386_I00000063,V03,0386,00000063,ipc_conversation,naturalistic,both,stranger,stranger,V03_S0386_I00000063_P1359,V03_S0386_I00000063_P2024,P1359,P2024,https://dl.fbaipublicfiles.com/seamless_interaction/naturalistic/train/audio/V03_S0386_I00000063_P1359.wav,https://dl.fbaipublicfiles.com/seamless_interaction/naturalistic/train/audio/V03_S0386_I00000063_P2024.wav,https://dl.fbaipublicfiles.com/seamless_interaction/naturalistic/train/video/V03_S0386_I00000063_P1359.mp4,https://dl.fbaipublicfiles.com/seamless_interaction/naturalistic/train/video/V03_S0386_I00000063_P2024.mp4,https://dl.fbaipublicfiles.com/seamless_interaction/naturalistic/train/metadata/vad/V03_S0386_I00000063_P1359.jsonl,https://dl.fbaipublicfiles.com/seamless_interaction/naturalistic/train/metadata/vad/V03_S0386_I00000063_P2024.jsonl
train,train,V03_S0386_I00000067,V03,0386,00000067,ipc_conversation,naturalistic,single,stranger,stranger,V03_S0386_I00000067_P1359,V03_S0386_I00000067_P2024,P1359,P2024,https://dl.fbaipublicfiles.com/seamless_interaction/naturalistic/train/audio/V03_S0386_I00000067_P1359.wav,https://dl.fbaipublicfiles.com/seamless_interaction/naturalistic/train/audio/V03_S0386_I00000067_P2024.wav,https://dl.fbaipublicfiles.com/seamless_interaction/naturalistic/train/video/V03_S0386_I00000067_P1359.mp4,https://dl.fbaipublicfiles.com/seamless_interaction/naturalistic/train/video/V03_S0386_I00000067_P2024.mp4,https://dl.fbaipublicfiles.com/seamless_interaction/naturalistic/train/metadata/vad/V03_S0386_I00000067_P1359.jsonl,https://dl.fbaipublicfiles.com/seamless_interaction/naturalistic/train/metadata/vad/V03_S0386_I00000067_P2024.jsonl
train,train,V03_S0389_I00000059,V03,0389,00000059,ipc_conversation,naturalistic,single,stranger,stranger,V03_S0389_I00000059_P1359,V03_S0389_I00000059_P1984,P1359,P1984,https://dl.fbaipublicfiles.com/seamless_interaction/naturalistic/train/audio/V03_S0389_I00000059_P1359.wav,https://dl.fbaipublicfiles.com/seamless_interaction/naturalistic/train/audio/V03_S0389_I00000059_P1984.wav,https://dl.fbaipublicfiles.com/seamless_interaction/naturalistic/train/video/V03_S0389_I00000059_P1359.mp4,https://dl.fbaipublicfiles.com/seamless_interaction/naturalistic/train/video/V03_S0389_I00000059_P1984.mp4,https://dl.fbaipublicfiles.com/seamless_interaction/naturalistic/train/metadata/vad/V03_S0389_I00000059_P1359.jsonl,https://dl.fbaipublicfiles.com/seamless_interaction/naturalistic/train/metadata/vad/V03_S0389_I00000059_P1984.jsonl
train,train,V03_S0389_I00000061,V03,0389,00000061,ipc_conversation,naturalistic,single,stranger,stranger,V03_S0389_I00000061_P1359,V03_S0389_I00000061_P1984,P1359,P1984,https://dl.fbaipublicfiles.com/seamless_interaction/naturalistic/train/audio/V03_S0389_I00000061_P1359.wav,https://dl.fbaipublicfiles.com/seamless_interaction/naturalistic/train/audio/V03_S0389_I00000061_P1984.wav,https://dl.fbaipublicfiles.com/seamless_interaction/naturalistic/train/video/V03_S0389_I00000061_P1359.mp4,https://dl.fbaipublicfiles.com/seamless_interaction/naturalistic/train/video/V03_S0389_I00000061_P1984.mp4,https://dl.fbaipublicfiles.com/seamless_interaction/naturalistic/train/metadata/vad/V03_S0389_I00000061_P1359.jsonl,https://dl.fbaipublicfiles.com/seamless_interaction/naturalistic/train/metadata/vad/V03_S0389_I00000061_P1984.jsonl
train,train,V03_S0389_I00000063,V03,0389,00000063,ipc_conversation,naturalistic,single,stranger,stranger,V03_S0389_I00000063_P1359,V03_S0389_I00000063_P1984,P1359,P1984,https://dl.fbaipublicfiles.com/seamless_interaction/naturalistic/train/audio/V03_S0389_I00000063_P1359.wav,https://dl.fbaipublicfiles.com/seamless_interaction/naturalistic/train/audio/V03_S0389_I00000063_P1984.wav,https://dl.fbaipublicfiles.com/seamless_interaction/naturalistic/train/video/V03_S0389_I00000063_P1359.mp4,https://dl.fbaipublicfiles.com/seamless_interaction/naturalistic/train/video/V03_S0389_I00000063_P1984.mp4,https://dl.fbaipublicfiles.com/seamless_interaction/naturalistic/train/metadata/vad/V03_S0389_I00000063_P1359.jsonl,https://dl.fbaipublicfiles.com/seamless_interaction/naturalistic/train/metadata/vad/V03_S0389_I00000063_P1984.jsonl
train,train,V03_S0391_I00000105,V03,0391,00000105,ipc_conversation,naturalistic,single,stranger,stranger,V03_S0391_I00000105_P1990,V03_S0391_I00000105_P2069,P1990,P2069,https://dl.fbaipublicfiles.com/seamless_interaction/naturalistic/train/audio/V03_S0391_I00000105_P1990.wav,https://dl.fbaipublicfiles.com/seamless_interaction/naturalistic/train/audio/V03_S0391_I00000105_P2069.wav,https://dl.fbaipublicfiles.com/seamless_interaction/naturalistic/train/video/V03_S0391_I00000105_P1990.mp4,https://dl.fbaipublicfiles.com/seamless_interaction/naturalistic/train/video/V03_S0391_I00000105_P2069.mp4,https://dl.fbaipublicfiles.com/seamless_interaction/naturalistic/train/metadata/vad/V03_S0391_I00000105_P1990.jsonl,https://dl.fbaipublicfiles.com/seamless_interaction/naturalistic/train/metadata/vad/V03_S0391_I00000105_P2069.jsonl
train,train,V03_S0391_I00000110,V03,0391,00000110,ipc_conversation,naturalistic,single,stranger,stranger,V03_S0391_I00000110_P1990,V03_S0391_I00000110_P2069,P1990,P2069,https://dl.fbaipublicfiles.com/seamless_interaction/naturalistic/train/audio/V03_S0391_I00000110_P1990.wav,https://dl.fbaipublicfiles.com/seamless_interaction/naturalistic/train/audio/V03_S0391_I00000110_P2069.wav,https://dl.fbaipublicfiles.com/seamless_interaction/naturalistic/train/video/V03_S0391_I00000110_P1990.mp4,https://dl.fbaipublicfiles.com/seamless_interaction/naturalistic/train/video/V03_S0391_I00000110_P2069.mp4,https://dl.fbaipublicfiles.com/seamless_interaction/naturalistic/train/metadata/vad/V03_S0391_I00000110_P1990.jsonl,https://dl.fbaipublicfiles.com/seamless_interaction/naturalistic/train/metadata/vad/V03_S0391_I00000110_P2069.jsonl
train,train,V03_S0391_I00000111,V03,0391,00000111,ipc_conversation,naturalistic,single,stranger,stranger,V03_S0391_I00000111_P1990,V03_S0391_I00000111_P2069,P1990,P2069,https://dl.fbaipublicfiles.com/seamless_interaction/naturalistic/train/audio/V03_S0391_I00000111_P1990.wav,https://dl.fbaipublicfiles.com/seamless_interaction/naturalistic/train/audio/V03_S0391_I00000111_P2069.wav,https://dl.fbaipublicfiles.com/seamless_interaction/naturalistic/train/video/V03_S0391_I00000111_P1990.mp4,https://dl.fbaipublicfiles.com/seamless_interaction/naturalistic/train/video/V03_S0391_I00000111_P2069.mp4,https://dl.fbaipublicfiles.com/seamless_interaction/naturalistic/train/metadata/vad/V03_S0391_I00000111_P1990.jsonl,https://dl.fbaipublicfiles.com/seamless_interaction/naturalistic/train/metadata/vad/V03_S0391_I00000111_P2069.jsonl
train,train,V03_S0408_I00000025,V03,0408,00000025,ipc_conversation,naturalistic,single,stranger,stranger,V03_S0408_I00000025_P1477,V03_S0408_I00000025_P2173,P1477,P2173,https://dl.fbaipublicfiles.com/seamless_interaction/naturalistic/train/audio/V03_S0408_I00000025_P1477.wav,https://dl.fbaipublicfiles.com/seamless_interaction/naturalistic/train/audio/V03_S0408_I00000025_P2173.wav,https://dl.fbaipublicfiles.com/seamless_interaction/naturalistic/train/video/V03_S0408_I00000025_P1477.mp4,https://dl.fbaipublicfiles.com/seamless_interaction/naturalistic/train/video/V03_S0408_I00000025_P2173.mp4,https://dl.fbaipublicfiles.com/seamless_interaction/naturalistic/train/metadata/vad/V03_S0408_I00000025_P1477.jsonl,https://dl.fbaipublicfiles.com/seamless_interaction/naturalistic/train/metadata/vad/V03_S0408_I00000025_P2173.jsonl
train,train,V03_S0408_I00000026,V03,0408,00000026,ipc_conversation,naturalistic,single,stranger,stranger,V03_S0408_I00000026_P1477,V03_S0408_I00000026_P2173,P1477,P2173,https://dl.fbaipublicfiles.com/seamless_interaction/naturalistic/train/audio/V03_S0408_I00000026_P1477.wav,https://dl.fbaipublicfiles.com/seamless_interaction/naturalistic/train/audio/V03_S0408_I00000026_P2173.wav,https://dl.fbaipublicfiles.com/seamless_interaction/naturalistic/train/video/V03_S0408_I00000026_P1477.mp4,https://dl.fbaipublicfiles.com/seamless_interaction/naturalistic/train/video/V03_S0408_I00000026_P2173.mp4,https://dl.fbaipublicfiles.com/seamless_interaction/naturalistic/train/metadata/vad/V03_S0408_I00000026_P1477.jsonl,https://dl.fbaipublicfiles.com/seamless_interaction/naturalistic/train/metadata/vad/V03_S0408_I00000026_P2173.jsonl
train,train,V03_S0408_I00000031,V03,0408,00000031,ipc_conversation,naturalistic,single,stranger,stranger,V03_S0408_I00000031_P1477,V03_S0408_I00000031_P2173,P1477,P2173,https://dl.fbaipublicfiles.com/seamless_interaction/naturalistic/train/audio/V03_S0408_I00000031_P1477.wav,https://dl.fbaipublicfiles.com/seamless_interaction/naturalistic/train/audio/V03_S0408_I00000031_P2173.wav,https://dl.fbaipublicfiles.com/seamless_interaction/naturalistic/train/video/V03_S0408_I00000031_P1477.mp4,https://dl.fbaipublicfiles.com/seamless_interaction/naturalistic/train/video/V03_S0408_I00000031_P2173.mp4,https://dl.fbaipublicfiles.com/seamless_interaction/naturalistic/train/metadata/vad/V03_S0408_I00000031_P1477.jsonl,https://dl.fbaipublicfiles.com/seamless_interaction/naturalistic/train/metadata/vad/V03_S0408_I00000031_P2173.jsonl
train,train,V03_S0412_I00000411,V03,0412,00000411,ipc_conversation,naturalistic,single,stranger,stranger,V03_S0412_I00000411_P2196,V03_S0412_I00000411_P2197,P2196,P2197,https://dl.fbaipublicfiles.com/seamless_interaction/naturalistic/train/audio/V03_S0412_I00000411_P2196.wav,https://dl.fbaipublicfiles.com/seamless_interaction/naturalistic/train/audio/V03_S0412_I00000411_P2197.wav,https://dl.fbaipublicfiles.com/seamless_interaction/naturalistic/train/video/V03_S0412_I00000411_P2196.mp4,https://dl.fbaipublicfiles.com/seamless_interaction/naturalistic/train/video/V03_S0412_I00000411_P2197.mp4,https://dl.fbaipublicfiles.com/seamless_interaction/naturalistic/train/metadata/vad/V03_S0412_I00000411_P2196.jsonl,https://dl.fbaipublicfiles.com/seamless_interaction/naturalistic/train/metadata/vad/V03_S0412_I00000411_P2197.jsonl
train,train,V03_S0434_I00000030,V03,0434,00000030,ipc_conversation,naturalistic,single,stranger,stranger,V03_S0434_I00000030_P1359,V03_S0434_I00000030_P1993,P1359,P1993,https://dl.fbaipublicfiles.com/seamless_interaction/naturalistic/train/audio/V03_S0434_I00000030_P1359.wav,https://dl.fbaipublicfiles.com/seamless_interaction/naturalistic/train/audio/V03_S0434_I00000030_P1993.wav,https://dl.fbaipublicfiles.com/seamless_interaction/naturalistic/train/video/V03_S0434_I00000030_P1359.mp4,https://dl.fbaipublicfiles.com/seamless_interaction/naturalistic/train/video/V03_S0434_I00000030_P1993.mp4,https://dl.fbaipublicfiles.com/seamless_interaction/naturalistic/train/metadata/vad/V03_S0434_I00000030_P1359.jsonl,https://dl.fbaipublicfiles.com/seamless_interaction/naturalistic/train/metadata/vad/V03_S0434_I00000030_P1993.jsonl
train,train,V03_S0434_I00000039,V03,0434,00000039,ipc_conversation,naturalistic,single,stranger,stranger,V03_S0434_I00000039_P1359,V03_S0434_I00000039_P1993,P1359,P1993,https://dl.fbaipublicfiles.com/seamless_interaction/naturalistic/train/audio/V03_S0434_I00000039_P1359.wav,https://dl.fbaipublicfiles.com/seamless_interaction/naturalistic/train/audio/V03_S0434_I00000039_P1993.wav,https://dl.fbaipublicfiles.com/seamless_interaction/naturalistic/train/video/V03_S0434_I00000039_P1359.mp4,https://dl.fbaipublicfiles.com/seamless_interaction/naturalistic/train/video/V03_S0434_I00000039_P1993.mp4,https://dl.fbaipublicfiles.com/seamless_interaction/naturalistic/train/metadata/vad/V03_S0434_I00000039_P1359.jsonl,https://dl.fbaipublicfiles.com/seamless_interaction/naturalistic/train/metadata/vad/V03_S0434_I00000039_P1993.jsonl
train,train,V03_S0437_I00000026,V03,0437,00000026,ipc_conversation,naturalistic,single,stranger,stranger,V03_S0437_I00000026_P1984,V03_S0437_I00000026_P2059,P1984,P2059,https://dl.fbaipublicfiles.com/seamless_interaction/naturalistic/train/audio/V03_S0437_I00000026_P1984.wav,https://dl.fbaipublicfiles.com/seamless_interaction/naturalistic/train/audio/V03_S0437_I00000026_P2059.wav,https://dl.fbaipublicfiles.com/seamless_interaction/naturalistic/train/video/V03_S0437_I00000026_P1984.mp4,https://dl.fbaipublicfiles.com/seamless_interaction/naturalistic/train/video/V03_S0437_I00000026_P2059.mp4,https://dl.fbaipublicfiles.com/seamless_interaction/naturalistic/train/metadata/vad/V03_S0437_I00000026_P1984.jsonl,https://dl.fbaipublicfiles.com/seamless_interaction/naturalistic/train/metadata/vad/V03_S0437_I00000026_P2059.jsonl
train,train,V03_S0441_I00000195,V03,0441,00000195,ipc_conversation,naturalistic,single,familiar,familiar-generic,V03_S0441_I00000195_P2066,V03_S0441_I00000195_P2067,P2066,P2067,https://dl.fbaipublicfiles.com/seamless_interaction/naturalistic/train/audio/V03_S0441_I00000195_P2066.wav,https://dl.fbaipublicfiles.com/seamless_interaction/naturalistic/train/audio/V03_S0441_I00000195_P2067.wav,https://dl.fbaipublicfiles.com/seamless_interaction/naturalistic/train/video/V03_S0441_I00000195_P2066.mp4,https://dl.fbaipublicfiles.com/seamless_interaction/naturalistic/train/video/V03_S0441_I00000195_P2067.mp4,https://dl.fbaipublicfiles.com/seamless_interaction/naturalistic/train/metadata/vad/V03_S0441_I00000195_P2066.jsonl,https://dl.fbaipublicfiles.com/seamless_interaction/naturalistic/train/metadata/vad/V03_S0441_I00000195_P2067.jsonl
train,train,V03_S0446_I00000025,V03,0446,00000025,ipc_conversation,naturalistic,single,stranger,stranger,V03_S0446_I00000025_P2069,V03_S0446_I00000025_P2114,P2069,P2114,https://dl.fbaipublicfiles.com/seamless_interaction/naturalistic/train/audio/V03_S0446_I00000025_P2069.wav,https://dl.fbaipublicfiles.com/seamless_interaction/naturalistic/train/audio/V03_S0446_I00000025_P2114.wav,https://dl.fbaipublicfiles.com/seamless_interaction/naturalistic/train/video/V03_S0446_I00000025_P2069.mp4,https://dl.fbaipublicfiles.com/seamless_interaction/naturalistic/train/video/V03_S0446_I00000025_P2114.mp4,https://dl.fbaipublicfiles.com/seamless_interaction/naturalistic/train/metadata/vad/V03_S0446_I00000025_P2069.jsonl,https://dl.fbaipublicfiles.com/seamless_interaction/naturalistic/train/metadata/vad/V03_S0446_I00000025_P2114.jsonl
train,train,V03_S0446_I00000028,V03,0446,00000028,ipc_conversation,naturalistic,single,stranger,stranger,V03_S0446_I00000028_P2069,V03_S0446_I00000028_P2114,P2069,P2114,https://dl.fbaipublicfiles.com/seamless_interaction/naturalistic/train/audio/V03_S0446_I00000028_P2069.wav,https://dl.fbaipublicfiles.com/seamless_interaction/naturalistic/train/audio/V03_S0446_I00000028_P2114.wav,https://dl.fbaipublicfiles.com/seamless_interaction/naturalistic/train/video/V03_S0446_I00000028_P2069.mp4,https://dl.fbaipublicfiles.com/seamless_interaction/naturalistic/train/video/V03_S0446_I00000028_P2114.mp4,https://dl.fbaipublicfiles.com/seamless_interaction/naturalistic/train/metadata/vad/V03_S0446_I00000028_P2069.jsonl,https://dl.fbaipublicfiles.com/seamless_interaction/naturalistic/train/metadata/vad/V03_S0446_I00000028_P2114.jsonl
train,train,V03_S0458_I00000072,V03,0458,00000072,ipc_conversation,naturalistic,single,stranger,stranger,V03_S0458_I00000072_P1209,V03_S0458_I00000072_P2199,P1209,P2199,https://dl.fbaipublicfiles.com/seamless_interaction/naturalistic/train/audio/V03_S0458_I00000072_P1209.wav,https://dl.fbaipublicfiles.com/seamless_interaction/naturalistic/train/audio/V03_S0458_I00000072_P2199.wav,https://dl.fbaipublicfiles.com/seamless_interaction/naturalistic/train/video/V03_S0458_I00000072_P1209.mp4,https://dl.fbaipublicfiles.com/seamless_interaction/naturalistic/train/video/V03_S0458_I00000072_P2199.mp4,https://dl.fbaipublicfiles.com/seamless_interaction/naturalistic/train/metadata/vad/V03_S0458_I00000072_P1209.jsonl,https://dl.fbaipublicfiles.com/seamless_interaction/naturalistic/train/metadata/vad/V03_S0458_I00000072_P2199.jsonl
train,train,V03_S0458_I00000073,V03,0458,00000073,ipc_conversation,naturalistic,single,stranger,stranger,V03_S0458_I00000073_P1209,V03_S0458_I00000073_P2199,P1209,P2199,https://dl.fbaipublicfiles.com/seamless_interaction/naturalistic/train/audio/V03_S0458_I00000073_P1209.wav,https://dl.fbaipublicfiles.com/seamless_interaction/naturalistic/train/audio/V03_S0458_I00000073_P2199.wav,https://dl.fbaipublicfiles.com/seamless_interaction/naturalistic/train/video/V03_S0458_I00000073_P1209.mp4,https://dl.fbaipublicfiles.com/seamless_interaction/naturalistic/train/video/V03_S0458_I00000073_P2199.mp4,https://dl.fbaipublicfiles.com/seamless_interaction/naturalistic/train/metadata/vad/V03_S0458_I00000073_P1209.jsonl,https://dl.fbaipublicfiles.com/seamless_interaction/naturalistic/train/metadata/vad/V03_S0458_I00000073_P2199.jsonl
train,train,V03_S0458_I00000077,V03,0458,00000077,ipc_conversation,naturalistic,both,stranger,stranger,V03_S0458_I00000077_P1209,V03_S0458_I00000077_P2199,P1209,P2199,https://dl.fbaipublicfiles.com/seamless_interaction/naturalistic/train/audio/V03_S0458_I00000077_P1209.wav,https://dl.fbaipublicfiles.com/seamless_interaction/naturalistic/train/audio/V03_S0458_I00000077_P2199.wav,https://dl.fbaipublicfiles.com/seamless_interaction/naturalistic/train/video/V03_S0458_I00000077_P1209.mp4,https://dl.fbaipublicfiles.com/seamless_interaction/naturalistic/train/video/V03_S0458_I00000077_P2199.mp4,https://dl.fbaipublicfiles.com/seamless_interaction/naturalistic/train/metadata/vad/V03_S0458_I00000077_P1209.jsonl,https://dl.fbaipublicfiles.com/seamless_interaction/naturalistic/train/metadata/vad/V03_S0458_I00000077_P2199.jsonl
train,train,V03_S0458_I00000078,V03,0458,00000078,ipc_conversation,naturalistic,single,stranger,stranger,V03_S0458_I00000078_P1209,V03_S0458_I00000078_P2199,P1209,P2199,https://dl.fbaipublicfiles.com/seamless_interaction/naturalistic/train/audio/V03_S0458_I00000078_P1209.wav,https://dl.fbaipublicfiles.com/seamless_interaction/naturalistic/train/audio/V03_S0458_I00000078_P2199.wav,https://dl.fbaipublicfiles.com/seamless_interaction/naturalistic/train/video/V03_S0458_I00000078_P1209.mp4,https://dl.fbaipublicfiles.com/seamless_interaction/naturalistic/train/video/V03_S0458_I00000078_P2199.mp4,https://dl.fbaipublicfiles.com/seamless_interaction/naturalistic/train/metadata/vad/V03_S0458_I00000078_P1209.jsonl,https://dl.fbaipublicfiles.com/seamless_interaction/naturalistic/train/metadata/vad/V03_S0458_I00000078_P2199.jsonl
train,train,V03_S0483_I00000025,V03,0483,00000025,ipc_conversation,naturalistic,single,stranger,stranger,V03_S0483_I00000025_P2060,V03_S0483_I00000025_P2154,P2060,P2154,https://dl.fbaipublicfiles.com/seamless_interaction/naturalistic/train/audio/V03_S0483_I00000025_P2060.wav,https://dl.fbaipublicfiles.com/seamless_interaction/naturalistic/train/audio/V03_S0483_I00000025_P2154.wav,https://dl.fbaipublicfiles.com/seamless_interaction/naturalistic/train/video/V03_S0483_I00000025_P2060.mp4,https://dl.fbaipublicfiles.com/seamless_interaction/naturalistic/train/video/V03_S0483_I00000025_P2154.mp4,https://dl.fbaipublicfiles.com/seamless_interaction/naturalistic/train/metadata/vad/V03_S0483_I00000025_P2060.jsonl,https://dl.fbaipublicfiles.com/seamless_interaction/naturalistic/train/metadata/vad/V03_S0483_I00000025_P2154.jsonl
train,train,V03_S0483_I00000026,V03,0483,00000026,ipc_conversation,naturalistic,single,stranger,stranger,V03_S0483_I00000026_P2060,V03_S0483_I00000026_P2154,P2060,P2154,https://dl.fbaipublicfiles.com/seamless_interaction/naturalistic/train/audio/V03_S0483_I00000026_P2060.wav,https://dl.fbaipublicfiles.com/seamless_interaction/naturalistic/train/audio/V03_S0483_I00000026_P2154.wav,https://dl.fbaipublicfiles.com/seamless_interaction/naturalistic/train/video/V03_S0483_I00000026_P2060.mp4,https://dl.fbaipublicfiles.com/seamless_interaction/naturalistic/train/video/V03_S0483_I00000026_P2154.mp4,https://dl.fbaipublicfiles.com/seamless_interaction/naturalistic/train/metadata/vad/V03_S0483_I00000026_P2060.jsonl,https://dl.fbaipublicfiles.com/seamless_interaction/naturalistic/train/metadata/vad/V03_S0483_I00000026_P2154.jsonl
train,test,V03_S0503_I00000073,V03,0503,00000073,ipc_conversation,naturalistic,both,stranger,stranger,V03_S0503_I00000073_P2454,V03_S0503_I00000073_P2455,P2454,P2455,https://dl.fbaipublicfiles.com/seamless_interaction/naturalistic/test/audio/V03_S0503_I00000073_P2454.wav,https://dl.fbaipublicfiles.com/seamless_interaction/naturalistic/test/audio/V03_S0503_I00000073_P2455.wav,https://dl.fbaipublicfiles.com/seamless_interaction/naturalistic/test/video/V03_S0503_I00000073_P2454.mp4,https://dl.fbaipublicfiles.com/seamless_interaction/naturalistic/test/video/V03_S0503_I00000073_P2455.mp4,https://dl.fbaipublicfiles.com/seamless_interaction/naturalistic/test/metadata/vad/V03_S0503_I00000073_P2454.jsonl,https://dl.fbaipublicfiles.com/seamless_interaction/naturalistic/test/metadata/vad/V03_S0503_I00000073_P2455.jsonl
train,test,V03_S0503_I00000074,V03,0503,00000074,ipc_conversation,naturalistic,both,stranger,stranger,V03_S0503_I00000074_P2454,V03_S0503_I00000074_P2455,P2454,P2455,https://dl.fbaipublicfiles.com/seamless_interaction/naturalistic/test/audio/V03_S0503_I00000074_P2454.wav,https://dl.fbaipublicfiles.com/seamless_interaction/naturalistic/test/audio/V03_S0503_I00000074_P2455.wav,https://dl.fbaipublicfiles.com/seamless_interaction/naturalistic/test/video/V03_S0503_I00000074_P2454.mp4,https://dl.fbaipublicfiles.com/seamless_interaction/naturalistic/test/video/V03_S0503_I00000074_P2455.mp4,https://dl.fbaipublicfiles.com/seamless_interaction/naturalistic/test/metadata/vad/V03_S0503_I00000074_P2454.jsonl,https://dl.fbaipublicfiles.com/seamless_interaction/naturalistic/test/metadata/vad/V03_S0503_I00000074_P2455.jsonl
train,test,V03_S0503_I00000075,V03,0503,00000075,ipc_conversation,naturalistic,both,stranger,stranger,V03_S0503_I00000075_P2454,V03_S0503_I00000075_P2455,P2454,P2455,https://dl.fbaipublicfiles.com/seamless_interaction/naturalistic/test/audio/V03_S0503_I00000075_P2454.wav,https://dl.fbaipublicfiles.com/seamless_interaction/naturalistic/test/audio/V03_S0503_I00000075_P2455.wav,https://dl.fbaipublicfiles.com/seamless_interaction/naturalistic/test/video/V03_S0503_I00000075_P2454.mp4,https://dl.fbaipublicfiles.com/seamless_interaction/naturalistic/test/video/V03_S0503_I00000075_P2455.mp4,https://dl.fbaipublicfiles.com/seamless_interaction/naturalistic/test/metadata/vad/V03_S0503_I00000075_P2454.jsonl,https://dl.fbaipublicfiles.com/seamless_interaction/naturalistic/test/metadata/vad/V03_S0503_I00000075_P2455.jsonl
train,test,V03_S0503_I00000079,V03,0503,00000079,ipc_conversation,naturalistic,both,stranger,stranger,V03_S0503_I00000079_P2454,V03_S0503_I00000079_P2455,P2454,P2455,https://dl.fbaipublicfiles.com/seamless_interaction/naturalistic/test/audio/V03_S0503_I00000079_P2454.wav,https://dl.fbaipublicfiles.com/seamless_interaction/naturalistic/test/audio/V03_S0503_I00000079_P2455.wav,https://dl.fbaipublicfiles.com/seamless_interaction/naturalistic/test/video/V03_S0503_I00000079_P2454.mp4,https://dl.fbaipublicfiles.com/seamless_interaction/naturalistic/test/video/V03_S0503_I00000079_P2455.mp4,https://dl.fbaipublicfiles.com/seamless_interaction/naturalistic/test/metadata/vad/V03_S0503_I00000079_P2454.jsonl,https://dl.fbaipublicfiles.com/seamless_interaction/naturalistic/test/metadata/vad/V03_S0503_I00000079_P2455.jsonl
train,test,V03_S0503_I00000083,V03,0503,00000083,ipc_conversation,naturalistic,both,stranger,stranger,V03_S0503_I00000083_P2454,V03_S0503_I00000083_P2455,P2454,P2455,https://dl.fbaipublicfiles.com/seamless_interaction/naturalistic/test/audio/V03_S0503_I00000083_P2454.wav,https://dl.fbaipublicfiles.com/seamless_interaction/naturalistic/test/audio/V03_S0503_I00000083_P2455.wav,https://dl.fbaipublicfiles.com/seamless_interaction/naturalistic/test/video/V03_S0503_I00000083_P2454.mp4,https://dl.fbaipublicfiles.com/seamless_interaction/naturalistic/test/video/V03_S0503_I00000083_P2455.mp4,https://dl.fbaipublicfiles.com/seamless_interaction/naturalistic/test/metadata/vad/V03_S0503_I00000083_P2454.jsonl,https://dl.fbaipublicfiles.com/seamless_interaction/naturalistic/test/metadata/vad/V03_S0503_I00000083_P2455.jsonl
train,test,V03_S0503_I00000085,V03,0503,00000085,ipc_conversation,naturalistic,both,stranger,stranger,V03_S0503_I00000085_P2454,V03_S0503_I00000085_P2455,P2454,P2455,https://dl.fbaipublicfiles.com/seamless_interaction/naturalistic/test/audio/V03_S0503_I00000085_P2454.wav,https://dl.fbaipublicfiles.com/seamless_interaction/naturalistic/test/audio/V03_S0503_I00000085_P2455.wav,https://dl.fbaipublicfiles.com/seamless_interaction/naturalistic/test/video/V03_S0503_I00000085_P2454.mp4,https://dl.fbaipublicfiles.com/seamless_interaction/naturalistic/test/video/V03_S0503_I00000085_P2455.mp4,https://dl.fbaipublicfiles.com/seamless_interaction/naturalistic/test/metadata/vad/V03_S0503_I00000085_P2454.jsonl,https://dl.fbaipublicfiles.com/seamless_interaction/naturalistic/test/metadata/vad/V03_S0503_I00000085_P2455.jsonl
train,test,V03_S0503_I00000087,V03,0503,00000087,ipc_conversation,naturalistic,both,stranger,stranger,V03_S0503_I00000087_P2454,V03_S0503_I00000087_P2455,P2454,P2455,https://dl.fbaipublicfiles.com/seamless_interaction/naturalistic/test/audio/V03_S0503_I00000087_P2454.wav,https://dl.fbaipublicfiles.com/seamless_interaction/naturalistic/test/audio/V03_S0503_I00000087_P2455.wav,https://dl.fbaipublicfiles.com/seamless_interaction/naturalistic/test/video/V03_S0503_I00000087_P2454.mp4,https://dl.fbaipublicfiles.com/seamless_interaction/naturalistic/test/video/V03_S0503_I00000087_P2455.mp4,https://dl.fbaipublicfiles.com/seamless_interaction/naturalistic/test/metadata/vad/V03_S0503_I00000087_P2454.jsonl,https://dl.fbaipublicfiles.com/seamless_interaction/naturalistic/test/metadata/vad/V03_S0503_I00000087_P2455.jsonl
train,train,V03_S0553_I00000194,V03,0553,00000194,collaborative_storytelling,naturalistic,single,stranger,stranger,V03_S0553_I00000194_P1629,V03_S0553_I00000194_P2500,P1629,P2500,https://dl.fbaipublicfiles.com/seamless_interaction/naturalistic/train/audio/V03_S0553_I00000194_P1629.wav,https://dl.fbaipublicfiles.com/seamless_interaction/naturalistic/train/audio/V03_S0553_I00000194_P2500.wav,https://dl.fbaipublicfiles.com/seamless_interaction/naturalistic/train/video/V03_S0553_I00000194_P1629.mp4,https://dl.fbaipublicfiles.com/seamless_interaction/naturalistic/train/video/V03_S0553_I00000194_P2500.mp4,https://dl.fbaipublicfiles.com/seamless_interaction/naturalistic/train/metadata/vad/V03_S0553_I00000194_P1629.jsonl,https://dl.fbaipublicfiles.com/seamless_interaction/naturalistic/train/metadata/vad/V03_S0553_I00000194_P2500.jsonl
train,train,V03_S0553_I00000412,V03,0553,00000412,ipc_conversation,naturalistic,single,stranger,stranger,V03_S0553_I00000412_P1629,V03_S0553_I00000412_P2500,P1629,P2500,https://dl.fbaipublicfiles.com/seamless_interaction/naturalistic/train/audio/V03_S0553_I00000412_P1629.wav,https://dl.fbaipublicfiles.com/seamless_interaction/naturalistic/train/audio/V03_S0553_I00000412_P2500.wav,https://dl.fbaipublicfiles.com/seamless_interaction/naturalistic/train/video/V03_S0553_I00000412_P1629.mp4,https://dl.fbaipublicfiles.com/seamless_interaction/naturalistic/train/video/V03_S0553_I00000412_P2500.mp4,https://dl.fbaipublicfiles.com/seamless_interaction/naturalistic/train/metadata/vad/V03_S0553_I00000412_P1629.jsonl,https://dl.fbaipublicfiles.com/seamless_interaction/naturalistic/train/metadata/vad/V03_S0553_I00000412_P2500.jsonl
train,train,V03_S0553_I00000414,V03,0553,00000414,ipc_conversation,naturalistic,single,stranger,stranger,V03_S0553_I00000414_P1629,V03_S0553_I00000414_P2500,P1629,P2500,https://dl.fbaipublicfiles.com/seamless_interaction/naturalistic/train/audio/V03_S0553_I00000414_P1629.wav,https://dl.fbaipublicfiles.com/seamless_interaction/naturalistic/train/audio/V03_S0553_I00000414_P2500.wav,https://dl.fbaipublicfiles.com/seamless_interaction/naturalistic/train/video/V03_S0553_I00000414_P1629.mp4,https://dl.fbaipublicfiles.com/seamless_interaction/naturalistic/train/video/V03_S0553_I00000414_P2500.mp4,https://dl.fbaipublicfiles.com/seamless_interaction/naturalistic/train/metadata/vad/V03_S0553_I00000414_P1629.jsonl,https://dl.fbaipublicfiles.com/seamless_interaction/naturalistic/train/metadata/vad/V03_S0553_I00000414_P2500.jsonl
train,train,V03_S0553_I00000420,V03,0553,00000420,ipc_conversation,naturalistic,single,stranger,stranger,V03_S0553_I00000420_P1629,V03_S0553_I00000420_P2500,P1629,P2500,https://dl.fbaipublicfiles.com/seamless_interaction/naturalistic/train/audio/V03_S0553_I00000420_P1629.wav,https://dl.fbaipublicfiles.com/seamless_interaction/naturalistic/train/audio/V03_S0553_I00000420_P2500.wav,https://dl.fbaipublicfiles.com/seamless_interaction/naturalistic/train/video/V03_S0553_I00000420_P1629.mp4,https://dl.fbaipublicfiles.com/seamless_interaction/naturalistic/train/video/V03_S0553_I00000420_P2500.mp4,https://dl.fbaipublicfiles.com/seamless_interaction/naturalistic/train/metadata/vad/V03_S0553_I00000420_P1629.jsonl,https://dl.fbaipublicfiles.com/seamless_interaction/naturalistic/train/metadata/vad/V03_S0553_I00000420_P2500.jsonl
train,train,V03_S0553_I00000425,V03,0553,00000425,ipc_conversation,naturalistic,single,stranger,stranger,V03_S0553_I00000425_P1629,V03_S0553_I00000425_P2500,P1629,P2500,https://dl.fbaipublicfiles.com/seamless_interaction/naturalistic/train/audio/V03_S0553_I00000425_P1629.wav,https://dl.fbaipublicfiles.com/seamless_interaction/naturalistic/train/audio/V03_S0553_I00000425_P2500.wav,https://dl.fbaipublicfiles.com/seamless_interaction/naturalistic/train/video/V03_S0553_I00000425_P1629.mp4,https://dl.fbaipublicfiles.com/seamless_interaction/naturalistic/train/video/V03_S0553_I00000425_P2500.mp4,https://dl.fbaipublicfiles.com/seamless_interaction/naturalistic/train/metadata/vad/V03_S0553_I00000425_P1629.jsonl,https://dl.fbaipublicfiles.com/seamless_interaction/naturalistic/train/metadata/vad/V03_S0553_I00000425_P2500.jsonl
train,train,V03_S0581_I00000402,V03,0581,00000402,ipc_conversation,naturalistic,single,stranger,stranger,V03_S0581_I00000402_P2294,V03_S0581_I00000402_P2295,P2294,P2295,https://dl.fbaipublicfiles.com/seamless_interaction/naturalistic/train/audio/V03_S0581_I00000402_P2294.wav,https://dl.fbaipublicfiles.com/seamless_interaction/naturalistic/train/audio/V03_S0581_I00000402_P2295.wav,https://dl.fbaipublicfiles.com/seamless_interaction/naturalistic/train/video/V03_S0581_I00000402_P2294.mp4,https://dl.fbaipublicfiles.com/seamless_interaction/naturalistic/train/video/V03_S0581_I00000402_P2295.mp4,https://dl.fbaipublicfiles.com/seamless_interaction/naturalistic/train/metadata/vad/V03_S0581_I00000402_P2294.jsonl,https://dl.fbaipublicfiles.com/seamless_interaction/naturalistic/train/metadata/vad/V03_S0581_I00000402_P2295.jsonl
train,train,V03_S0702_I00000205,V03,0702,00000205,ipc_conversation,naturalistic,single,familiar,coworkers,V03_S0702_I00000205_P1359,V03_S0702_I00000205_P2033,P1359,P2033,https://dl.fbaipublicfiles.com/seamless_interaction/naturalistic/train/audio/V03_S0702_I00000205_P1359.wav,https://dl.fbaipublicfiles.com/seamless_interaction/naturalistic/train/audio/V03_S0702_I00000205_P2033.wav,https://dl.fbaipublicfiles.com/seamless_interaction/naturalistic/train/video/V03_S0702_I00000205_P1359.mp4,https://dl.fbaipublicfiles.com/seamless_interaction/naturalistic/train/video/V03_S0702_I00000205_P2033.mp4,https://dl.fbaipublicfiles.com/seamless_interaction/naturalistic/train/metadata/vad/V03_S0702_I00000205_P1359.jsonl,https://dl.fbaipublicfiles.com/seamless_interaction/naturalistic/train/metadata/vad/V03_S0702_I00000205_P2033.jsonl
train,train,V03_S0706_I00000391,V03,0706,00000391,ipc_conversation,naturalistic,single,stranger,stranger,V03_S0706_I00000391_P1636,V03_S0706_I00000391_P2157,P1636,P2157,https://dl.fbaipublicfiles.com/seamless_interaction/naturalistic/train/audio/V03_S0706_I00000391_P1636.wav,https://dl.fbaipublicfiles.com/seamless_interaction/naturalistic/train/audio/V03_S0706_I00000391_P2157.wav,https://dl.fbaipublicfiles.com/seamless_interaction/naturalistic/train/video/V03_S0706_I00000391_P1636.mp4,https://dl.fbaipublicfiles.com/seamless_interaction/naturalistic/train/video/V03_S0706_I00000391_P2157.mp4,https://dl.fbaipublicfiles.com/seamless_interaction/naturalistic/train/metadata/vad/V03_S0706_I00000391_P1636.jsonl,https://dl.fbaipublicfiles.com/seamless_interaction/naturalistic/train/metadata/vad/V03_S0706_I00000391_P2157.jsonl
train,train,V03_S0706_I00000393,V03,0706,00000393,ipc_conversation,naturalistic,single,stranger,stranger,V03_S0706_I00000393_P1636,V03_S0706_I00000393_P2157,P1636,P2157,https://dl.fbaipublicfiles.com/seamless_interaction/naturalistic/train/audio/V03_S0706_I00000393_P1636.wav,https://dl.fbaipublicfiles.com/seamless_interaction/naturalistic/train/audio/V03_S0706_I00000393_P2157.wav,https://dl.fbaipublicfiles.com/seamless_interaction/naturalistic/train/video/V03_S0706_I00000393_P1636.mp4,https://dl.fbaipublicfiles.com/seamless_interaction/naturalistic/train/video/V03_S0706_I00000393_P2157.mp4,https://dl.fbaipublicfiles.com/seamless_interaction/naturalistic/train/metadata/vad/V03_S0706_I00000393_P1636.jsonl,https://dl.fbaipublicfiles.com/seamless_interaction/naturalistic/train/metadata/vad/V03_S0706_I00000393_P2157.jsonl
train,train,V03_S0706_I00000400,V03,0706,00000400,ipc_conversation,naturalistic,single,stranger,stranger,V03_S0706_I00000400_P1636,V03_S0706_I00000400_P2157,P1636,P2157,https://dl.fbaipublicfiles.com/seamless_interaction/naturalistic/train/audio/V03_S0706_I00000400_P1636.wav,https://dl.fbaipublicfiles.com/seamless_interaction/naturalistic/train/audio/V03_S0706_I00000400_P2157.wav,https://dl.fbaipublicfiles.com/seamless_interaction/naturalistic/train/video/V03_S0706_I00000400_P1636.mp4,https://dl.fbaipublicfiles.com/seamless_interaction/naturalistic/train/video/V03_S0706_I00000400_P2157.mp4,https://dl.fbaipublicfiles.com/seamless_interaction/naturalistic/train/metadata/vad/V03_S0706_I00000400_P1636.jsonl,https://dl.fbaipublicfiles.com/seamless_interaction/naturalistic/train/metadata/vad/V03_S0706_I00000400_P2157.jsonl
train,train,V03_S0706_I00000438,V03,0706,00000438,ipc_conversation,naturalistic,single,stranger,stranger,V03_S0706_I00000438_P1636,V03_S0706_I00000438_P2157,P1636,P2157,https://dl.fbaipublicfiles.com/seamless_interaction/naturalistic/train/audio/V03_S0706_I00000438_P1636.wav,https://dl.fbaipublicfiles.com/seamless_interaction/naturalistic/train/audio/V03_S0706_I00000438_P2157.wav,https://dl.fbaipublicfiles.com/seamless_interaction/naturalistic/train/video/V03_S0706_I00000438_P1636.mp4,https://dl.fbaipublicfiles.com/seamless_interaction/naturalistic/train/video/V03_S0706_I00000438_P2157.mp4,https://dl.fbaipublicfiles.com/seamless_interaction/naturalistic/train/metadata/vad/V03_S0706_I00000438_P1636.jsonl,https://dl.fbaipublicfiles.com/seamless_interaction/naturalistic/train/metadata/vad/V03_S0706_I00000438_P2157.jsonl
train,train,V03_S0717_I00000180,V03,0717,00000180,ipc_conversation,naturalistic,single,familiar,familiar-generic,V03_S0717_I00000180_P1496,V03_S0717_I00000180_P2342,P1496,P2342,https://dl.fbaipublicfiles.com/seamless_interaction/naturalistic/train/audio/V03_S0717_I00000180_P1496.wav,https://dl.fbaipublicfiles.com/seamless_interaction/naturalistic/train/audio/V03_S0717_I00000180_P2342.wav,https://dl.fbaipublicfiles.com/seamless_interaction/naturalistic/train/video/V03_S0717_I00000180_P1496.mp4,https://dl.fbaipublicfiles.com/seamless_interaction/naturalistic/train/video/V03_S0717_I00000180_P2342.mp4,https://dl.fbaipublicfiles.com/seamless_interaction/naturalistic/train/metadata/vad/V03_S0717_I00000180_P1496.jsonl,https://dl.fbaipublicfiles.com/seamless_interaction/naturalistic/train/metadata/vad/V03_S0717_I00000180_P2342.jsonl
train,train,V03_S0717_I00000185,V03,0717,00000185,ipc_conversation,naturalistic,single,familiar,familiar-generic,V03_S0717_I00000185_P1496,V03_S0717_I00000185_P2342,P1496,P2342,https://dl.fbaipublicfiles.com/seamless_interaction/naturalistic/train/audio/V03_S0717_I00000185_P1496.wav,https://dl.fbaipublicfiles.com/seamless_interaction/naturalistic/train/audio/V03_S0717_I00000185_P2342.wav,https://dl.fbaipublicfiles.com/seamless_interaction/naturalistic/train/video/V03_S0717_I00000185_P1496.mp4,https://dl.fbaipublicfiles.com/seamless_interaction/naturalistic/train/video/V03_S0717_I00000185_P2342.mp4,https://dl.fbaipublicfiles.com/seamless_interaction/naturalistic/train/metadata/vad/V03_S0717_I00000185_P1496.jsonl,https://dl.fbaipublicfiles.com/seamless_interaction/naturalistic/train/metadata/vad/V03_S0717_I00000185_P2342.jsonl
train,train,V03_S0717_I00000188,V03,0717,00000188,ipc_conversation,naturalistic,single,familiar,familiar-generic,V03_S0717_I00000188_P1496,V03_S0717_I00000188_P2342,P1496,P2342,https://dl.fbaipublicfiles.com/seamless_interaction/naturalistic/train/audio/V03_S0717_I00000188_P1496.wav,https://dl.fbaipublicfiles.com/seamless_interaction/naturalistic/train/audio/V03_S0717_I00000188_P2342.wav,https://dl.fbaipublicfiles.com/seamless_interaction/naturalistic/train/video/V03_S0717_I00000188_P1496.mp4,https://dl.fbaipublicfiles.com/seamless_interaction/naturalistic/train/video/V03_S0717_I00000188_P2342.mp4,https://dl.fbaipublicfiles.com/seamless_interaction/naturalistic/train/metadata/vad/V03_S0717_I00000188_P1496.jsonl,https://dl.fbaipublicfiles.com/seamless_interaction/naturalistic/train/metadata/vad/V03_S0717_I00000188_P2342.jsonl
train,train,V03_S0774_I00000144,V03,0774,00000144,ipc_conversation,naturalistic,single,stranger,stranger,V03_S0774_I00000144_P1477,V03_S0774_I00000144_P2180,P1477,P2180,https://dl.fbaipublicfiles.com/seamless_interaction/naturalistic/train/audio/V03_S0774_I00000144_P1477.wav,https://dl.fbaipublicfiles.com/seamless_interaction/naturalistic/train/audio/V03_S0774_I00000144_P2180.wav,https://dl.fbaipublicfiles.com/seamless_interaction/naturalistic/train/video/V03_S0774_I00000144_P1477.mp4,https://dl.fbaipublicfiles.com/seamless_interaction/naturalistic/train/video/V03_S0774_I00000144_P2180.mp4,https://dl.fbaipublicfiles.com/seamless_interaction/naturalistic/train/metadata/vad/V03_S0774_I00000144_P1477.jsonl,https://dl.fbaipublicfiles.com/seamless_interaction/naturalistic/train/metadata/vad/V03_S0774_I00000144_P2180.jsonl
train,train,V03_S0774_I00000145,V03,0774,00000145,ipc_conversation,naturalistic,single,stranger,stranger,V03_S0774_I00000145_P1477,V03_S0774_I00000145_P2180,P1477,P2180,https://dl.fbaipublicfiles.com/seamless_interaction/naturalistic/train/audio/V03_S0774_I00000145_P1477.wav,https://dl.fbaipublicfiles.com/seamless_interaction/naturalistic/train/audio/V03_S0774_I00000145_P2180.wav,https://dl.fbaipublicfiles.com/seamless_interaction/naturalistic/train/video/V03_S0774_I00000145_P1477.mp4,https://dl.fbaipublicfiles.com/seamless_interaction/naturalistic/train/video/V03_S0774_I00000145_P2180.mp4,https://dl.fbaipublicfiles.com/seamless_interaction/naturalistic/train/metadata/vad/V03_S0774_I00000145_P1477.jsonl,https://dl.fbaipublicfiles.com/seamless_interaction/naturalistic/train/metadata/vad/V03_S0774_I00000145_P2180.jsonl
train,train,V03_S0774_I00000147,V03,0774,00000147,ipc_conversation,naturalistic,single,stranger,stranger,V03_S0774_I00000147_P1477,V03_S0774_I00000147_P2180,P1477,P2180,https://dl.fbaipublicfiles.com/seamless_interaction/naturalistic/train/audio/V03_S0774_I00000147_P1477.wav,https://dl.fbaipublicfiles.com/seamless_interaction/naturalistic/train/audio/V03_S0774_I00000147_P2180.wav,https://dl.fbaipublicfiles.com/seamless_interaction/naturalistic/train/video/V03_S0774_I00000147_P1477.mp4,https://dl.fbaipublicfiles.com/seamless_interaction/naturalistic/train/video/V03_S0774_I00000147_P2180.mp4,https://dl.fbaipublicfiles.com/seamless_interaction/naturalistic/train/metadata/vad/V03_S0774_I00000147_P1477.jsonl,https://dl.fbaipublicfiles.com/seamless_interaction/naturalistic/train/metadata/vad/V03_S0774_I00000147_P2180.jsonl
train,train,V03_S0846_I00000070,V03,0846,00000070,collaborative_storytelling,naturalistic,single,familiar,familiar-generic,V03_S0846_I00000070_P1502,V03_S0846_I00000070_P1789,P1502,P1789,https://dl.fbaipublicfiles.com/seamless_interaction/naturalistic/train/audio/V03_S0846_I00000070_P1502.wav,https://dl.fbaipublicfiles.com/seamless_interaction/naturalistic/train/audio/V03_S0846_I00000070_P1789.wav,https://dl.fbaipublicfiles.com/seamless_interaction/naturalistic/train/video/V03_S0846_I00000070_P1502.mp4,https://dl.fbaipublicfiles.com/seamless_interaction/naturalistic/train/video/V03_S0846_I00000070_P1789.mp4,https://dl.fbaipublicfiles.com/seamless_interaction/naturalistic/train/metadata/vad/V03_S0846_I00000070_P1502.jsonl,https://dl.fbaipublicfiles.com/seamless_interaction/naturalistic/train/metadata/vad/V03_S0846_I00000070_P1789.jsonl
train,train,V03_S0846_I00000285,V03,0846,00000285,ipc_conversation,naturalistic,single,familiar,familiar-generic,V03_S0846_I00000285_P1502,V03_S0846_I00000285_P1789,P1502,P1789,https://dl.fbaipublicfiles.com/seamless_interaction/naturalistic/train/audio/V03_S0846_I00000285_P1502.wav,https://dl.fbaipublicfiles.com/seamless_interaction/naturalistic/train/audio/V03_S0846_I00000285_P1789.wav,https://dl.fbaipublicfiles.com/seamless_interaction/naturalistic/train/video/V03_S0846_I00000285_P1502.mp4,https://dl.fbaipublicfiles.com/seamless_interaction/naturalistic/train/video/V03_S0846_I00000285_P1789.mp4,https://dl.fbaipublicfiles.com/seamless_interaction/naturalistic/train/metadata/vad/V03_S0846_I00000285_P1502.jsonl,https://dl.fbaipublicfiles.com/seamless_interaction/naturalistic/train/metadata/vad/V03_S0846_I00000285_P1789.jsonl
train,train,V03_S0846_I00000297,V03,0846,00000297,ipc_conversation,naturalistic,single,familiar,familiar-generic,V03_S0846_I00000297_P1502,V03_S0846_I00000297_P1789,P1502,P1789,https://dl.fbaipublicfiles.com/seamless_interaction/naturalistic/train/audio/V03_S0846_I00000297_P1502.wav,https://dl.fbaipublicfiles.com/seamless_interaction/naturalistic/train/audio/V03_S0846_I00000297_P1789.wav,https://dl.fbaipublicfiles.com/seamless_interaction/naturalistic/train/video/V03_S0846_I00000297_P1502.mp4,https://dl.fbaipublicfiles.com/seamless_interaction/naturalistic/train/video/V03_S0846_I00000297_P1789.mp4,https://dl.fbaipublicfiles.com/seamless_interaction/naturalistic/train/metadata/vad/V03_S0846_I00000297_P1502.jsonl,https://dl.fbaipublicfiles.com/seamless_interaction/naturalistic/train/metadata/vad/V03_S0846_I00000297_P1789.jsonl
train,train,V03_S0846_I00000298,V03,0846,00000298,ipc_conversation,naturalistic,single,familiar,familiar-generic,V03_S0846_I00000298_P1502,V03_S0846_I00000298_P1789,P1502,P1789,https://dl.fbaipublicfiles.com/seamless_interaction/naturalistic/train/audio/V03_S0846_I00000298_P1502.wav,https://dl.fbaipublicfiles.com/seamless_interaction/naturalistic/train/audio/V03_S0846_I00000298_P1789.wav,https://dl.fbaipublicfiles.com/seamless_interaction/naturalistic/train/video/V03_S0846_I00000298_P1502.mp4,https://dl.fbaipublicfiles.com/seamless_interaction/naturalistic/train/video/V03_S0846_I00000298_P1789.mp4,https://dl.fbaipublicfiles.com/seamless_interaction/naturalistic/train/metadata/vad/V03_S0846_I00000298_P1502.jsonl,https://dl.fbaipublicfiles.com/seamless_interaction/naturalistic/train/metadata/vad/V03_S0846_I00000298_P1789.jsonl
train,train,V03_S0846_I00000303,V03,0846,00000303,ipc_conversation,naturalistic,single,familiar,familiar-generic,V03_S0846_I00000303_P1502,V03_S0846_I00000303_P1789,P1502,P1789,https://dl.fbaipublicfiles.com/seamless_interaction/naturalistic/train/audio/V03_S0846_I00000303_P1502.wav,https://dl.fbaipublicfiles.com/seamless_interaction/naturalistic/train/audio/V03_S0846_I00000303_P1789.wav,https://dl.fbaipublicfiles.com/seamless_interaction/naturalistic/train/video/V03_S0846_I00000303_P1502.mp4,https://dl.fbaipublicfiles.com/seamless_interaction/naturalistic/train/video/V03_S0846_I00000303_P1789.mp4,https://dl.fbaipublicfiles.com/seamless_interaction/naturalistic/train/metadata/vad/V03_S0846_I00000303_P1502.jsonl,https://dl.fbaipublicfiles.com/seamless_interaction/naturalistic/train/metadata/vad/V03_S0846_I00000303_P1789.jsonl
train,train,V03_S0888_I00000144,V03,0888,00000144,ipc_conversation,naturalistic,single,stranger,stranger,V03_S0888_I00000144_P3085,V03_S0888_I00000144_P3088,P3085,P3088,https://dl.fbaipublicfiles.com/seamless_interaction/naturalistic/train/audio/V03_S0888_I00000144_P3085.wav,https://dl.fbaipublicfiles.com/seamless_interaction/naturalistic/train/audio/V03_S0888_I00000144_P3088.wav,https://dl.fbaipublicfiles.com/seamless_interaction/naturalistic/train/video/V03_S0888_I00000144_P3085.mp4,https://dl.fbaipublicfiles.com/seamless_interaction/naturalistic/train/video/V03_S0888_I00000144_P3088.mp4,https://dl.fbaipublicfiles.com/seamless_interaction/naturalistic/train/metadata/vad/V03_S0888_I00000144_P3085.jsonl,https://dl.fbaipublicfiles.com/seamless_interaction/naturalistic/train/metadata/vad/V03_S0888_I00000144_P3088.jsonl
train,train,V03_S0888_I00000153,V03,0888,00000153,ipc_conversation,naturalistic,single,stranger,stranger,V03_S0888_I00000153_P3085,V03_S0888_I00000153_P3088,P3085,P3088,https://dl.fbaipublicfiles.com/seamless_interaction/naturalistic/train/audio/V03_S0888_I00000153_P3085.wav,https://dl.fbaipublicfiles.com/seamless_interaction/naturalistic/train/audio/V03_S0888_I00000153_P3088.wav,https://dl.fbaipublicfiles.com/seamless_interaction/naturalistic/train/video/V03_S0888_I00000153_P3085.mp4,https://dl.fbaipublicfiles.com/seamless_interaction/naturalistic/train/video/V03_S0888_I00000153_P3088.mp4,https://dl.fbaipublicfiles.com/seamless_interaction/naturalistic/train/metadata/vad/V03_S0888_I00000153_P3085.jsonl,https://dl.fbaipublicfiles.com/seamless_interaction/naturalistic/train/metadata/vad/V03_S0888_I00000153_P3088.jsonl
train,train,V03_S0941_I00000179,V03,0941,00000179,ipc_conversation,naturalistic,both,familiar,familiar-generic,V03_S0941_I00000179_P1207,V03_S0941_I00000179_P2154,P1207,P2154,https://dl.fbaipublicfiles.com/seamless_interaction/naturalistic/train/audio/V03_S0941_I00000179_P1207.wav,https://dl.fbaipublicfiles.com/seamless_interaction/naturalistic/train/audio/V03_S0941_I00000179_P2154.wav,https://dl.fbaipublicfiles.com/seamless_interaction/naturalistic/train/video/V03_S0941_I00000179_P1207.mp4,https://dl.fbaipublicfiles.com/seamless_interaction/naturalistic/train/video/V03_S0941_I00000179_P2154.mp4,https://dl.fbaipublicfiles.com/seamless_interaction/naturalistic/train/metadata/vad/V03_S0941_I00000179_P1207.jsonl,https://dl.fbaipublicfiles.com/seamless_interaction/naturalistic/train/metadata/vad/V03_S0941_I00000179_P2154.jsonl
train,train,V03_S0941_I00000180,V03,0941,00000180,ipc_conversation,naturalistic,single,familiar,familiar-generic,V03_S0941_I00000180_P1207,V03_S0941_I00000180_P2154,P1207,P2154,https://dl.fbaipublicfiles.com/seamless_interaction/naturalistic/train/audio/V03_S0941_I00000180_P1207.wav,https://dl.fbaipublicfiles.com/seamless_interaction/naturalistic/train/audio/V03_S0941_I00000180_P2154.wav,https://dl.fbaipublicfiles.com/seamless_interaction/naturalistic/train/video/V03_S0941_I00000180_P1207.mp4,https://dl.fbaipublicfiles.com/seamless_interaction/naturalistic/train/video/V03_S0941_I00000180_P2154.mp4,https://dl.fbaipublicfiles.com/seamless_interaction/naturalistic/train/metadata/vad/V03_S0941_I00000180_P1207.jsonl,https://dl.fbaipublicfiles.com/seamless_interaction/naturalistic/train/metadata/vad/V03_S0941_I00000180_P2154.jsonl
train,train,V03_S0941_I00000181,V03,0941,00000181,ipc_conversation,naturalistic,single,familiar,familiar-generic,V03_S0941_I00000181_P1207,V03_S0941_I00000181_P2154,P1207,P2154,https://dl.fbaipublicfiles.com/seamless_interaction/naturalistic/train/audio/V03_S0941_I00000181_P1207.wav,https://dl.fbaipublicfiles.com/seamless_interaction/naturalistic/train/audio/V03_S0941_I00000181_P2154.wav,https://dl.fbaipublicfiles.com/seamless_interaction/naturalistic/train/video/V03_S0941_I00000181_P1207.mp4,https://dl.fbaipublicfiles.com/seamless_interaction/naturalistic/train/video/V03_S0941_I00000181_P2154.mp4,https://dl.fbaipublicfiles.com/seamless_interaction/naturalistic/train/metadata/vad/V03_S0941_I00000181_P1207.jsonl,https://dl.fbaipublicfiles.com/seamless_interaction/naturalistic/train/metadata/vad/V03_S0941_I00000181_P2154.jsonl
train,train,V03_S0941_I00000182,V03,0941,00000182,ipc_conversation,naturalistic,both,familiar,familiar-generic,V03_S0941_I00000182_P1207,V03_S0941_I00000182_P2154,P1207,P2154,https://dl.fbaipublicfiles.com/seamless_interaction/naturalistic/train/audio/V03_S0941_I00000182_P1207.wav,https://dl.fbaipublicfiles.com/seamless_interaction/naturalistic/train/audio/V03_S0941_I00000182_P2154.wav,https://dl.fbaipublicfiles.com/seamless_interaction/naturalistic/train/video/V03_S0941_I00000182_P1207.mp4,https://dl.fbaipublicfiles.com/seamless_interaction/naturalistic/train/video/V03_S0941_I00000182_P2154.mp4,https://dl.fbaipublicfiles.com/seamless_interaction/naturalistic/train/metadata/vad/V03_S0941_I00000182_P1207.jsonl,https://dl.fbaipublicfiles.com/seamless_interaction/naturalistic/train/metadata/vad/V03_S0941_I00000182_P2154.jsonl
train,train,V03_S0941_I00000184,V03,0941,00000184,ipc_conversation,naturalistic,both,familiar,familiar-generic,V03_S0941_I00000184_P1207,V03_S0941_I00000184_P2154,P1207,P2154,https://dl.fbaipublicfiles.com/seamless_interaction/naturalistic/train/audio/V03_S0941_I00000184_P1207.wav,https://dl.fbaipublicfiles.com/seamless_interaction/naturalistic/train/audio/V03_S0941_I00000184_P2154.wav,https://dl.fbaipublicfiles.com/seamless_interaction/naturalistic/train/video/V03_S0941_I00000184_P1207.mp4,https://dl.fbaipublicfiles.com/seamless_interaction/naturalistic/train/video/V03_S0941_I00000184_P2154.mp4,https://dl.fbaipublicfiles.com/seamless_interaction/naturalistic/train/metadata/vad/V03_S0941_I00000184_P1207.jsonl,https://dl.fbaipublicfiles.com/seamless_interaction/naturalistic/train/metadata/vad/V03_S0941_I00000184_P2154.jsonl
train,train,V03_S0941_I00000190,V03,0941,00000190,ipc_conversation,naturalistic,both,familiar,familiar-generic,V03_S0941_I00000190_P1207,V03_S0941_I00000190_P2154,P1207,P2154,https://dl.fbaipublicfiles.com/seamless_interaction/naturalistic/train/audio/V03_S0941_I00000190_P1207.wav,https://dl.fbaipublicfiles.com/seamless_interaction/naturalistic/train/audio/V03_S0941_I00000190_P2154.wav,https://dl.fbaipublicfiles.com/seamless_interaction/naturalistic/train/video/V03_S0941_I00000190_P1207.mp4,https://dl.fbaipublicfiles.com/seamless_interaction/naturalistic/train/video/V03_S0941_I00000190_P2154.mp4,https://dl.fbaipublicfiles.com/seamless_interaction/naturalistic/train/metadata/vad/V03_S0941_I00000190_P1207.jsonl,https://dl.fbaipublicfiles.com/seamless_interaction/naturalistic/train/metadata/vad/V03_S0941_I00000190_P2154.jsonl
train,train,V03_S1062_I00000057,V03,1062,00000057,ipc_conversation,naturalistic,both,stranger,stranger,V03_S1062_I00000057_P3109,V03_S1062_I00000057_P3485,P3109,P3485,https://dl.fbaipublicfiles.com/seamless_interaction/naturalistic/train/audio/V03_S1062_I00000057_P3109.wav,https://dl.fbaipublicfiles.com/seamless_interaction/naturalistic/train/audio/V03_S1062_I00000057_P3485.wav,https://dl.fbaipublicfiles.com/seamless_interaction/naturalistic/train/video/V03_S1062_I00000057_P3109.mp4,https://dl.fbaipublicfiles.com/seamless_interaction/naturalistic/train/video/V03_S1062_I00000057_P3485.mp4,https://dl.fbaipublicfiles.com/seamless_interaction/naturalistic/train/metadata/vad/V03_S1062_I00000057_P3109.jsonl,https://dl.fbaipublicfiles.com/seamless_interaction/naturalistic/train/metadata/vad/V03_S1062_I00000057_P3485.jsonl
train,train,V03_S1128_I00000087,V03,1128,00000087,ipc_conversation,naturalistic,single,stranger,stranger,V03_S1128_I00000087_P1961,V03_S1128_I00000087_P2524,P1961,P2524,https://dl.fbaipublicfiles.com/seamless_interaction/naturalistic/train/audio/V03_S1128_I00000087_P1961.wav,https://dl.fbaipublicfiles.com/seamless_interaction/naturalistic/train/audio/V03_S1128_I00000087_P2524.wav,https://dl.fbaipublicfiles.com/seamless_interaction/naturalistic/train/video/V03_S1128_I00000087_P1961.mp4,https://dl.fbaipublicfiles.com/seamless_interaction/naturalistic/train/video/V03_S1128_I00000087_P2524.mp4,https://dl.fbaipublicfiles.com/seamless_interaction/naturalistic/train/metadata/vad/V03_S1128_I00000087_P1961.jsonl,https://dl.fbaipublicfiles.com/seamless_interaction/naturalistic/train/metadata/vad/V03_S1128_I00000087_P2524.jsonl
train,train,V03_S1131_I00000026,V03,1131,00000026,ipc_conversation,naturalistic,single,stranger,stranger,V03_S1131_I00000026_P3498,V03_S1131_I00000026_P3506,P3498,P3506,https://dl.fbaipublicfiles.com/seamless_interaction/naturalistic/train/audio/V03_S1131_I00000026_P3498.wav,https://dl.fbaipublicfiles.com/seamless_interaction/naturalistic/train/audio/V03_S1131_I00000026_P3506.wav,https://dl.fbaipublicfiles.com/seamless_interaction/naturalistic/train/video/V03_S1131_I00000026_P3498.mp4,https://dl.fbaipublicfiles.com/seamless_interaction/naturalistic/train/video/V03_S1131_I00000026_P3506.mp4,https://dl.fbaipublicfiles.com/seamless_interaction/naturalistic/train/metadata/vad/V03_S1131_I00000026_P3498.jsonl,https://dl.fbaipublicfiles.com/seamless_interaction/naturalistic/train/metadata/vad/V03_S1131_I00000026_P3506.jsonl
train,train,V03_S1131_I00000027,V03,1131,00000027,ipc_conversation,naturalistic,single,stranger,stranger,V03_S1131_I00000027_P3498,V03_S1131_I00000027_P3506,P3498,P3506,https://dl.fbaipublicfiles.com/seamless_interaction/naturalistic/train/audio/V03_S1131_I00000027_P3498.wav,https://dl.fbaipublicfiles.com/seamless_interaction/naturalistic/train/audio/V03_S1131_I00000027_P3506.wav,https://dl.fbaipublicfiles.com/seamless_interaction/naturalistic/train/video/V03_S1131_I00000027_P3498.mp4,https://dl.fbaipublicfiles.com/seamless_interaction/naturalistic/train/video/V03_S1131_I00000027_P3506.mp4,https://dl.fbaipublicfiles.com/seamless_interaction/naturalistic/train/metadata/vad/V03_S1131_I00000027_P3498.jsonl,https://dl.fbaipublicfiles.com/seamless_interaction/naturalistic/train/metadata/vad/V03_S1131_I00000027_P3506.jsonl
train,train,V03_S1131_I00000028,V03,1131,00000028,ipc_conversation,naturalistic,single,stranger,stranger,V03_S1131_I00000028_P3498,V03_S1131_I00000028_P3506,P3498,P3506,https://dl.fbaipublicfiles.com/seamless_interaction/naturalistic/train/audio/V03_S1131_I00000028_P3498.wav,https://dl.fbaipublicfiles.com/seamless_interaction/naturalistic/train/audio/V03_S1131_I00000028_P3506.wav,https://dl.fbaipublicfiles.com/seamless_interaction/naturalistic/train/video/V03_S1131_I00000028_P3498.mp4,https://dl.fbaipublicfiles.com/seamless_interaction/naturalistic/train/video/V03_S1131_I00000028_P3506.mp4,https://dl.fbaipublicfiles.com/seamless_interaction/naturalistic/train/metadata/vad/V03_S1131_I00000028_P3498.jsonl,https://dl.fbaipublicfiles.com/seamless_interaction/naturalistic/train/metadata/vad/V03_S1131_I00000028_P3506.jsonl
train,train,V03_S1131_I00000031,V03,1131,00000031,ipc_conversation,naturalistic,single,stranger,stranger,V03_S1131_I00000031_P3498,V03_S1131_I00000031_P3506,P3498,P3506,https://dl.fbaipublicfiles.com/seamless_interaction/naturalistic/train/audio/V03_S1131_I00000031_P3498.wav,https://dl.fbaipublicfiles.com/seamless_interaction/naturalistic/train/audio/V03_S1131_I00000031_P3506.wav,https://dl.fbaipublicfiles.com/seamless_interaction/naturalistic/train/video/V03_S1131_I00000031_P3498.mp4,https://dl.fbaipublicfiles.com/seamless_interaction/naturalistic/train/video/V03_S1131_I00000031_P3506.mp4,https://dl.fbaipublicfiles.com/seamless_interaction/naturalistic/train/metadata/vad/V03_S1131_I00000031_P3498.jsonl,https://dl.fbaipublicfiles.com/seamless_interaction/naturalistic/train/metadata/vad/V03_S1131_I00000031_P3506.jsonl
train,train,V03_S1132_I00000105,V03,1132,00000105,ipc_conversation,naturalistic,single,stranger,stranger,V03_S1132_I00000105_P3121,V03_S1132_I00000105_P3596,P3121,P3596,https://dl.fbaipublicfiles.com/seamless_interaction/naturalistic/train/audio/V03_S1132_I00000105_P3121.wav,https://dl.fbaipublicfiles.com/seamless_interaction/naturalistic/train/audio/V03_S1132_I00000105_P3596.wav,https://dl.fbaipublicfiles.com/seamless_interaction/naturalistic/train/video/V03_S1132_I00000105_P3121.mp4,https://dl.fbaipublicfiles.com/seamless_interaction/naturalistic/train/video/V03_S1132_I00000105_P3596.mp4,https://dl.fbaipublicfiles.com/seamless_interaction/naturalistic/train/metadata/vad/V03_S1132_I00000105_P3121.jsonl,https://dl.fbaipublicfiles.com/seamless_interaction/naturalistic/train/metadata/vad/V03_S1132_I00000105_P3596.jsonl
train,train,V03_S1132_I00000110,V03,1132,00000110,ipc_conversation,naturalistic,single,stranger,stranger,V03_S1132_I00000110_P3121,V03_S1132_I00000110_P3596,P3121,P3596,https://dl.fbaipublicfiles.com/seamless_interaction/naturalistic/train/audio/V03_S1132_I00000110_P3121.wav,https://dl.fbaipublicfiles.com/seamless_interaction/naturalistic/train/audio/V03_S1132_I00000110_P3596.wav,https://dl.fbaipublicfiles.com/seamless_interaction/naturalistic/train/video/V03_S1132_I00000110_P3121.mp4,https://dl.fbaipublicfiles.com/seamless_interaction/naturalistic/train/video/V03_S1132_I00000110_P3596.mp4,https://dl.fbaipublicfiles.com/seamless_interaction/naturalistic/train/metadata/vad/V03_S1132_I00000110_P3121.jsonl,https://dl.fbaipublicfiles.com/seamless_interaction/naturalistic/train/metadata/vad/V03_S1132_I00000110_P3596.jsonl
train,train,V03_S1135_I00000055,V03,1135,00000055,ipc_conversation,naturalistic,single,stranger,stranger,V03_S1135_I00000055_P3602,V03_S1135_I00000055_P3603,P3602,P3603,https://dl.fbaipublicfiles.com/seamless_interaction/naturalistic/train/audio/V03_S1135_I00000055_P3602.wav,https://dl.fbaipublicfiles.com/seamless_interaction/naturalistic/train/audio/V03_S1135_I00000055_P3603.wav,https://dl.fbaipublicfiles.com/seamless_interaction/naturalistic/train/video/V03_S1135_I00000055_P3602.mp4,https://dl.fbaipublicfiles.com/seamless_interaction/naturalistic/train/video/V03_S1135_I00000055_P3603.mp4,https://dl.fbaipublicfiles.com/seamless_interaction/naturalistic/train/metadata/vad/V03_S1135_I00000055_P3602.jsonl,https://dl.fbaipublicfiles.com/seamless_interaction/naturalistic/train/metadata/vad/V03_S1135_I00000055_P3603.jsonl
train,train,V03_S1139_I00000026,V03,1139,00000026,ipc_conversation,naturalistic,single,stranger,stranger,V03_S1139_I00000026_P3498,V03_S1139_I00000026_P3611,P3498,P3611,https://dl.fbaipublicfiles.com/seamless_interaction/naturalistic/train/audio/V03_S1139_I00000026_P3498.wav,https://dl.fbaipublicfiles.com/seamless_interaction/naturalistic/train/audio/V03_S1139_I00000026_P3611.wav,https://dl.fbaipublicfiles.com/seamless_interaction/naturalistic/train/video/V03_S1139_I00000026_P3498.mp4,https://dl.fbaipublicfiles.com/seamless_interaction/naturalistic/train/video/V03_S1139_I00000026_P3611.mp4,https://dl.fbaipublicfiles.com/seamless_interaction/naturalistic/train/metadata/vad/V03_S1139_I00000026_P3498.jsonl,https://dl.fbaipublicfiles.com/seamless_interaction/naturalistic/train/metadata/vad/V03_S1139_I00000026_P3611.jsonl
train,train,V03_S1139_I00000027,V03,1139,00000027,ipc_conversation,naturalistic,single,stranger,stranger,V03_S1139_I00000027_P3498,V03_S1139_I00000027_P3611,P3498,P3611,https://dl.fbaipublicfiles.com/seamless_interaction/naturalistic/train/audio/V03_S1139_I00000027_P3498.wav,https://dl.fbaipublicfiles.com/seamless_interaction/naturalistic/train/audio/V03_S1139_I00000027_P3611.wav,https://dl.fbaipublicfiles.com/seamless_interaction/naturalistic/train/video/V03_S1139_I00000027_P3498.mp4,https://dl.fbaipublicfiles.com/seamless_interaction/naturalistic/train/video/V03_S1139_I00000027_P3611.mp4,https://dl.fbaipublicfiles.com/seamless_interaction/naturalistic/train/metadata/vad/V03_S1139_I00000027_P3498.jsonl,https://dl.fbaipublicfiles.com/seamless_interaction/naturalistic/train/metadata/vad/V03_S1139_I00000027_P3611.jsonl
train,train,V03_S1139_I00000032,V03,1139,00000032,ipc_conversation,naturalistic,single,stranger,stranger,V03_S1139_I00000032_P3498,V03_S1139_I00000032_P3611,P3498,P3611,https://dl.fbaipublicfiles.com/seamless_interaction/naturalistic/train/audio/V03_S1139_I00000032_P3498.wav,https://dl.fbaipublicfiles.com/seamless_interaction/naturalistic/train/audio/V03_S1139_I00000032_P3611.wav,https://dl.fbaipublicfiles.com/seamless_interaction/naturalistic/train/video/V03_S1139_I00000032_P3498.mp4,https://dl.fbaipublicfiles.com/seamless_interaction/naturalistic/train/video/V03_S1139_I00000032_P3611.mp4,https://dl.fbaipublicfiles.com/seamless_interaction/naturalistic/train/metadata/vad/V03_S1139_I00000032_P3498.jsonl,https://dl.fbaipublicfiles.com/seamless_interaction/naturalistic/train/metadata/vad/V03_S1139_I00000032_P3611.jsonl
train,train,V03_S1147_I00000105,V03,1147,00000105,ipc_conversation,naturalistic,single,stranger,stranger,V03_S1147_I00000105_P3487,V03_S1147_I00000105_P3603,P3487,P3603,https://dl.fbaipublicfiles.com/seamless_interaction/naturalistic/train/audio/V03_S1147_I00000105_P3487.wav,https://dl.fbaipublicfiles.com/seamless_interaction/naturalistic/train/audio/V03_S1147_I00000105_P3603.wav,https://dl.fbaipublicfiles.com/seamless_interaction/naturalistic/train/video/V03_S1147_I00000105_P3487.mp4,https://dl.fbaipublicfiles.com/seamless_interaction/naturalistic/train/video/V03_S1147_I00000105_P3603.mp4,https://dl.fbaipublicfiles.com/seamless_interaction/naturalistic/train/metadata/vad/V03_S1147_I00000105_P3487.jsonl,https://dl.fbaipublicfiles.com/seamless_interaction/naturalistic/train/metadata/vad/V03_S1147_I00000105_P3603.jsonl
train,train,V03_S1147_I00000110,V03,1147,00000110,ipc_conversation,naturalistic,single,stranger,stranger,V03_S1147_I00000110_P3487,V03_S1147_I00000110_P3603,P3487,P3603,https://dl.fbaipublicfiles.com/seamless_interaction/naturalistic/train/audio/V03_S1147_I00000110_P3487.wav,https://dl.fbaipublicfiles.com/seamless_interaction/naturalistic/train/audio/V03_S1147_I00000110_P3603.wav,https://dl.fbaipublicfiles.com/seamless_interaction/naturalistic/train/video/V03_S1147_I00000110_P3487.mp4,https://dl.fbaipublicfiles.com/seamless_interaction/naturalistic/train/video/V03_S1147_I00000110_P3603.mp4,https://dl.fbaipublicfiles.com/seamless_interaction/naturalistic/train/metadata/vad/V03_S1147_I00000110_P3487.jsonl,https://dl.fbaipublicfiles.com/seamless_interaction/naturalistic/train/metadata/vad/V03_S1147_I00000110_P3603.jsonl
train,train,V03_S1156_I00000027,V03,1156,00000027,ipc_conversation,naturalistic,single,stranger,stranger,V03_S1156_I00000027_P3193,V03_S1156_I00000027_P3485,P3193,P3485,https://dl.fbaipublicfiles.com/seamless_interaction/naturalistic/train/audio/V03_S1156_I00000027_P3193.wav,https://dl.fbaipublicfiles.com/seamless_interaction/naturalistic/train/audio/V03_S1156_I00000027_P3485.wav,https://dl.fbaipublicfiles.com/seamless_interaction/naturalistic/train/video/V03_S1156_I00000027_P3193.mp4,https://dl.fbaipublicfiles.com/seamless_interaction/naturalistic/train/video/V03_S1156_I00000027_P3485.mp4,https://dl.fbaipublicfiles.com/seamless_interaction/naturalistic/train/metadata/vad/V03_S1156_I00000027_P3193.jsonl,https://dl.fbaipublicfiles.com/seamless_interaction/naturalistic/train/metadata/vad/V03_S1156_I00000027_P3485.jsonl
train,train,V03_S1159_I00000401,V03,1159,00000401,ipc_conversation,naturalistic,single,stranger,stranger,V03_S1159_I00000401_P3111,V03_S1159_I00000401_P3485,P3111,P3485,https://dl.fbaipublicfiles.com/seamless_interaction/naturalistic/train/audio/V03_S1159_I00000401_P3111.wav,https://dl.fbaipublicfiles.com/seamless_interaction/naturalistic/train/audio/V03_S1159_I00000401_P3485.wav,https://dl.fbaipublicfiles.com/seamless_interaction/naturalistic/train/video/V03_S1159_I00000401_P3111.mp4,https://dl.fbaipublicfiles.com/seamless_interaction/naturalistic/train/video/V03_S1159_I00000401_P3485.mp4,https://dl.fbaipublicfiles.com/seamless_interaction/naturalistic/train/metadata/vad/V03_S1159_I00000401_P3111.jsonl,https://dl.fbaipublicfiles.com/seamless_interaction/naturalistic/train/metadata/vad/V03_S1159_I00000401_P3485.jsonl
train,train,V03_S1159_I00000402,V03,1159,00000402,ipc_conversation,naturalistic,single,stranger,stranger,V03_S1159_I00000402_P3111,V03_S1159_I00000402_P3485,P3111,P3485,https://dl.fbaipublicfiles.com/seamless_interaction/naturalistic/train/audio/V03_S1159_I00000402_P3111.wav,https://dl.fbaipublicfiles.com/seamless_interaction/naturalistic/train/audio/V03_S1159_I00000402_P3485.wav,https://dl.fbaipublicfiles.com/seamless_interaction/naturalistic/train/video/V03_S1159_I00000402_P3111.mp4,https://dl.fbaipublicfiles.com/seamless_interaction/naturalistic/train/video/V03_S1159_I00000402_P3485.mp4,https://dl.fbaipublicfiles.com/seamless_interaction/naturalistic/train/metadata/vad/V03_S1159_I00000402_P3111.jsonl,https://dl.fbaipublicfiles.com/seamless_interaction/naturalistic/train/metadata/vad/V03_S1159_I00000402_P3485.jsonl
train,train,V03_S1176_I00000232,V03,1176,00000232,collaborative_storytelling,naturalistic,single,stranger,stranger,V03_S1176_I00000232_P1208,V03_S1176_I00000232_P3746,P1208,P3746,https://dl.fbaipublicfiles.com/seamless_interaction/naturalistic/train/audio/V03_S1176_I00000232_P1208.wav,https://dl.fbaipublicfiles.com/seamless_interaction/naturalistic/train/audio/V03_S1176_I00000232_P3746.wav,https://dl.fbaipublicfiles.com/seamless_interaction/naturalistic/train/video/V03_S1176_I00000232_P1208.mp4,https://dl.fbaipublicfiles.com/seamless_interaction/naturalistic/train/video/V03_S1176_I00000232_P3746.mp4,https://dl.fbaipublicfiles.com/seamless_interaction/naturalistic/train/metadata/vad/V03_S1176_I00000232_P1208.jsonl,https://dl.fbaipublicfiles.com/seamless_interaction/naturalistic/train/metadata/vad/V03_S1176_I00000232_P3746.jsonl
train,train,V03_S1176_I00000388,V03,1176,00000388,ipc_conversation,naturalistic,single,stranger,stranger,V03_S1176_I00000388_P1208,V03_S1176_I00000388_P3746,P1208,P3746,https://dl.fbaipublicfiles.com/seamless_interaction/naturalistic/train/audio/V03_S1176_I00000388_P1208.wav,https://dl.fbaipublicfiles.com/seamless_interaction/naturalistic/train/audio/V03_S1176_I00000388_P3746.wav,https://dl.fbaipublicfiles.com/seamless_interaction/naturalistic/train/video/V03_S1176_I00000388_P1208.mp4,https://dl.fbaipublicfiles.com/seamless_interaction/naturalistic/train/video/V03_S1176_I00000388_P3746.mp4,https://dl.fbaipublicfiles.com/seamless_interaction/naturalistic/train/metadata/vad/V03_S1176_I00000388_P1208.jsonl,https://dl.fbaipublicfiles.com/seamless_interaction/naturalistic/train/metadata/vad/V03_S1176_I00000388_P3746.jsonl
train,train,V03_S1176_I00000389,V03,1176,00000389,ipc_conversation,naturalistic,single,stranger,stranger,V03_S1176_I00000389_P1208,V03_S1176_I00000389_P3746,P1208,P3746,https://dl.fbaipublicfiles.com/seamless_interaction/naturalistic/train/audio/V03_S1176_I00000389_P1208.wav,https://dl.fbaipublicfiles.com/seamless_interaction/naturalistic/train/audio/V03_S1176_I00000389_P3746.wav,https://dl.fbaipublicfiles.com/seamless_interaction/naturalistic/train/video/V03_S1176_I00000389_P1208.mp4,https://dl.fbaipublicfiles.com/seamless_interaction/naturalistic/train/video/V03_S1176_I00000389_P3746.mp4,https://dl.fbaipublicfiles.com/seamless_interaction/naturalistic/train/metadata/vad/V03_S1176_I00000389_P1208.jsonl,https://dl.fbaipublicfiles.com/seamless_interaction/naturalistic/train/metadata/vad/V03_S1176_I00000389_P3746.jsonl
train,train,V03_S1176_I00000390,V03,1176,00000390,ipc_conversation,naturalistic,single,stranger,stranger,V03_S1176_I00000390_P1208,V03_S1176_I00000390_P3746,P1208,P3746,https://dl.fbaipublicfiles.com/seamless_interaction/naturalistic/train/audio/V03_S1176_I00000390_P1208.wav,https://dl.fbaipublicfiles.com/seamless_interaction/naturalistic/train/audio/V03_S1176_I00000390_P3746.wav,https://dl.fbaipublicfiles.com/seamless_interaction/naturalistic/train/video/V03_S1176_I00000390_P1208.mp4,https://dl.fbaipublicfiles.com/seamless_interaction/naturalistic/train/video/V03_S1176_I00000390_P3746.mp4,https://dl.fbaipublicfiles.com/seamless_interaction/naturalistic/train/metadata/vad/V03_S1176_I00000390_P1208.jsonl,https://dl.fbaipublicfiles.com/seamless_interaction/naturalistic/train/metadata/vad/V03_S1176_I00000390_P3746.jsonl
train,train,V03_S1176_I00000391,V03,1176,00000391,ipc_conversation,naturalistic,single,stranger,stranger,V03_S1176_I00000391_P1208,V03_S1176_I00000391_P3746,P1208,P3746,https://dl.fbaipublicfiles.com/seamless_interaction/naturalistic/train/audio/V03_S1176_I00000391_P1208.wav,https://dl.fbaipublicfiles.com/seamless_interaction/naturalistic/train/audio/V03_S1176_I00000391_P3746.wav,https://dl.fbaipublicfiles.com/seamless_interaction/naturalistic/train/video/V03_S1176_I00000391_P1208.mp4,https://dl.fbaipublicfiles.com/seamless_interaction/naturalistic/train/video/V03_S1176_I00000391_P3746.mp4,https://dl.fbaipublicfiles.com/seamless_interaction/naturalistic/train/metadata/vad/V03_S1176_I00000391_P1208.jsonl,https://dl.fbaipublicfiles.com/seamless_interaction/naturalistic/train/metadata/vad/V03_S1176_I00000391_P3746.jsonl
train,train,V03_S1176_I00000397,V03,1176,00000397,ipc_conversation,naturalistic,single,stranger,stranger,V03_S1176_I00000397_P1208,V03_S1176_I00000397_P3746,P1208,P3746,https://dl.fbaipublicfiles.com/seamless_interaction/naturalistic/train/audio/V03_S1176_I00000397_P1208.wav,https://dl.fbaipublicfiles.com/seamless_interaction/naturalistic/train/audio/V03_S1176_I00000397_P3746.wav,https://dl.fbaipublicfiles.com/seamless_interaction/naturalistic/train/video/V03_S1176_I00000397_P1208.mp4,https://dl.fbaipublicfiles.com/seamless_interaction/naturalistic/train/video/V03_S1176_I00000397_P3746.mp4,https://dl.fbaipublicfiles.com/seamless_interaction/naturalistic/train/metadata/vad/V03_S1176_I00000397_P1208.jsonl,https://dl.fbaipublicfiles.com/seamless_interaction/naturalistic/train/metadata/vad/V03_S1176_I00000397_P3746.jsonl
train,train,V03_S1176_I00000398,V03,1176,00000398,ipc_conversation,naturalistic,single,stranger,stranger,V03_S1176_I00000398_P1208,V03_S1176_I00000398_P3746,P1208,P3746,https://dl.fbaipublicfiles.com/seamless_interaction/naturalistic/train/audio/V03_S1176_I00000398_P1208.wav,https://dl.fbaipublicfiles.com/seamless_interaction/naturalistic/train/audio/V03_S1176_I00000398_P3746.wav,https://dl.fbaipublicfiles.com/seamless_interaction/naturalistic/train/video/V03_S1176_I00000398_P1208.mp4,https://dl.fbaipublicfiles.com/seamless_interaction/naturalistic/train/video/V03_S1176_I00000398_P3746.mp4,https://dl.fbaipublicfiles.com/seamless_interaction/naturalistic/train/metadata/vad/V03_S1176_I00000398_P1208.jsonl,https://dl.fbaipublicfiles.com/seamless_interaction/naturalistic/train/metadata/vad/V03_S1176_I00000398_P3746.jsonl
train,train,V03_S1176_I00000438,V03,1176,00000438,ipc_conversation,naturalistic,single,stranger,stranger,V03_S1176_I00000438_P1208,V03_S1176_I00000438_P3746,P1208,P3746,https://dl.fbaipublicfiles.com/seamless_interaction/naturalistic/train/audio/V03_S1176_I00000438_P1208.wav,https://dl.fbaipublicfiles.com/seamless_interaction/naturalistic/train/audio/V03_S1176_I00000438_P3746.wav,https://dl.fbaipublicfiles.com/seamless_interaction/naturalistic/train/video/V03_S1176_I00000438_P1208.mp4,https://dl.fbaipublicfiles.com/seamless_interaction/naturalistic/train/video/V03_S1176_I00000438_P3746.mp4,https://dl.fbaipublicfiles.com/seamless_interaction/naturalistic/train/metadata/vad/V03_S1176_I00000438_P1208.jsonl,https://dl.fbaipublicfiles.com/seamless_interaction/naturalistic/train/metadata/vad/V03_S1176_I00000438_P3746.jsonl
train,train,V03_S1253_I00000314,V03,1253,00000314,ipc_conversation,naturalistic,both,stranger,stranger,V03_S1253_I00000314_P3750,V03_S1253_I00000314_P3782,P3750,P3782,https://dl.fbaipublicfiles.com/seamless_interaction/naturalistic/train/audio/V03_S1253_I00000314_P3750.wav,https://dl.fbaipublicfiles.com/seamless_interaction/naturalistic/train/audio/V03_S1253_I00000314_P3782.wav,https://dl.fbaipublicfiles.com/seamless_interaction/naturalistic/train/video/V03_S1253_I00000314_P3750.mp4,https://dl.fbaipublicfiles.com/seamless_interaction/naturalistic/train/video/V03_S1253_I00000314_P3782.mp4,https://dl.fbaipublicfiles.com/seamless_interaction/naturalistic/train/metadata/vad/V03_S1253_I00000314_P3750.jsonl,https://dl.fbaipublicfiles.com/seamless_interaction/naturalistic/train/metadata/vad/V03_S1253_I00000314_P3782.jsonl
train,train,V03_S1253_I00000315,V03,1253,00000315,ipc_conversation,naturalistic,single,stranger,stranger,V03_S1253_I00000315_P3750,V03_S1253_I00000315_P3782,P3750,P3782,https://dl.fbaipublicfiles.com/seamless_interaction/naturalistic/train/audio/V03_S1253_I00000315_P3750.wav,https://dl.fbaipublicfiles.com/seamless_interaction/naturalistic/train/audio/V03_S1253_I00000315_P3782.wav,https://dl.fbaipublicfiles.com/seamless_interaction/naturalistic/train/video/V03_S1253_I00000315_P3750.mp4,https://dl.fbaipublicfiles.com/seamless_interaction/naturalistic/train/video/V03_S1253_I00000315_P3782.mp4,https://dl.fbaipublicfiles.com/seamless_interaction/naturalistic/train/metadata/vad/V03_S1253_I00000315_P3750.jsonl,https://dl.fbaipublicfiles.com/seamless_interaction/naturalistic/train/metadata/vad/V03_S1253_I00000315_P3782.jsonl
train,train,V03_S1253_I00000316,V03,1253,00000316,ipc_conversation,naturalistic,both,stranger,stranger,V03_S1253_I00000316_P3750,V03_S1253_I00000316_P3782,P3750,P3782,https://dl.fbaipublicfiles.com/seamless_interaction/naturalistic/train/audio/V03_S1253_I00000316_P3750.wav,https://dl.fbaipublicfiles.com/seamless_interaction/naturalistic/train/audio/V03_S1253_I00000316_P3782.wav,https://dl.fbaipublicfiles.com/seamless_interaction/naturalistic/train/video/V03_S1253_I00000316_P3750.mp4,https://dl.fbaipublicfiles.com/seamless_interaction/naturalistic/train/video/V03_S1253_I00000316_P3782.mp4,https://dl.fbaipublicfiles.com/seamless_interaction/naturalistic/train/metadata/vad/V03_S1253_I00000316_P3750.jsonl,https://dl.fbaipublicfiles.com/seamless_interaction/naturalistic/train/metadata/vad/V03_S1253_I00000316_P3782.jsonl
train,train,V03_S1253_I00000319,V03,1253,00000319,ipc_conversation,naturalistic,single,stranger,stranger,V03_S1253_I00000319_P3750,V03_S1253_I00000319_P3782,P3750,P3782,https://dl.fbaipublicfiles.com/seamless_interaction/naturalistic/train/audio/V03_S1253_I00000319_P3750.wav,https://dl.fbaipublicfiles.com/seamless_interaction/naturalistic/train/audio/V03_S1253_I00000319_P3782.wav,https://dl.fbaipublicfiles.com/seamless_interaction/naturalistic/train/video/V03_S1253_I00000319_P3750.mp4,https://dl.fbaipublicfiles.com/seamless_interaction/naturalistic/train/video/V03_S1253_I00000319_P3782.mp4,https://dl.fbaipublicfiles.com/seamless_interaction/naturalistic/train/metadata/vad/V03_S1253_I00000319_P3750.jsonl,https://dl.fbaipublicfiles.com/seamless_interaction/naturalistic/train/metadata/vad/V03_S1253_I00000319_P3782.jsonl
train,train,V03_S1253_I00000320,V03,1253,00000320,ipc_conversation,naturalistic,single,stranger,stranger,V03_S1253_I00000320_P3750,V03_S1253_I00000320_P3782,P3750,P3782,https://dl.fbaipublicfiles.com/seamless_interaction/naturalistic/train/audio/V03_S1253_I00000320_P3750.wav,https://dl.fbaipublicfiles.com/seamless_interaction/naturalistic/train/audio/V03_S1253_I00000320_P3782.wav,https://dl.fbaipublicfiles.com/seamless_interaction/naturalistic/train/video/V03_S1253_I00000320_P3750.mp4,https://dl.fbaipublicfiles.com/seamless_interaction/naturalistic/train/video/V03_S1253_I00000320_P3782.mp4,https://dl.fbaipublicfiles.com/seamless_interaction/naturalistic/train/metadata/vad/V03_S1253_I00000320_P3750.jsonl,https://dl.fbaipublicfiles.com/seamless_interaction/naturalistic/train/metadata/vad/V03_S1253_I00000320_P3782.jsonl
train,train,V03_S1253_I00000321,V03,1253,00000321,ipc_conversation,naturalistic,single,stranger,stranger,V03_S1253_I00000321_P3750,V03_S1253_I00000321_P3782,P3750,P3782,https://dl.fbaipublicfiles.com/seamless_interaction/naturalistic/train/audio/V03_S1253_I00000321_P3750.wav,https://dl.fbaipublicfiles.com/seamless_interaction/naturalistic/train/audio/V03_S1253_I00000321_P3782.wav,https://dl.fbaipublicfiles.com/seamless_interaction/naturalistic/train/video/V03_S1253_I00000321_P3750.mp4,https://dl.fbaipublicfiles.com/seamless_interaction/naturalistic/train/video/V03_S1253_I00000321_P3782.mp4,https://dl.fbaipublicfiles.com/seamless_interaction/naturalistic/train/metadata/vad/V03_S1253_I00000321_P3750.jsonl,https://dl.fbaipublicfiles.com/seamless_interaction/naturalistic/train/metadata/vad/V03_S1253_I00000321_P3782.jsonl
train,train,V03_S1253_I00000323,V03,1253,00000323,ipc_conversation,naturalistic,single,stranger,stranger,V03_S1253_I00000323_P3750,V03_S1253_I00000323_P3782,P3750,P3782,https://dl.fbaipublicfiles.com/seamless_interaction/naturalistic/train/audio/V03_S1253_I00000323_P3750.wav,https://dl.fbaipublicfiles.com/seamless_interaction/naturalistic/train/audio/V03_S1253_I00000323_P3782.wav,https://dl.fbaipublicfiles.com/seamless_interaction/naturalistic/train/video/V03_S1253_I00000323_P3750.mp4,https://dl.fbaipublicfiles.com/seamless_interaction/naturalistic/train/video/V03_S1253_I00000323_P3782.mp4,https://dl.fbaipublicfiles.com/seamless_interaction/naturalistic/train/metadata/vad/V03_S1253_I00000323_P3750.jsonl,https://dl.fbaipublicfiles.com/seamless_interaction/naturalistic/train/metadata/vad/V03_S1253_I00000323_P3782.jsonl
train,train,V03_S1253_I00000325,V03,1253,00000325,ipc_conversation,naturalistic,single,stranger,stranger,V03_S1253_I00000325_P3750,V03_S1253_I00000325_P3782,P3750,P3782,https://dl.fbaipublicfiles.com/seamless_interaction/naturalistic/train/audio/V03_S1253_I00000325_P3750.wav,https://dl.fbaipublicfiles.com/seamless_interaction/naturalistic/train/audio/V03_S1253_I00000325_P3782.wav,https://dl.fbaipublicfiles.com/seamless_interaction/naturalistic/train/video/V03_S1253_I00000325_P3750.mp4,https://dl.fbaipublicfiles.com/seamless_interaction/naturalistic/train/video/V03_S1253_I00000325_P3782.mp4,https://dl.fbaipublicfiles.com/seamless_interaction/naturalistic/train/metadata/vad/V03_S1253_I00000325_P3750.jsonl,https://dl.fbaipublicfiles.com/seamless_interaction/naturalistic/train/metadata/vad/V03_S1253_I00000325_P3782.jsonl
train,train,V03_S1279_I00000111,V03,1279,00000111,ipc_conversation,naturalistic,single,stranger,stranger,V03_S1279_I00000111_P2791,V03_S1279_I00000111_P3732,P2791,P3732,https://dl.fbaipublicfiles.com/seamless_interaction/naturalistic/train/audio/V03_S1279_I00000111_P2791.wav,https://dl.fbaipublicfiles.com/seamless_interaction/naturalistic/train/audio/V03_S1279_I00000111_P3732.wav,https://dl.fbaipublicfiles.com/seamless_interaction/naturalistic/train/video/V03_S1279_I00000111_P2791.mp4,https://dl.fbaipublicfiles.com/seamless_interaction/naturalistic/train/video/V03_S1279_I00000111_P3732.mp4,https://dl.fbaipublicfiles.com/seamless_interaction/naturalistic/train/metadata/vad/V03_S1279_I00000111_P2791.jsonl,https://dl.fbaipublicfiles.com/seamless_interaction/naturalistic/train/metadata/vad/V03_S1279_I00000111_P3732.jsonl
train,train,V03_S1279_I00000112,V03,1279,00000112,ipc_conversation,naturalistic,single,stranger,stranger,V03_S1279_I00000112_P2791,V03_S1279_I00000112_P3732,P2791,P3732,https://dl.fbaipublicfiles.com/seamless_interaction/naturalistic/train/audio/V03_S1279_I00000112_P2791.wav,https://dl.fbaipublicfiles.com/seamless_interaction/naturalistic/train/audio/V03_S1279_I00000112_P3732.wav,https://dl.fbaipublicfiles.com/seamless_interaction/naturalistic/train/video/V03_S1279_I00000112_P2791.mp4,https://dl.fbaipublicfiles.com/seamless_interaction/naturalistic/train/video/V03_S1279_I00000112_P3732.mp4,https://dl.fbaipublicfiles.com/seamless_interaction/naturalistic/train/metadata/vad/V03_S1279_I00000112_P2791.jsonl,https://dl.fbaipublicfiles.com/seamless_interaction/naturalistic/train/metadata/vad/V03_S1279_I00000112_P3732.jsonl
train,train,V03_S1279_I00000120,V03,1279,00000120,ipc_conversation,naturalistic,single,stranger,stranger,V03_S1279_I00000120_P2791,V03_S1279_I00000120_P3732,P2791,P3732,https://dl.fbaipublicfiles.com/seamless_interaction/naturalistic/train/audio/V03_S1279_I00000120_P2791.wav,https://dl.fbaipublicfiles.com/seamless_interaction/naturalistic/train/audio/V03_S1279_I00000120_P3732.wav,https://dl.fbaipublicfiles.com/seamless_interaction/naturalistic/train/video/V03_S1279_I00000120_P2791.mp4,https://dl.fbaipublicfiles.com/seamless_interaction/naturalistic/train/video/V03_S1279_I00000120_P3732.mp4,https://dl.fbaipublicfiles.com/seamless_interaction/naturalistic/train/metadata/vad/V03_S1279_I00000120_P2791.jsonl,https://dl.fbaipublicfiles.com/seamless_interaction/naturalistic/train/metadata/vad/V03_S1279_I00000120_P3732.jsonl
train,train,V03_S1279_I00000121,V03,1279,00000121,collaborative_storytelling,naturalistic,single,stranger,stranger,V03_S1279_I00000121_P2791,V03_S1279_I00000121_P3732,P2791,P3732,https://dl.fbaipublicfiles.com/seamless_interaction/naturalistic/train/audio/V03_S1279_I00000121_P2791.wav,https://dl.fbaipublicfiles.com/seamless_interaction/naturalistic/train/audio/V03_S1279_I00000121_P3732.wav,https://dl.fbaipublicfiles.com/seamless_interaction/naturalistic/train/video/V03_S1279_I00000121_P2791.mp4,https://dl.fbaipublicfiles.com/seamless_interaction/naturalistic/train/video/V03_S1279_I00000121_P3732.mp4,https://dl.fbaipublicfiles.com/seamless_interaction/naturalistic/train/metadata/vad/V03_S1279_I00000121_P2791.jsonl,https://dl.fbaipublicfiles.com/seamless_interaction/naturalistic/train/metadata/vad/V03_S1279_I00000121_P3732.jsonl
train,train,V03_S1309_I00000413,V03,1309,00000413,ipc_conversation,naturalistic,single,stranger,stranger,V03_S1309_I00000413_P2406,V03_S1309_I00000413_P3971,P2406,P3971,https://dl.fbaipublicfiles.com/seamless_interaction/naturalistic/train/audio/V03_S1309_I00000413_P2406.wav,https://dl.fbaipublicfiles.com/seamless_interaction/naturalistic/train/audio/V03_S1309_I00000413_P3971.wav,https://dl.fbaipublicfiles.com/seamless_interaction/naturalistic/train/video/V03_S1309_I00000413_P2406.mp4,https://dl.fbaipublicfiles.com/seamless_interaction/naturalistic/train/video/V03_S1309_I00000413_P3971.mp4,https://dl.fbaipublicfiles.com/seamless_interaction/naturalistic/train/metadata/vad/V03_S1309_I00000413_P2406.jsonl,https://dl.fbaipublicfiles.com/seamless_interaction/naturalistic/train/metadata/vad/V03_S1309_I00000413_P3971.jsonl
train,train,V03_S1309_I00000417,V03,1309,00000417,ipc_conversation,naturalistic,single,stranger,stranger,V03_S1309_I00000417_P2406,V03_S1309_I00000417_P3971,P2406,P3971,https://dl.fbaipublicfiles.com/seamless_interaction/naturalistic/train/audio/V03_S1309_I00000417_P2406.wav,https://dl.fbaipublicfiles.com/seamless_interaction/naturalistic/train/audio/V03_S1309_I00000417_P3971.wav,https://dl.fbaipublicfiles.com/seamless_interaction/naturalistic/train/video/V03_S1309_I00000417_P2406.mp4,https://dl.fbaipublicfiles.com/seamless_interaction/naturalistic/train/video/V03_S1309_I00000417_P3971.mp4,https://dl.fbaipublicfiles.com/seamless_interaction/naturalistic/train/metadata/vad/V03_S1309_I00000417_P2406.jsonl,https://dl.fbaipublicfiles.com/seamless_interaction/naturalistic/train/metadata/vad/V03_S1309_I00000417_P3971.jsonl
train,train,V03_S1309_I00000419,V03,1309,00000419,ipc_conversation,naturalistic,single,stranger,stranger,V03_S1309_I00000419_P2406,V03_S1309_I00000419_P3971,P2406,P3971,https://dl.fbaipublicfiles.com/seamless_interaction/naturalistic/train/audio/V03_S1309_I00000419_P2406.wav,https://dl.fbaipublicfiles.com/seamless_interaction/naturalistic/train/audio/V03_S1309_I00000419_P3971.wav,https://dl.fbaipublicfiles.com/seamless_interaction/naturalistic/train/video/V03_S1309_I00000419_P2406.mp4,https://dl.fbaipublicfiles.com/seamless_interaction/naturalistic/train/video/V03_S1309_I00000419_P3971.mp4,https://dl.fbaipublicfiles.com/seamless_interaction/naturalistic/train/metadata/vad/V03_S1309_I00000419_P2406.jsonl,https://dl.fbaipublicfiles.com/seamless_interaction/naturalistic/train/metadata/vad/V03_S1309_I00000419_P3971.jsonl
train,train,V03_S1312_I00000159,V03,1312,00000159,ipc_conversation,naturalistic,single,stranger,stranger,V03_S1312_I00000159_P1209,V03_S1312_I00000159_P3976,P1209,P3976,https://dl.fbaipublicfiles.com/seamless_interaction/naturalistic/train/audio/V03_S1312_I00000159_P1209.wav,https://dl.fbaipublicfiles.com/seamless_interaction/naturalistic/train/audio/V03_S1312_I00000159_P3976.wav,https://dl.fbaipublicfiles.com/seamless_interaction/naturalistic/train/video/V03_S1312_I00000159_P1209.mp4,https://dl.fbaipublicfiles.com/seamless_interaction/naturalistic/train/video/V03_S1312_I00000159_P3976.mp4,https://dl.fbaipublicfiles.com/seamless_interaction/naturalistic/train/metadata/vad/V03_S1312_I00000159_P1209.jsonl,https://dl.fbaipublicfiles.com/seamless_interaction/naturalistic/train/metadata/vad/V03_S1312_I00000159_P3976.jsonl
train,train,V03_S1312_I00000166,V03,1312,00000166,ipc_conversation,naturalistic,single,stranger,stranger,V03_S1312_I00000166_P1209,V03_S1312_I00000166_P3976,P1209,P3976,https://dl.fbaipublicfiles.com/seamless_interaction/naturalistic/train/audio/V03_S1312_I00000166_P1209.wav,https://dl.fbaipublicfiles.com/seamless_interaction/naturalistic/train/audio/V03_S1312_I00000166_P3976.wav,https://dl.fbaipublicfiles.com/seamless_interaction/naturalistic/train/video/V03_S1312_I00000166_P1209.mp4,https://dl.fbaipublicfiles.com/seamless_interaction/naturalistic/train/video/V03_S1312_I00000166_P3976.mp4,https://dl.fbaipublicfiles.com/seamless_interaction/naturalistic/train/metadata/vad/V03_S1312_I00000166_P1209.jsonl,https://dl.fbaipublicfiles.com/seamless_interaction/naturalistic/train/metadata/vad/V03_S1312_I00000166_P3976.jsonl
train,train,V03_S1317_I00000194,V03,1317,00000194,collaborative_storytelling,naturalistic,single,stranger,stranger,V03_S1317_I00000194_P2244,V03_S1317_I00000194_P3856,P2244,P3856,https://dl.fbaipublicfiles.com/seamless_interaction/naturalistic/train/audio/V03_S1317_I00000194_P2244.wav,https://dl.fbaipublicfiles.com/seamless_interaction/naturalistic/train/audio/V03_S1317_I00000194_P3856.wav,https://dl.fbaipublicfiles.com/seamless_interaction/naturalistic/train/video/V03_S1317_I00000194_P2244.mp4,https://dl.fbaipublicfiles.com/seamless_interaction/naturalistic/train/video/V03_S1317_I00000194_P3856.mp4,https://dl.fbaipublicfiles.com/seamless_interaction/naturalistic/train/metadata/vad/V03_S1317_I00000194_P2244.jsonl,https://dl.fbaipublicfiles.com/seamless_interaction/naturalistic/train/metadata/vad/V03_S1317_I00000194_P3856.jsonl
train,train,V03_S1317_I00000415,V03,1317,00000415,ipc_conversation,naturalistic,single,stranger,stranger,V03_S1317_I00000415_P2244,V03_S1317_I00000415_P3856,P2244,P3856,https://dl.fbaipublicfiles.com/seamless_interaction/naturalistic/train/audio/V03_S1317_I00000415_P2244.wav,https://dl.fbaipublicfiles.com/seamless_interaction/naturalistic/train/audio/V03_S1317_I00000415_P3856.wav,https://dl.fbaipublicfiles.com/seamless_interaction/naturalistic/train/video/V03_S1317_I00000415_P2244.mp4,https://dl.fbaipublicfiles.com/seamless_interaction/naturalistic/train/video/V03_S1317_I00000415_P3856.mp4,https://dl.fbaipublicfiles.com/seamless_interaction/naturalistic/train/metadata/vad/V03_S1317_I00000415_P2244.jsonl,https://dl.fbaipublicfiles.com/seamless_interaction/naturalistic/train/metadata/vad/V03_S1317_I00000415_P3856.jsonl
train,train,V03_S1317_I00000420,V03,1317,00000420,ipc_conversation,naturalistic,single,stranger,stranger,V03_S1317_I00000420_P2244,V03_S1317_I00000420_P3856,P2244,P3856,https://dl.fbaipublicfiles.com/seamless_interaction/naturalistic/train/audio/V03_S1317_I00000420_P2244.wav,https://dl.fbaipublicfiles.com/seamless_interaction/naturalistic/train/audio/V03_S1317_I00000420_P3856.wav,https://dl.fbaipublicfiles.com/seamless_interaction/naturalistic/train/video/V03_S1317_I00000420_P2244.mp4,https://dl.fbaipublicfiles.com/seamless_interaction/naturalistic/train/video/V03_S1317_I00000420_P3856.mp4,https://dl.fbaipublicfiles.com/seamless_interaction/naturalistic/train/metadata/vad/V03_S1317_I00000420_P2244.jsonl,https://dl.fbaipublicfiles.com/seamless_interaction/naturalistic/train/metadata/vad/V03_S1317_I00000420_P3856.jsonl
train,train,V03_S1848_I00000179,V03,1848,00000179,ipc_conversation,naturalistic,single,familiar,coworkers,V03_S1848_I00000179_P5169,V03_S1848_I00000179_P5178,P5169,P5178,https://dl.fbaipublicfiles.com/seamless_interaction/naturalistic/train/audio/V03_S1848_I00000179_P5169.wav,https://dl.fbaipublicfiles.com/seamless_interaction/naturalistic/train/audio/V03_S1848_I00000179_P5178.wav,https://dl.fbaipublicfiles.com/seamless_interaction/naturalistic/train/video/V03_S1848_I00000179_P5169.mp4,https://dl.fbaipublicfiles.com/seamless_interaction/naturalistic/train/video/V03_S1848_I00000179_P5178.mp4,https://dl.fbaipublicfiles.com/seamless_interaction/naturalistic/train/metadata/vad/V03_S1848_I00000179_P5169.jsonl,https://dl.fbaipublicfiles.com/seamless_interaction/naturalistic/train/metadata/vad/V03_S1848_I00000179_P5178.jsonl
train,train,V03_S1848_I00000185,V03,1848,00000185,ipc_conversation,naturalistic,single,familiar,coworkers,V03_S1848_I00000185_P5169,V03_S1848_I00000185_P5178,P5169,P5178,https://dl.fbaipublicfiles.com/seamless_interaction/naturalistic/train/audio/V03_S1848_I00000185_P5169.wav,https://dl.fbaipublicfiles.com/seamless_interaction/naturalistic/train/audio/V03_S1848_I00000185_P5178.wav,https://dl.fbaipublicfiles.com/seamless_interaction/naturalistic/train/video/V03_S1848_I00000185_P5169.mp4,https://dl.fbaipublicfiles.com/seamless_interaction/naturalistic/train/video/V03_S1848_I00000185_P5178.mp4,https://dl.fbaipublicfiles.com/seamless_interaction/naturalistic/train/metadata/vad/V03_S1848_I00000185_P5169.jsonl,https://dl.fbaipublicfiles.com/seamless_interaction/naturalistic/train/metadata/vad/V03_S1848_I00000185_P5178.jsonl
train,train,V03_S1848_I00000189,V03,1848,00000189,ipc_conversation,naturalistic,single,familiar,coworkers,V03_S1848_I00000189_P5169,V03_S1848_I00000189_P5178,P5169,P5178,https://dl.fbaipublicfiles.com/seamless_interaction/naturalistic/train/audio/V03_S1848_I00000189_P5169.wav,https://dl.fbaipublicfiles.com/seamless_interaction/naturalistic/train/audio/V03_S1848_I00000189_P5178.wav,https://dl.fbaipublicfiles.com/seamless_interaction/naturalistic/train/video/V03_S1848_I00000189_P5169.mp4,https://dl.fbaipublicfiles.com/seamless_interaction/naturalistic/train/video/V03_S1848_I00000189_P5178.mp4,https://dl.fbaipublicfiles.com/seamless_interaction/naturalistic/train/metadata/vad/V03_S1848_I00000189_P5169.jsonl,https://dl.fbaipublicfiles.com/seamless_interaction/naturalistic/train/metadata/vad/V03_S1848_I00000189_P5178.jsonl
train,train,V03_S1848_I00000190,V03,1848,00000190,ipc_conversation,naturalistic,single,familiar,coworkers,V03_S1848_I00000190_P5169,V03_S1848_I00000190_P5178,P5169,P5178,https://dl.fbaipublicfiles.com/seamless_interaction/naturalistic/train/audio/V03_S1848_I00000190_P5169.wav,https://dl.fbaipublicfiles.com/seamless_interaction/naturalistic/train/audio/V03_S1848_I00000190_P5178.wav,https://dl.fbaipublicfiles.com/seamless_interaction/naturalistic/train/video/V03_S1848_I00000190_P5169.mp4,https://dl.fbaipublicfiles.com/seamless_interaction/naturalistic/train/video/V03_S1848_I00000190_P5178.mp4,https://dl.fbaipublicfiles.com/seamless_interaction/naturalistic/train/metadata/vad/V03_S1848_I00000190_P5169.jsonl,https://dl.fbaipublicfiles.com/seamless_interaction/naturalistic/train/metadata/vad/V03_S1848_I00000190_P5178.jsonl
train,dev,V03_S1869_I00000303,V03,1869,00000303,ipc_conversation,naturalistic,none,familiar,coworkers,V03_S1869_I00000303_P3837,V03_S1869_I00000303_P5265,P3837,P5265,https://dl.fbaipublicfiles.com/seamless_interaction/naturalistic/dev/audio/V03_S1869_I00000303_P3837.wav,https://dl.fbaipublicfiles.com/seamless_interaction/naturalistic/dev/audio/V03_S1869_I00000303_P5265.wav,https://dl.fbaipublicfiles.com/seamless_interaction/naturalistic/dev/video/V03_S1869_I00000303_P3837.mp4,https://dl.fbaipublicfiles.com/seamless_interaction/naturalistic/dev/video/V03_S1869_I00000303_P5265.mp4,https://dl.fbaipublicfiles.com/seamless_interaction/naturalistic/dev/metadata/vad/V03_S1869_I00000303_P3837.jsonl,https://dl.fbaipublicfiles.com/seamless_interaction/naturalistic/dev/metadata/vad/V03_S1869_I00000303_P5265.jsonl
val,dev,V00_S0691_I00000482,V00,0691,00000482,ipc_conversation,naturalistic,none,stranger,stranger,V00_S0691_I00000482_P0500,V00_S0691_I00000482_P0840,P0500,P0840,https://dl.fbaipublicfiles.com/seamless_interaction/naturalistic/dev/audio/V00_S0691_I00000482_P0500.wav,https://dl.fbaipublicfiles.com/seamless_interaction/naturalistic/dev/audio/V00_S0691_I00000482_P0840.wav,https://dl.fbaipublicfiles.com/seamless_interaction/naturalistic/dev/video/V00_S0691_I00000482_P0500.mp4,https://dl.fbaipublicfiles.com/seamless_interaction/naturalistic/dev/video/V00_S0691_I00000482_P0840.mp4,https://dl.fbaipublicfiles.com/seamless_interaction/naturalistic/dev/metadata/vad/V00_S0691_I00000482_P0500.jsonl,https://dl.fbaipublicfiles.com/seamless_interaction/naturalistic/dev/metadata/vad/V00_S0691_I00000482_P0840.jsonl
val,train,V02_S3160_I00000501,V02,3160,00000501,ipc_conversation,naturalistic,none,familiar,friends,V02_S3160_I00000501_P4089,V02_S3160_I00000501_P4090,P4089,P4090,https://dl.fbaipublicfiles.com/seamless_interaction/naturalistic/train/audio/V02_S3160_I00000501_P4089.wav,https://dl.fbaipublicfiles.com/seamless_interaction/naturalistic/train/audio/V02_S3160_I00000501_P4090.wav,https://dl.fbaipublicfiles.com/seamless_interaction/naturalistic/train/video/V02_S3160_I00000501_P4089.mp4,https://dl.fbaipublicfiles.com/seamless_interaction/naturalistic/train/video/V02_S3160_I00000501_P4090.mp4,https://dl.fbaipublicfiles.com/seamless_interaction/naturalistic/train/metadata/vad/V02_S3160_I00000501_P4089.jsonl,https://dl.fbaipublicfiles.com/seamless_interaction/naturalistic/train/metadata/vad/V02_S3160_I00000501_P4090.jsonl
val,train,V02_S3447_I00000082,V02,3447,00000082,ipc_conversation,naturalistic,none,stranger,stranger,V02_S3447_I00000082_P4200,V02_S3447_I00000082_P4202,P4200,P4202,https://dl.fbaipublicfiles.com/seamless_interaction/naturalistic/train/audio/V02_S3447_I00000082_P4200.wav,https://dl.fbaipublicfiles.com/seamless_interaction/naturalistic/train/audio/V02_S3447_I00000082_P4202.wav,https://dl.fbaipublicfiles.com/seamless_interaction/naturalistic/train/video/V02_S3447_I00000082_P4200.mp4,https://dl.fbaipublicfiles.com/seamless_interaction/naturalistic/train/video/V02_S3447_I00000082_P4202.mp4,https://dl.fbaipublicfiles.com/seamless_interaction/naturalistic/train/metadata/vad/V02_S3447_I00000082_P4200.jsonl,https://dl.fbaipublicfiles.com/seamless_interaction/naturalistic/train/metadata/vad/V02_S3447_I00000082_P4202.jsonl
val,train,V02_S5099_I00000215,V02,5099,00000215,ipc_conversation,naturalistic,none,familiar,friends,V02_S5099_I00000215_P5071,V02_S5099_I00000215_P5123,P5071,P5123,https://dl.fbaipublicfiles.com/seamless_interaction/naturalistic/train/audio/V02_S5099_I00000215_P5071.wav,https://dl.fbaipublicfiles.com/seamless_interaction/naturalistic/train/audio/V02_S5099_I00000215_P5123.wav,https://dl.fbaipublicfiles.com/seamless_interaction/naturalistic/train/video/V02_S5099_I00000215_P5071.mp4,https://dl.fbaipublicfiles.com/seamless_interaction/naturalistic/train/video/V02_S5099_I00000215_P5123.mp4,https://dl.fbaipublicfiles.com/seamless_interaction/naturalistic/train/metadata/vad/V02_S5099_I00000215_P5071.jsonl,https://dl.fbaipublicfiles.com/seamless_interaction/naturalistic/train/metadata/vad/V02_S5099_I00000215_P5123.jsonl
val,train,V02_S5262_I00000293,V02,5262,00000293,ipc_conversation,naturalistic,none,familiar,family-generic,V02_S5262_I00000293_P5262,V02_S5262_I00000293_P5263,P5262,P5263,https://dl.fbaipublicfiles.com/seamless_interaction/naturalistic/train/audio/V02_S5262_I00000293_P5262.wav,https://dl.fbaipublicfiles.com/seamless_interaction/naturalistic/train/audio/V02_S5262_I00000293_P5263.wav,https://dl.fbaipublicfiles.com/seamless_interaction/naturalistic/train/video/V02_S5262_I00000293_P5262.mp4,https://dl.fbaipublicfiles.com/seamless_interaction/naturalistic/train/video/V02_S5262_I00000293_P5263.mp4,https://dl.fbaipublicfiles.com/seamless_interaction/naturalistic/train/metadata/vad/V02_S5262_I00000293_P5262.jsonl,https://dl.fbaipublicfiles.com/seamless_interaction/naturalistic/train/metadata/vad/V02_S5262_I00000293_P5263.jsonl
val,train,V03_S0163_I00000381,V03,0163,00000381,ipc_conversation,naturalistic,single,familiar,friends,V03_S0163_I00000381_P1352,V03_S0163_I00000381_P1353,P1352,P1353,https://dl.fbaipublicfiles.com/seamless_interaction/naturalistic/train/audio/V03_S0163_I00000381_P1352.wav,https://dl.fbaipublicfiles.com/seamless_interaction/naturalistic/train/audio/V03_S0163_I00000381_P1353.wav,https://dl.fbaipublicfiles.com/seamless_interaction/naturalistic/train/video/V03_S0163_I00000381_P1352.mp4,https://dl.fbaipublicfiles.com/seamless_interaction/naturalistic/train/video/V03_S0163_I00000381_P1353.mp4,https://dl.fbaipublicfiles.com/seamless_interaction/naturalistic/train/metadata/vad/V03_S0163_I00000381_P1352.jsonl,https://dl.fbaipublicfiles.com/seamless_interaction/naturalistic/train/metadata/vad/V03_S0163_I00000381_P1353.jsonl
val,train,V03_S0164_I00000371,V03,0164,00000371,ipc_conversation,naturalistic,single,stranger,stranger,V03_S0164_I00000371_P1322,V03_S0164_I00000371_P1354,P1322,P1354,https://dl.fbaipublicfiles.com/seamless_interaction/naturalistic/train/audio/V03_S0164_I00000371_P1322.wav,https://dl.fbaipublicfiles.com/seamless_interaction/naturalistic/train/audio/V03_S0164_I00000371_P1354.wav,https://dl.fbaipublicfiles.com/seamless_interaction/naturalistic/train/video/V03_S0164_I00000371_P1322.mp4,https://dl.fbaipublicfiles.com/seamless_interaction/naturalistic/train/video/V03_S0164_I00000371_P1354.mp4,https://dl.fbaipublicfiles.com/seamless_interaction/naturalistic/train/metadata/vad/V03_S0164_I00000371_P1322.jsonl,https://dl.fbaipublicfiles.com/seamless_interaction/naturalistic/train/metadata/vad/V03_S0164_I00000371_P1354.jsonl
val,train,V03_S0164_I00000375,V03,0164,00000375,ipc_conversation,naturalistic,single,stranger,stranger,V03_S0164_I00000375_P1322,V03_S0164_I00000375_P1354,P1322,P1354,https://dl.fbaipublicfiles.com/seamless_interaction/naturalistic/train/audio/V03_S0164_I00000375_P1322.wav,https://dl.fbaipublicfiles.com/seamless_interaction/naturalistic/train/audio/V03_S0164_I00000375_P1354.wav,https://dl.fbaipublicfiles.com/seamless_interaction/naturalistic/train/video/V03_S0164_I00000375_P1322.mp4,https://dl.fbaipublicfiles.com/seamless_interaction/naturalistic/train/video/V03_S0164_I00000375_P1354.mp4,https://dl.fbaipublicfiles.com/seamless_interaction/naturalistic/train/metadata/vad/V03_S0164_I00000375_P1322.jsonl,https://dl.fbaipublicfiles.com/seamless_interaction/naturalistic/train/metadata/vad/V03_S0164_I00000375_P1354.jsonl
val,train,V03_S0190_I00000477,V03,0190,00000477,ipc_conversation,naturalistic,single,stranger,stranger,V03_S0190_I00000477_P1125,V03_S0190_I00000477_P1404,P1125,P1404,https://dl.fbaipublicfiles.com/seamless_interaction/naturalistic/train/audio/V03_S0190_I00000477_P1125.wav,https://dl.fbaipublicfiles.com/seamless_interaction/naturalistic/train/audio/V03_S0190_I00000477_P1404.wav,https://dl.fbaipublicfiles.com/seamless_interaction/naturalistic/train/video/V03_S0190_I00000477_P1125.mp4,https://dl.fbaipublicfiles.com/seamless_interaction/naturalistic/train/video/V03_S0190_I00000477_P1404.mp4,https://dl.fbaipublicfiles.com/seamless_interaction/naturalistic/train/metadata/vad/V03_S0190_I00000477_P1125.jsonl,https://dl.fbaipublicfiles.com/seamless_interaction/naturalistic/train/metadata/vad/V03_S0190_I00000477_P1404.jsonl
val,train,V03_S0190_I00000479,V03,0190,00000479,ipc_conversation,naturalistic,single,stranger,stranger,V03_S0190_I00000479_P1125,V03_S0190_I00000479_P1404,P1125,P1404,https://dl.fbaipublicfiles.com/seamless_interaction/naturalistic/train/audio/V03_S0190_I00000479_P1125.wav,https://dl.fbaipublicfiles.com/seamless_interaction/naturalistic/train/audio/V03_S0190_I00000479_P1404.wav,https://dl.fbaipublicfiles.com/seamless_interaction/naturalistic/train/video/V03_S0190_I00000479_P1125.mp4,https://dl.fbaipublicfiles.com/seamless_interaction/naturalistic/train/video/V03_S0190_I00000479_P1404.mp4,https://dl.fbaipublicfiles.com/seamless_interaction/naturalistic/train/metadata/vad/V03_S0190_I00000479_P1125.jsonl,https://dl.fbaipublicfiles.com/seamless_interaction/naturalistic/train/metadata/vad/V03_S0190_I00000479_P1404.jsonl
val,train,V03_S0190_I00000482,V03,0190,00000482,ipc_conversation,naturalistic,single,stranger,stranger,V03_S0190_I00000482_P1125,V03_S0190_I00000482_P1404,P1125,P1404,https://dl.fbaipublicfiles.com/seamless_interaction/naturalistic/train/audio/V03_S0190_I00000482_P1125.wav,https://dl.fbaipublicfiles.com/seamless_interaction/naturalistic/train/audio/V03_S0190_I00000482_P1404.wav,https://dl.fbaipublicfiles.com/seamless_interaction/naturalistic/train/video/V03_S0190_I00000482_P1125.mp4,https://dl.fbaipublicfiles.com/seamless_interaction/naturalistic/train/video/V03_S0190_I00000482_P1404.mp4,https://dl.fbaipublicfiles.com/seamless_interaction/naturalistic/train/metadata/vad/V03_S0190_I00000482_P1125.jsonl,https://dl.fbaipublicfiles.com/seamless_interaction/naturalistic/train/metadata/vad/V03_S0190_I00000482_P1404.jsonl
val,train,V03_S0190_I00000483,V03,0190,00000483,ipc_conversation,naturalistic,single,stranger,stranger,V03_S0190_I00000483_P1125,V03_S0190_I00000483_P1404,P1125,P1404,https://dl.fbaipublicfiles.com/seamless_interaction/naturalistic/train/audio/V03_S0190_I00000483_P1125.wav,https://dl.fbaipublicfiles.com/seamless_interaction/naturalistic/train/audio/V03_S0190_I00000483_P1404.wav,https://dl.fbaipublicfiles.com/seamless_interaction/naturalistic/train/video/V03_S0190_I00000483_P1125.mp4,https://dl.fbaipublicfiles.com/seamless_interaction/naturalistic/train/video/V03_S0190_I00000483_P1404.mp4,https://dl.fbaipublicfiles.com/seamless_interaction/naturalistic/train/metadata/vad/V03_S0190_I00000483_P1125.jsonl,https://dl.fbaipublicfiles.com/seamless_interaction/naturalistic/train/metadata/vad/V03_S0190_I00000483_P1404.jsonl
val,test,V03_S0208_I00000478,V03,0208,00000478,ipc_conversation,naturalistic,both,stranger,stranger,V03_S0208_I00000478_P1454,V03_S0208_I00000478_P1455,P1454,P1455,https://dl.fbaipublicfiles.com/seamless_interaction/naturalistic/test/audio/V03_S0208_I00000478_P1454.wav,https://dl.fbaipublicfiles.com/seamless_interaction/naturalistic/test/audio/V03_S0208_I00000478_P1455.wav,https://dl.fbaipublicfiles.com/seamless_interaction/naturalistic/test/video/V03_S0208_I00000478_P1454.mp4,https://dl.fbaipublicfiles.com/seamless_interaction/naturalistic/test/video/V03_S0208_I00000478_P1455.mp4,https://dl.fbaipublicfiles.com/seamless_interaction/naturalistic/test/metadata/vad/V03_S0208_I00000478_P1454.jsonl,https://dl.fbaipublicfiles.com/seamless_interaction/naturalistic/test/metadata/vad/V03_S0208_I00000478_P1455.jsonl
val,test,V03_S0208_I00000480,V03,0208,00000480,ipc_conversation,naturalistic,both,stranger,stranger,V03_S0208_I00000480_P1454,V03_S0208_I00000480_P1455,P1454,P1455,https://dl.fbaipublicfiles.com/seamless_interaction/naturalistic/test/audio/V03_S0208_I00000480_P1454.wav,https://dl.fbaipublicfiles.com/seamless_interaction/naturalistic/test/audio/V03_S0208_I00000480_P1455.wav,https://dl.fbaipublicfiles.com/seamless_interaction/naturalistic/test/video/V03_S0208_I00000480_P1454.mp4,https://dl.fbaipublicfiles.com/seamless_interaction/naturalistic/test/video/V03_S0208_I00000480_P1455.mp4,https://dl.fbaipublicfiles.com/seamless_interaction/naturalistic/test/metadata/vad/V03_S0208_I00000480_P1454.jsonl,https://dl.fbaipublicfiles.com/seamless_interaction/naturalistic/test/metadata/vad/V03_S0208_I00000480_P1455.jsonl
val,test,V03_S0208_I00000482,V03,0208,00000482,ipc_conversation,naturalistic,both,stranger,stranger,V03_S0208_I00000482_P1454,V03_S0208_I00000482_P1455,P1454,P1455,https://dl.fbaipublicfiles.com/seamless_interaction/naturalistic/test/audio/V03_S0208_I00000482_P1454.wav,https://dl.fbaipublicfiles.com/seamless_interaction/naturalistic/test/audio/V03_S0208_I00000482_P1455.wav,https://dl.fbaipublicfiles.com/seamless_interaction/naturalistic/test/video/V03_S0208_I00000482_P1454.mp4,https://dl.fbaipublicfiles.com/seamless_interaction/naturalistic/test/video/V03_S0208_I00000482_P1455.mp4,https://dl.fbaipublicfiles.com/seamless_interaction/naturalistic/test/metadata/vad/V03_S0208_I00000482_P1454.jsonl,https://dl.fbaipublicfiles.com/seamless_interaction/naturalistic/test/metadata/vad/V03_S0208_I00000482_P1455.jsonl
val,test,V03_S0213_I00000125,V03,0213,00000125,ipc_conversation,naturalistic,single,familiar,familiar-generic,V03_S0213_I00000125_P1466,V03_S0213_I00000125_P1467,P1466,P1467,https://dl.fbaipublicfiles.com/seamless_interaction/naturalistic/test/audio/V03_S0213_I00000125_P1466.wav,https://dl.fbaipublicfiles.com/seamless_interaction/naturalistic/test/audio/V03_S0213_I00000125_P1467.wav,https://dl.fbaipublicfiles.com/seamless_interaction/naturalistic/test/video/V03_S0213_I00000125_P1466.mp4,https://dl.fbaipublicfiles.com/seamless_interaction/naturalistic/test/video/V03_S0213_I00000125_P1467.mp4,https://dl.fbaipublicfiles.com/seamless_interaction/naturalistic/test/metadata/vad/V03_S0213_I00000125_P1466.jsonl,https://dl.fbaipublicfiles.com/seamless_interaction/naturalistic/test/metadata/vad/V03_S0213_I00000125_P1467.jsonl
val,test,V03_S0213_I00000130,V03,0213,00000130,ipc_conversation,naturalistic,both,familiar,familiar-generic,V03_S0213_I00000130_P1466,V03_S0213_I00000130_P1467,P1466,P1467,https://dl.fbaipublicfiles.com/seamless_interaction/naturalistic/test/audio/V03_S0213_I00000130_P1466.wav,https://dl.fbaipublicfiles.com/seamless_interaction/naturalistic/test/audio/V03_S0213_I00000130_P1467.wav,https://dl.fbaipublicfiles.com/seamless_interaction/naturalistic/test/video/V03_S0213_I00000130_P1466.mp4,https://dl.fbaipublicfiles.com/seamless_interaction/naturalistic/test/video/V03_S0213_I00000130_P1467.mp4,https://dl.fbaipublicfiles.com/seamless_interaction/naturalistic/test/metadata/vad/V03_S0213_I00000130_P1466.jsonl,https://dl.fbaipublicfiles.com/seamless_interaction/naturalistic/test/metadata/vad/V03_S0213_I00000130_P1467.jsonl
val,test,V03_S0213_I00000461,V03,0213,00000461,ipc_conversation,naturalistic,both,familiar,familiar-generic,V03_S0213_I00000461_P1466,V03_S0213_I00000461_P1467,P1466,P1467,https://dl.fbaipublicfiles.com/seamless_interaction/naturalistic/test/audio/V03_S0213_I00000461_P1466.wav,https://dl.fbaipublicfiles.com/seamless_interaction/naturalistic/test/audio/V03_S0213_I00000461_P1467.wav,https://dl.fbaipublicfiles.com/seamless_interaction/naturalistic/test/video/V03_S0213_I00000461_P1466.mp4,https://dl.fbaipublicfiles.com/seamless_interaction/naturalistic/test/video/V03_S0213_I00000461_P1467.mp4,https://dl.fbaipublicfiles.com/seamless_interaction/naturalistic/test/metadata/vad/V03_S0213_I00000461_P1466.jsonl,https://dl.fbaipublicfiles.com/seamless_interaction/naturalistic/test/metadata/vad/V03_S0213_I00000461_P1467.jsonl
val,test,V03_S0225_I00000373,V03,0225,00000373,ipc_conversation,naturalistic,both,familiar,dating/spouse/romantic_partner,V03_S0225_I00000373_P1518,V03_S0225_I00000373_P1519,P1518,P1519,https://dl.fbaipublicfiles.com/seamless_interaction/naturalistic/test/audio/V03_S0225_I00000373_P1518.wav,https://dl.fbaipublicfiles.com/seamless_interaction/naturalistic/test/audio/V03_S0225_I00000373_P1519.wav,https://dl.fbaipublicfiles.com/seamless_interaction/naturalistic/test/video/V03_S0225_I00000373_P1518.mp4,https://dl.fbaipublicfiles.com/seamless_interaction/naturalistic/test/video/V03_S0225_I00000373_P1519.mp4,https://dl.fbaipublicfiles.com/seamless_interaction/naturalistic/test/metadata/vad/V03_S0225_I00000373_P1518.jsonl,https://dl.fbaipublicfiles.com/seamless_interaction/naturalistic/test/metadata/vad/V03_S0225_I00000373_P1519.jsonl
val,test,V03_S0225_I00000374,V03,0225,00000374,ipc_conversation,naturalistic,both,familiar,dating/spouse/romantic_partner,V03_S0225_I00000374_P1518,V03_S0225_I00000374_P1519,P1518,P1519,https://dl.fbaipublicfiles.com/seamless_interaction/naturalistic/test/audio/V03_S0225_I00000374_P1518.wav,https://dl.fbaipublicfiles.com/seamless_interaction/naturalistic/test/audio/V03_S0225_I00000374_P1519.wav,https://dl.fbaipublicfiles.com/seamless_interaction/naturalistic/test/video/V03_S0225_I00000374_P1518.mp4,https://dl.fbaipublicfiles.com/seamless_interaction/naturalistic/test/video/V03_S0225_I00000374_P1519.mp4,https://dl.fbaipublicfiles.com/seamless_interaction/naturalistic/test/metadata/vad/V03_S0225_I00000374_P1518.jsonl,https://dl.fbaipublicfiles.com/seamless_interaction/naturalistic/test/metadata/vad/V03_S0225_I00000374_P1519.jsonl
val,train,V03_S0333_I00000054,V03,0333,00000054,ipc_conversation,naturalistic,single,stranger,stranger,V03_S0333_I00000054_P1892,V03_S0333_I00000054_P1893,P1892,P1893,https://dl.fbaipublicfiles.com/seamless_interaction/naturalistic/train/audio/V03_S0333_I00000054_P1892.wav,https://dl.fbaipublicfiles.com/seamless_interaction/naturalistic/train/audio/V03_S0333_I00000054_P1893.wav,https://dl.fbaipublicfiles.com/seamless_interaction/naturalistic/train/video/V03_S0333_I00000054_P1892.mp4,https://dl.fbaipublicfiles.com/seamless_interaction/naturalistic/train/video/V03_S0333_I00000054_P1893.mp4,https://dl.fbaipublicfiles.com/seamless_interaction/naturalistic/train/metadata/vad/V03_S0333_I00000054_P1892.jsonl,https://dl.fbaipublicfiles.com/seamless_interaction/naturalistic/train/metadata/vad/V03_S0333_I00000054_P1893.jsonl
val,train,V03_S0333_I00000055,V03,0333,00000055,ipc_conversation,naturalistic,single,stranger,stranger,V03_S0333_I00000055_P1892,V03_S0333_I00000055_P1893,P1892,P1893,https://dl.fbaipublicfiles.com/seamless_interaction/naturalistic/train/audio/V03_S0333_I00000055_P1892.wav,https://dl.fbaipublicfiles.com/seamless_interaction/naturalistic/train/audio/V03_S0333_I00000055_P1893.wav,https://dl.fbaipublicfiles.com/seamless_interaction/naturalistic/train/video/V03_S0333_I00000055_P1892.mp4,https://dl.fbaipublicfiles.com/seamless_interaction/naturalistic/train/video/V03_S0333_I00000055_P1893.mp4,https://dl.fbaipublicfiles.com/seamless_interaction/naturalistic/train/metadata/vad/V03_S0333_I00000055_P1892.jsonl,https://dl.fbaipublicfiles.com/seamless_interaction/naturalistic/train/metadata/vad/V03_S0333_I00000055_P1893.jsonl
val,train,V03_S0333_I00000061,V03,0333,00000061,ipc_conversation,naturalistic,single,stranger,stranger,V03_S0333_I00000061_P1892,V03_S0333_I00000061_P1893,P1892,P1893,https://dl.fbaipublicfiles.com/seamless_interaction/naturalistic/train/audio/V03_S0333_I00000061_P1892.wav,https://dl.fbaipublicfiles.com/seamless_interaction/naturalistic/train/audio/V03_S0333_I00000061_P1893.wav,https://dl.fbaipublicfiles.com/seamless_interaction/naturalistic/train/video/V03_S0333_I00000061_P1892.mp4,https://dl.fbaipublicfiles.com/seamless_interaction/naturalistic/train/video/V03_S0333_I00000061_P1893.mp4,https://dl.fbaipublicfiles.com/seamless_interaction/naturalistic/train/metadata/vad/V03_S0333_I00000061_P1892.jsonl,https://dl.fbaipublicfiles.com/seamless_interaction/naturalistic/train/metadata/vad/V03_S0333_I00000061_P1893.jsonl
val,train,V03_S0333_I00000063,V03,0333,00000063,ipc_conversation,naturalistic,single,stranger,stranger,V03_S0333_I00000063_P1892,V03_S0333_I00000063_P1893,P1892,P1893,https://dl.fbaipublicfiles.com/seamless_interaction/naturalistic/train/audio/V03_S0333_I00000063_P1892.wav,https://dl.fbaipublicfiles.com/seamless_interaction/naturalistic/train/audio/V03_S0333_I00000063_P1893.wav,https://dl.fbaipublicfiles.com/seamless_interaction/naturalistic/train/video/V03_S0333_I00000063_P1892.mp4,https://dl.fbaipublicfiles.com/seamless_interaction/naturalistic/train/video/V03_S0333_I00000063_P1893.mp4,https://dl.fbaipublicfiles.com/seamless_interaction/naturalistic/train/metadata/vad/V03_S0333_I00000063_P1892.jsonl,https://dl.fbaipublicfiles.com/seamless_interaction/naturalistic/train/metadata/vad/V03_S0333_I00000063_P1893.jsonl
val,train,V03_S0333_I00000065,V03,0333,00000065,ipc_conversation,naturalistic,single,stranger,stranger,V03_S0333_I00000065_P1892,V03_S0333_I00000065_P1893,P1892,P1893,https://dl.fbaipublicfiles.com/seamless_interaction/naturalistic/train/audio/V03_S0333_I00000065_P1892.wav,https://dl.fbaipublicfiles.com/seamless_interaction/naturalistic/train/audio/V03_S0333_I00000065_P1893.wav,https://dl.fbaipublicfiles.com/seamless_interaction/naturalistic/train/video/V03_S0333_I00000065_P1892.mp4,https://dl.fbaipublicfiles.com/seamless_interaction/naturalistic/train/video/V03_S0333_I00000065_P1893.mp4,https://dl.fbaipublicfiles.com/seamless_interaction/naturalistic/train/metadata/vad/V03_S0333_I00000065_P1892.jsonl,https://dl.fbaipublicfiles.com/seamless_interaction/naturalistic/train/metadata/vad/V03_S0333_I00000065_P1893.jsonl
val,train,V03_S0425_I00000054,V03,0425,00000054,ipc_conversation,naturalistic,single,stranger,stranger,V03_S0425_I00000054_P2350,V03_S0425_I00000054_P2353,P2350,P2353,https://dl.fbaipublicfiles.com/seamless_interaction/naturalistic/train/audio/V03_S0425_I00000054_P2350.wav,https://dl.fbaipublicfiles.com/seamless_interaction/naturalistic/train/audio/V03_S0425_I00000054_P2353.wav,https://dl.fbaipublicfiles.com/seamless_interaction/naturalistic/train/video/V03_S0425_I00000054_P2350.mp4,https://dl.fbaipublicfiles.com/seamless_interaction/naturalistic/train/video/V03_S0425_I00000054_P2353.mp4,https://dl.fbaipublicfiles.com/seamless_interaction/naturalistic/train/metadata/vad/V03_S0425_I00000054_P2350.jsonl,https://dl.fbaipublicfiles.com/seamless_interaction/naturalistic/train/metadata/vad/V03_S0425_I00000054_P2353.jsonl
val,train,V03_S0442_I00000026,V03,0442,00000026,ipc_conversation,naturalistic,single,stranger,stranger,V03_S0442_I00000026_P2061,V03_S0442_I00000026_P2072,P2061,P2072,https://dl.fbaipublicfiles.com/seamless_interaction/naturalistic/train/audio/V03_S0442_I00000026_P2061.wav,https://dl.fbaipublicfiles.com/seamless_interaction/naturalistic/train/audio/V03_S0442_I00000026_P2072.wav,https://dl.fbaipublicfiles.com/seamless_interaction/naturalistic/train/video/V03_S0442_I00000026_P2061.mp4,https://dl.fbaipublicfiles.com/seamless_interaction/naturalistic/train/video/V03_S0442_I00000026_P2072.mp4,https://dl.fbaipublicfiles.com/seamless_interaction/naturalistic/train/metadata/vad/V03_S0442_I00000026_P2061.jsonl,https://dl.fbaipublicfiles.com/seamless_interaction/naturalistic/train/metadata/vad/V03_S0442_I00000026_P2072.jsonl
val,train,V03_S0442_I00000032,V03,0442,00000032,ipc_conversation,naturalistic,single,stranger,stranger,V03_S0442_I00000032_P2061,V03_S0442_I00000032_P2072,P2061,P2072,https://dl.fbaipublicfiles.com/seamless_interaction/naturalistic/train/audio/V03_S0442_I00000032_P2061.wav,https://dl.fbaipublicfiles.com/seamless_interaction/naturalistic/train/audio/V03_S0442_I00000032_P2072.wav,https://dl.fbaipublicfiles.com/seamless_interaction/naturalistic/train/video/V03_S0442_I00000032_P2061.mp4,https://dl.fbaipublicfiles.com/seamless_interaction/naturalistic/train/video/V03_S0442_I00000032_P2072.mp4,https://dl.fbaipublicfiles.com/seamless_interaction/naturalistic/train/metadata/vad/V03_S0442_I00000032_P2061.jsonl,https://dl.fbaipublicfiles.com/seamless_interaction/naturalistic/train/metadata/vad/V03_S0442_I00000032_P2072.jsonl
val,train,V03_S0442_I00000036,V03,0442,00000036,ipc_conversation,naturalistic,single,stranger,stranger,V03_S0442_I00000036_P2061,V03_S0442_I00000036_P2072,P2061,P2072,https://dl.fbaipublicfiles.com/seamless_interaction/naturalistic/train/audio/V03_S0442_I00000036_P2061.wav,https://dl.fbaipublicfiles.com/seamless_interaction/naturalistic/train/audio/V03_S0442_I00000036_P2072.wav,https://dl.fbaipublicfiles.com/seamless_interaction/naturalistic/train/video/V03_S0442_I00000036_P2061.mp4,https://dl.fbaipublicfiles.com/seamless_interaction/naturalistic/train/video/V03_S0442_I00000036_P2072.mp4,https://dl.fbaipublicfiles.com/seamless_interaction/naturalistic/train/metadata/vad/V03_S0442_I00000036_P2061.jsonl,https://dl.fbaipublicfiles.com/seamless_interaction/naturalistic/train/metadata/vad/V03_S0442_I00000036_P2072.jsonl
val,train,V03_S0480_I00000055,V03,0480,00000055,ipc_conversation,naturalistic,single,stranger,stranger,V03_S0480_I00000055_P2000,V03_S0480_I00000055_P2075,P2000,P2075,https://dl.fbaipublicfiles.com/seamless_interaction/naturalistic/train/audio/V03_S0480_I00000055_P2000.wav,https://dl.fbaipublicfiles.com/seamless_interaction/naturalistic/train/audio/V03_S0480_I00000055_P2075.wav,https://dl.fbaipublicfiles.com/seamless_interaction/naturalistic/train/video/V03_S0480_I00000055_P2000.mp4,https://dl.fbaipublicfiles.com/seamless_interaction/naturalistic/train/video/V03_S0480_I00000055_P2075.mp4,https://dl.fbaipublicfiles.com/seamless_interaction/naturalistic/train/metadata/vad/V03_S0480_I00000055_P2000.jsonl,https://dl.fbaipublicfiles.com/seamless_interaction/naturalistic/train/metadata/vad/V03_S0480_I00000055_P2075.jsonl
val,train,V03_S0484_I00000060,V03,0484,00000060,ipc_conversation,naturalistic,single,stranger,stranger,V03_S0484_I00000060_P1633,V03_S0484_I00000060_P2231,P1633,P2231,https://dl.fbaipublicfiles.com/seamless_interaction/naturalistic/train/audio/V03_S0484_I00000060_P1633.wav,https://dl.fbaipublicfiles.com/seamless_interaction/naturalistic/train/audio/V03_S0484_I00000060_P2231.wav,https://dl.fbaipublicfiles.com/seamless_interaction/naturalistic/train/video/V03_S0484_I00000060_P1633.mp4,https://dl.fbaipublicfiles.com/seamless_interaction/naturalistic/train/video/V03_S0484_I00000060_P2231.mp4,https://dl.fbaipublicfiles.com/seamless_interaction/naturalistic/train/metadata/vad/V03_S0484_I00000060_P1633.jsonl,https://dl.fbaipublicfiles.com/seamless_interaction/naturalistic/train/metadata/vad/V03_S0484_I00000060_P2231.jsonl
val,train,V03_S0484_I00000061,V03,0484,00000061,ipc_conversation,naturalistic,single,stranger,stranger,V03_S0484_I00000061_P1633,V03_S0484_I00000061_P2231,P1633,P2231,https://dl.fbaipublicfiles.com/seamless_interaction/naturalistic/train/audio/V03_S0484_I00000061_P1633.wav,https://dl.fbaipublicfiles.com/seamless_interaction/naturalistic/train/audio/V03_S0484_I00000061_P2231.wav,https://dl.fbaipublicfiles.com/seamless_interaction/naturalistic/train/video/V03_S0484_I00000061_P1633.mp4,https://dl.fbaipublicfiles.com/seamless_interaction/naturalistic/train/video/V03_S0484_I00000061_P2231.mp4,https://dl.fbaipublicfiles.com/seamless_interaction/naturalistic/train/metadata/vad/V03_S0484_I00000061_P1633.jsonl,https://dl.fbaipublicfiles.com/seamless_interaction/naturalistic/train/metadata/vad/V03_S0484_I00000061_P2231.jsonl
val,train,V03_S0558_I00000315,V03,0558,00000315,ipc_conversation,naturalistic,single,stranger,stranger,V03_S0558_I00000315_P2518,V03_S0558_I00000315_P2519,P2518,P2519,https://dl.fbaipublicfiles.com/seamless_interaction/naturalistic/train/audio/V03_S0558_I00000315_P2518.wav,https://dl.fbaipublicfiles.com/seamless_interaction/naturalistic/train/audio/V03_S0558_I00000315_P2519.wav,https://dl.fbaipublicfiles.com/seamless_interaction/naturalistic/train/video/V03_S0558_I00000315_P2518.mp4,https://dl.fbaipublicfiles.com/seamless_interaction/naturalistic/train/video/V03_S0558_I00000315_P2519.mp4,https://dl.fbaipublicfiles.com/seamless_interaction/naturalistic/train/metadata/vad/V03_S0558_I00000315_P2518.jsonl,https://dl.fbaipublicfiles.com/seamless_interaction/naturalistic/train/metadata/vad/V03_S0558_I00000315_P2519.jsonl
val,train,V03_S0558_I00000316,V03,0558,00000316,ipc_conversation,naturalistic,single,stranger,stranger,V03_S0558_I00000316_P2518,V03_S0558_I00000316_P2519,P2518,P2519,https://dl.fbaipublicfiles.com/seamless_interaction/naturalistic/train/audio/V03_S0558_I00000316_P2518.wav,https://dl.fbaipublicfiles.com/seamless_interaction/naturalistic/train/audio/V03_S0558_I00000316_P2519.wav,https://dl.fbaipublicfiles.com/seamless_interaction/naturalistic/train/video/V03_S0558_I00000316_P2518.mp4,https://dl.fbaipublicfiles.com/seamless_interaction/naturalistic/train/video/V03_S0558_I00000316_P2519.mp4,https://dl.fbaipublicfiles.com/seamless_interaction/naturalistic/train/metadata/vad/V03_S0558_I00000316_P2518.jsonl,https://dl.fbaipublicfiles.com/seamless_interaction/naturalistic/train/metadata/vad/V03_S0558_I00000316_P2519.jsonl
val,train,V03_S0558_I00000320,V03,0558,00000320,ipc_conversation,naturalistic,single,stranger,stranger,V03_S0558_I00000320_P2518,V03_S0558_I00000320_P2519,P2518,P2519,https://dl.fbaipublicfiles.com/seamless_interaction/naturalistic/train/audio/V03_S0558_I00000320_P2518.wav,https://dl.fbaipublicfiles.com/seamless_interaction/naturalistic/train/audio/V03_S0558_I00000320_P2519.wav,https://dl.fbaipublicfiles.com/seamless_interaction/naturalistic/train/video/V03_S0558_I00000320_P2518.mp4,https://dl.fbaipublicfiles.com/seamless_interaction/naturalistic/train/video/V03_S0558_I00000320_P2519.mp4,https://dl.fbaipublicfiles.com/seamless_interaction/naturalistic/train/metadata/vad/V03_S0558_I00000320_P2518.jsonl,https://dl.fbaipublicfiles.com/seamless_interaction/naturalistic/train/metadata/vad/V03_S0558_I00000320_P2519.jsonl
val,train,V03_S0558_I00000324,V03,0558,00000324,ipc_conversation,naturalistic,single,stranger,stranger,V03_S0558_I00000324_P2518,V03_S0558_I00000324_P2519,P2518,P2519,https://dl.fbaipublicfiles.com/seamless_interaction/naturalistic/train/audio/V03_S0558_I00000324_P2518.wav,https://dl.fbaipublicfiles.com/seamless_interaction/naturalistic/train/audio/V03_S0558_I00000324_P2519.wav,https://dl.fbaipublicfiles.com/seamless_interaction/naturalistic/train/video/V03_S0558_I00000324_P2518.mp4,https://dl.fbaipublicfiles.com/seamless_interaction/naturalistic/train/video/V03_S0558_I00000324_P2519.mp4,https://dl.fbaipublicfiles.com/seamless_interaction/naturalistic/train/metadata/vad/V03_S0558_I00000324_P2518.jsonl,https://dl.fbaipublicfiles.com/seamless_interaction/naturalistic/train/metadata/vad/V03_S0558_I00000324_P2519.jsonl
val,train,V03_S0710_I00000063,V03,0710,00000063,ipc_conversation,naturalistic,none,stranger,stranger,V03_S0710_I00000063_P1718,V03_S0710_I00000063_P2320,P1718,P2320,https://dl.fbaipublicfiles.com/seamless_interaction/naturalistic/train/audio/V03_S0710_I00000063_P1718.wav,https://dl.fbaipublicfiles.com/seamless_interaction/naturalistic/train/audio/V03_S0710_I00000063_P2320.wav,https://dl.fbaipublicfiles.com/seamless_interaction/naturalistic/train/video/V03_S0710_I00000063_P1718.mp4,https://dl.fbaipublicfiles.com/seamless_interaction/naturalistic/train/video/V03_S0710_I00000063_P2320.mp4,https://dl.fbaipublicfiles.com/seamless_interaction/naturalistic/train/metadata/vad/V03_S0710_I00000063_P1718.jsonl,https://dl.fbaipublicfiles.com/seamless_interaction/naturalistic/train/metadata/vad/V03_S0710_I00000063_P2320.jsonl
val,train,V03_S0712_I00000412,V03,0712,00000412,ipc_conversation,naturalistic,single,stranger,stranger,V03_S0712_I00000412_P1718,V03_S0712_I00000412_P2333,P1718,P2333,https://dl.fbaipublicfiles.com/seamless_interaction/naturalistic/train/audio/V03_S0712_I00000412_P1718.wav,https://dl.fbaipublicfiles.com/seamless_interaction/naturalistic/train/audio/V03_S0712_I00000412_P2333.wav,https://dl.fbaipublicfiles.com/seamless_interaction/naturalistic/train/video/V03_S0712_I00000412_P1718.mp4,https://dl.fbaipublicfiles.com/seamless_interaction/naturalistic/train/video/V03_S0712_I00000412_P2333.mp4,https://dl.fbaipublicfiles.com/seamless_interaction/naturalistic/train/metadata/vad/V03_S0712_I00000412_P1718.jsonl,https://dl.fbaipublicfiles.com/seamless_interaction/naturalistic/train/metadata/vad/V03_S0712_I00000412_P2333.jsonl
val,train,V03_S0712_I00000415,V03,0712,00000415,ipc_conversation,naturalistic,single,stranger,stranger,V03_S0712_I00000415_P1718,V03_S0712_I00000415_P2333,P1718,P2333,https://dl.fbaipublicfiles.com/seamless_interaction/naturalistic/train/audio/V03_S0712_I00000415_P1718.wav,https://dl.fbaipublicfiles.com/seamless_interaction/naturalistic/train/audio/V03_S0712_I00000415_P2333.wav,https://dl.fbaipublicfiles.com/seamless_interaction/naturalistic/train/video/V03_S0712_I00000415_P1718.mp4,https://dl.fbaipublicfiles.com/seamless_interaction/naturalistic/train/video/V03_S0712_I00000415_P2333.mp4,https://dl.fbaipublicfiles.com/seamless_interaction/naturalistic/train/metadata/vad/V03_S0712_I00000415_P1718.jsonl,https://dl.fbaipublicfiles.com/seamless_interaction/naturalistic/train/metadata/vad/V03_S0712_I00000415_P2333.jsonl
val,train,V03_S0712_I00000418,V03,0712,00000418,ipc_conversation,naturalistic,single,stranger,stranger,V03_S0712_I00000418_P1718,V03_S0712_I00000418_P2333,P1718,P2333,https://dl.fbaipublicfiles.com/seamless_interaction/naturalistic/train/audio/V03_S0712_I00000418_P1718.wav,https://dl.fbaipublicfiles.com/seamless_interaction/naturalistic/train/audio/V03_S0712_I00000418_P2333.wav,https://dl.fbaipublicfiles.com/seamless_interaction/naturalistic/train/video/V03_S0712_I00000418_P1718.mp4,https://dl.fbaipublicfiles.com/seamless_interaction/naturalistic/train/video/V03_S0712_I00000418_P2333.mp4,https://dl.fbaipublicfiles.com/seamless_interaction/naturalistic/train/metadata/vad/V03_S0712_I00000418_P1718.jsonl,https://dl.fbaipublicfiles.com/seamless_interaction/naturalistic/train/metadata/vad/V03_S0712_I00000418_P2333.jsonl
val,train,V03_S0712_I00000420,V03,0712,00000420,ipc_conversation,naturalistic,single,stranger,stranger,V03_S0712_I00000420_P1718,V03_S0712_I00000420_P2333,P1718,P2333,https://dl.fbaipublicfiles.com/seamless_interaction/naturalistic/train/audio/V03_S0712_I00000420_P1718.wav,https://dl.fbaipublicfiles.com/seamless_interaction/naturalistic/train/audio/V03_S0712_I00000420_P2333.wav,https://dl.fbaipublicfiles.com/seamless_interaction/naturalistic/train/video/V03_S0712_I00000420_P1718.mp4,https://dl.fbaipublicfiles.com/seamless_interaction/naturalistic/train/video/V03_S0712_I00000420_P2333.mp4,https://dl.fbaipublicfiles.com/seamless_interaction/naturalistic/train/metadata/vad/V03_S0712_I00000420_P1718.jsonl,https://dl.fbaipublicfiles.com/seamless_interaction/naturalistic/train/metadata/vad/V03_S0712_I00000420_P2333.jsonl
val,train,V03_S0712_I00000425,V03,0712,00000425,ipc_conversation,naturalistic,single,stranger,stranger,V03_S0712_I00000425_P1718,V03_S0712_I00000425_P2333,P1718,P2333,https://dl.fbaipublicfiles.com/seamless_interaction/naturalistic/train/audio/V03_S0712_I00000425_P1718.wav,https://dl.fbaipublicfiles.com/seamless_interaction/naturalistic/train/audio/V03_S0712_I00000425_P2333.wav,https://dl.fbaipublicfiles.com/seamless_interaction/naturalistic/train/video/V03_S0712_I00000425_P1718.mp4,https://dl.fbaipublicfiles.com/seamless_interaction/naturalistic/train/video/V03_S0712_I00000425_P2333.mp4,https://dl.fbaipublicfiles.com/seamless_interaction/naturalistic/train/metadata/vad/V03_S0712_I00000425_P1718.jsonl,https://dl.fbaipublicfiles.com/seamless_interaction/naturalistic/train/metadata/vad/V03_S0712_I00000425_P2333.jsonl
val,test,V03_S0870_I00000054,V03,0870,00000054,ipc_conversation,naturalistic,none,stranger,stranger,V03_S0870_I00000054_P2962,V03_S0870_I00000054_P2963,P2962,P2963,https://dl.fbaipublicfiles.com/seamless_interaction/naturalistic/test/audio/V03_S0870_I00000054_P2962.wav,https://dl.fbaipublicfiles.com/seamless_interaction/naturalistic/test/audio/V03_S0870_I00000054_P2963.wav,https://dl.fbaipublicfiles.com/seamless_interaction/naturalistic/test/video/V03_S0870_I00000054_P2962.mp4,https://dl.fbaipublicfiles.com/seamless_interaction/naturalistic/test/video/V03_S0870_I00000054_P2963.mp4,https://dl.fbaipublicfiles.com/seamless_interaction/naturalistic/test/metadata/vad/V03_S0870_I00000054_P2962.jsonl,https://dl.fbaipublicfiles.com/seamless_interaction/naturalistic/test/metadata/vad/V03_S0870_I00000054_P2963.jsonl
val,train,V03_S0880_I00000014,V03,0880,00000014,collaborative_storytelling,naturalistic,single,stranger,stranger,V03_S0880_I00000014_P3065,V03_S0880_I00000014_P3067,P3065,P3067,https://dl.fbaipublicfiles.com/seamless_interaction/naturalistic/train/audio/V03_S0880_I00000014_P3065.wav,https://dl.fbaipublicfiles.com/seamless_interaction/naturalistic/train/audio/V03_S0880_I00000014_P3067.wav,https://dl.fbaipublicfiles.com/seamless_interaction/naturalistic/train/video/V03_S0880_I00000014_P3065.mp4,https://dl.fbaipublicfiles.com/seamless_interaction/naturalistic/train/video/V03_S0880_I00000014_P3067.mp4,https://dl.fbaipublicfiles.com/seamless_interaction/naturalistic/train/metadata/vad/V03_S0880_I00000014_P3065.jsonl,https://dl.fbaipublicfiles.com/seamless_interaction/naturalistic/train/metadata/vad/V03_S0880_I00000014_P3067.jsonl
val,train,V03_S0880_I00000153,V03,0880,00000153,ipc_conversation,naturalistic,single,stranger,stranger,V03_S0880_I00000153_P3065,V03_S0880_I00000153_P3067,P3065,P3067,https://dl.fbaipublicfiles.com/seamless_interaction/naturalistic/train/audio/V03_S0880_I00000153_P3065.wav,https://dl.fbaipublicfiles.com/seamless_interaction/naturalistic/train/audio/V03_S0880_I00000153_P3067.wav,https://dl.fbaipublicfiles.com/seamless_interaction/naturalistic/train/video/V03_S0880_I00000153_P3065.mp4,https://dl.fbaipublicfiles.com/seamless_interaction/naturalistic/train/video/V03_S0880_I00000153_P3067.mp4,https://dl.fbaipublicfiles.com/seamless_interaction/naturalistic/train/metadata/vad/V03_S0880_I00000153_P3065.jsonl,https://dl.fbaipublicfiles.com/seamless_interaction/naturalistic/train/metadata/vad/V03_S0880_I00000153_P3067.jsonl
val,train,V03_S0880_I00000156,V03,0880,00000156,ipc_conversation,naturalistic,single,stranger,stranger,V03_S0880_I00000156_P3065,V03_S0880_I00000156_P3067,P3065,P3067,https://dl.fbaipublicfiles.com/seamless_interaction/naturalistic/train/audio/V03_S0880_I00000156_P3065.wav,https://dl.fbaipublicfiles.com/seamless_interaction/naturalistic/train/audio/V03_S0880_I00000156_P3067.wav,https://dl.fbaipublicfiles.com/seamless_interaction/naturalistic/train/video/V03_S0880_I00000156_P3065.mp4,https://dl.fbaipublicfiles.com/seamless_interaction/naturalistic/train/video/V03_S0880_I00000156_P3067.mp4,https://dl.fbaipublicfiles.com/seamless_interaction/naturalistic/train/metadata/vad/V03_S0880_I00000156_P3065.jsonl,https://dl.fbaipublicfiles.com/seamless_interaction/naturalistic/train/metadata/vad/V03_S0880_I00000156_P3067.jsonl
val,train,V03_S0932_I00000162,V03,0932,00000162,ipc_conversation,naturalistic,single,stranger,stranger,V03_S0932_I00000162_P2224,V03_S0932_I00000162_P2225,P2224,P2225,https://dl.fbaipublicfiles.com/seamless_interaction/naturalistic/train/audio/V03_S0932_I00000162_P2224.wav,https://dl.fbaipublicfiles.com/seamless_interaction/naturalistic/train/audio/V03_S0932_I00000162_P2225.wav,https://dl.fbaipublicfiles.com/seamless_interaction/naturalistic/train/video/V03_S0932_I00000162_P2224.mp4,https://dl.fbaipublicfiles.com/seamless_interaction/naturalistic/train/video/V03_S0932_I00000162_P2225.mp4,https://dl.fbaipublicfiles.com/seamless_interaction/naturalistic/train/metadata/vad/V03_S0932_I00000162_P2224.jsonl,https://dl.fbaipublicfiles.com/seamless_interaction/naturalistic/train/metadata/vad/V03_S0932_I00000162_P2225.jsonl
val,train,V03_S0966_I00000210,V03,0966,00000210,ipc_conversation,naturalistic,none,stranger,stranger,V03_S0966_I00000210_P3340,V03_S0966_I00000210_P3341,P3340,P3341,https://dl.fbaipublicfiles.com/seamless_interaction/naturalistic/train/audio/V03_S0966_I00000210_P3340.wav,https://dl.fbaipublicfiles.com/seamless_interaction/naturalistic/train/audio/V03_S0966_I00000210_P3341.wav,https://dl.fbaipublicfiles.com/seamless_interaction/naturalistic/train/video/V03_S0966_I00000210_P3340.mp4,https://dl.fbaipublicfiles.com/seamless_interaction/naturalistic/train/video/V03_S0966_I00000210_P3341.mp4,https://dl.fbaipublicfiles.com/seamless_interaction/naturalistic/train/metadata/vad/V03_S0966_I00000210_P3340.jsonl,https://dl.fbaipublicfiles.com/seamless_interaction/naturalistic/train/metadata/vad/V03_S0966_I00000210_P3341.jsonl
val,train,V03_S1052_I00000319,V03,1052,00000319,ipc_conversation,naturalistic,single,stranger,stranger,V03_S1052_I00000319_P1567,V03_S1052_I00000319_P2610,P1567,P2610,https://dl.fbaipublicfiles.com/seamless_interaction/naturalistic/train/audio/V03_S1052_I00000319_P1567.wav,https://dl.fbaipublicfiles.com/seamless_interaction/naturalistic/train/audio/V03_S1052_I00000319_P2610.wav,https://dl.fbaipublicfiles.com/seamless_interaction/naturalistic/train/video/V03_S1052_I00000319_P1567.mp4,https://dl.fbaipublicfiles.com/seamless_interaction/naturalistic/train/video/V03_S1052_I00000319_P2610.mp4,https://dl.fbaipublicfiles.com/seamless_interaction/naturalistic/train/metadata/vad/V03_S1052_I00000319_P1567.jsonl,https://dl.fbaipublicfiles.com/seamless_interaction/naturalistic/train/metadata/vad/V03_S1052_I00000319_P2610.jsonl
val,train,V03_S1052_I00000323,V03,1052,00000323,ipc_conversation,naturalistic,single,stranger,stranger,V03_S1052_I00000323_P1567,V03_S1052_I00000323_P2610,P1567,P2610,https://dl.fbaipublicfiles.com/seamless_interaction/naturalistic/train/audio/V03_S1052_I00000323_P1567.wav,https://dl.fbaipublicfiles.com/seamless_interaction/naturalistic/train/audio/V03_S1052_I00000323_P2610.wav,https://dl.fbaipublicfiles.com/seamless_interaction/naturalistic/train/video/V03_S1052_I00000323_P1567.mp4,https://dl.fbaipublicfiles.com/seamless_interaction/naturalistic/train/video/V03_S1052_I00000323_P2610.mp4,https://dl.fbaipublicfiles.com/seamless_interaction/naturalistic/train/metadata/vad/V03_S1052_I00000323_P1567.jsonl,https://dl.fbaipublicfiles.com/seamless_interaction/naturalistic/train/metadata/vad/V03_S1052_I00000323_P2610.jsonl
val,train,V03_S1052_I00000324,V03,1052,00000324,ipc_conversation,naturalistic,single,stranger,stranger,V03_S1052_I00000324_P1567,V03_S1052_I00000324_P2610,P1567,P2610,https://dl.fbaipublicfiles.com/seamless_interaction/naturalistic/train/audio/V03_S1052_I00000324_P1567.wav,https://dl.fbaipublicfiles.com/seamless_interaction/naturalistic/train/audio/V03_S1052_I00000324_P2610.wav,https://dl.fbaipublicfiles.com/seamless_interaction/naturalistic/train/video/V03_S1052_I00000324_P1567.mp4,https://dl.fbaipublicfiles.com/seamless_interaction/naturalistic/train/video/V03_S1052_I00000324_P2610.mp4,https://dl.fbaipublicfiles.com/seamless_interaction/naturalistic/train/metadata/vad/V03_S1052_I00000324_P1567.jsonl,https://dl.fbaipublicfiles.com/seamless_interaction/naturalistic/train/metadata/vad/V03_S1052_I00000324_P2610.jsonl
val,train,V03_S1052_I00000327,V03,1052,00000327,ipc_conversation,naturalistic,single,stranger,stranger,V03_S1052_I00000327_P1567,V03_S1052_I00000327_P2610,P1567,P2610,https://dl.fbaipublicfiles.com/seamless_interaction/naturalistic/train/audio/V03_S1052_I00000327_P1567.wav,https://dl.fbaipublicfiles.com/seamless_interaction/naturalistic/train/audio/V03_S1052_I00000327_P2610.wav,https://dl.fbaipublicfiles.com/seamless_interaction/naturalistic/train/video/V03_S1052_I00000327_P1567.mp4,https://dl.fbaipublicfiles.com/seamless_interaction/naturalistic/train/video/V03_S1052_I00000327_P2610.mp4,https://dl.fbaipublicfiles.com/seamless_interaction/naturalistic/train/metadata/vad/V03_S1052_I00000327_P1567.jsonl,https://dl.fbaipublicfiles.com/seamless_interaction/naturalistic/train/metadata/vad/V03_S1052_I00000327_P2610.jsonl
val,train,V03_S1153_I00000026,V03,1153,00000026,ipc_conversation,naturalistic,single,stranger,stranger,V03_S1153_I00000026_P3622,V03_S1153_I00000026_P3641,P3622,P3641,https://dl.fbaipublicfiles.com/seamless_interaction/naturalistic/train/audio/V03_S1153_I00000026_P3622.wav,https://dl.fbaipublicfiles.com/seamless_interaction/naturalistic/train/audio/V03_S1153_I00000026_P3641.wav,https://dl.fbaipublicfiles.com/seamless_interaction/naturalistic/train/video/V03_S1153_I00000026_P3622.mp4,https://dl.fbaipublicfiles.com/seamless_interaction/naturalistic/train/video/V03_S1153_I00000026_P3641.mp4,https://dl.fbaipublicfiles.com/seamless_interaction/naturalistic/train/metadata/vad/V03_S1153_I00000026_P3622.jsonl,https://dl.fbaipublicfiles.com/seamless_interaction/naturalistic/train/metadata/vad/V03_S1153_I00000026_P3641.jsonl
val,train,V03_S1153_I00000027,V03,1153,00000027,ipc_conversation,naturalistic,both,stranger,stranger,V03_S1153_I00000027_P3622,V03_S1153_I00000027_P3641,P3622,P3641,https://dl.fbaipublicfiles.com/seamless_interaction/naturalistic/train/audio/V03_S1153_I00000027_P3622.wav,https://dl.fbaipublicfiles.com/seamless_interaction/naturalistic/train/audio/V03_S1153_I00000027_P3641.wav,https://dl.fbaipublicfiles.com/seamless_interaction/naturalistic/train/video/V03_S1153_I00000027_P3622.mp4,https://dl.fbaipublicfiles.com/seamless_interaction/naturalistic/train/video/V03_S1153_I00000027_P3641.mp4,https://dl.fbaipublicfiles.com/seamless_interaction/naturalistic/train/metadata/vad/V03_S1153_I00000027_P3622.jsonl,https://dl.fbaipublicfiles.com/seamless_interaction/naturalistic/train/metadata/vad/V03_S1153_I00000027_P3641.jsonl
val,train,V03_S1153_I00000028,V03,1153,00000028,ipc_conversation,naturalistic,both,stranger,stranger,V03_S1153_I00000028_P3622,V03_S1153_I00000028_P3641,P3622,P3641,https://dl.fbaipublicfiles.com/seamless_interaction/naturalistic/train/audio/V03_S1153_I00000028_P3622.wav,https://dl.fbaipublicfiles.com/seamless_interaction/naturalistic/train/audio/V03_S1153_I00000028_P3641.wav,https://dl.fbaipublicfiles.com/seamless_interaction/naturalistic/train/video/V03_S1153_I00000028_P3622.mp4,https://dl.fbaipublicfiles.com/seamless_interaction/naturalistic/train/video/V03_S1153_I00000028_P3641.mp4,https://dl.fbaipublicfiles.com/seamless_interaction/naturalistic/train/metadata/vad/V03_S1153_I00000028_P3622.jsonl,https://dl.fbaipublicfiles.com/seamless_interaction/naturalistic/train/metadata/vad/V03_S1153_I00000028_P3641.jsonl
val,train,V03_S1153_I00000031,V03,1153,00000031,ipc_conversation,naturalistic,both,stranger,stranger,V03_S1153_I00000031_P3622,V03_S1153_I00000031_P3641,P3622,P3641,https://dl.fbaipublicfiles.com/seamless_interaction/naturalistic/train/audio/V03_S1153_I00000031_P3622.wav,https://dl.fbaipublicfiles.com/seamless_interaction/naturalistic/train/audio/V03_S1153_I00000031_P3641.wav,https://dl.fbaipublicfiles.com/seamless_interaction/naturalistic/train/video/V03_S1153_I00000031_P3622.mp4,https://dl.fbaipublicfiles.com/seamless_interaction/naturalistic/train/video/V03_S1153_I00000031_P3641.mp4,https://dl.fbaipublicfiles.com/seamless_interaction/naturalistic/train/metadata/vad/V03_S1153_I00000031_P3622.jsonl,https://dl.fbaipublicfiles.com/seamless_interaction/naturalistic/train/metadata/vad/V03_S1153_I00000031_P3641.jsonl
val,train,V03_S1153_I00000032,V03,1153,00000032,ipc_conversation,naturalistic,single,stranger,stranger,V03_S1153_I00000032_P3622,V03_S1153_I00000032_P3641,P3622,P3641,https://dl.fbaipublicfiles.com/seamless_interaction/naturalistic/train/audio/V03_S1153_I00000032_P3622.wav,https://dl.fbaipublicfiles.com/seamless_interaction/naturalistic/train/audio/V03_S1153_I00000032_P3641.wav,https://dl.fbaipublicfiles.com/seamless_interaction/naturalistic/train/video/V03_S1153_I00000032_P3622.mp4,https://dl.fbaipublicfiles.com/seamless_interaction/naturalistic/train/video/V03_S1153_I00000032_P3641.mp4,https://dl.fbaipublicfiles.com/seamless_interaction/naturalistic/train/metadata/vad/V03_S1153_I00000032_P3622.jsonl,https://dl.fbaipublicfiles.com/seamless_interaction/naturalistic/train/metadata/vad/V03_S1153_I00000032_P3641.jsonl
val,train,V03_S1220_I00000402,V03,1220,00000402,ipc_conversation,naturalistic,single,stranger,stranger,V03_S1220_I00000402_P3776,V03_S1220_I00000402_P3777,P3776,P3777,https://dl.fbaipublicfiles.com/seamless_interaction/naturalistic/train/audio/V03_S1220_I00000402_P3776.wav,https://dl.fbaipublicfiles.com/seamless_interaction/naturalistic/train/audio/V03_S1220_I00000402_P3777.wav,https://dl.fbaipublicfiles.com/seamless_interaction/naturalistic/train/video/V03_S1220_I00000402_P3776.mp4,https://dl.fbaipublicfiles.com/seamless_interaction/naturalistic/train/video/V03_S1220_I00000402_P3777.mp4,https://dl.fbaipublicfiles.com/seamless_interaction/naturalistic/train/metadata/vad/V03_S1220_I00000402_P3776.jsonl,https://dl.fbaipublicfiles.com/seamless_interaction/naturalistic/train/metadata/vad/V03_S1220_I00000402_P3777.jsonl
val,train,V03_S1220_I00000403,V03,1220,00000403,ipc_conversation,naturalistic,single,stranger,stranger,V03_S1220_I00000403_P3776,V03_S1220_I00000403_P3777,P3776,P3777,https://dl.fbaipublicfiles.com/seamless_interaction/naturalistic/train/audio/V03_S1220_I00000403_P3776.wav,https://dl.fbaipublicfiles.com/seamless_interaction/naturalistic/train/audio/V03_S1220_I00000403_P3777.wav,https://dl.fbaipublicfiles.com/seamless_interaction/naturalistic/train/video/V03_S1220_I00000403_P3776.mp4,https://dl.fbaipublicfiles.com/seamless_interaction/naturalistic/train/video/V03_S1220_I00000403_P3777.mp4,https://dl.fbaipublicfiles.com/seamless_interaction/naturalistic/train/metadata/vad/V03_S1220_I00000403_P3776.jsonl,https://dl.fbaipublicfiles.com/seamless_interaction/naturalistic/train/metadata/vad/V03_S1220_I00000403_P3777.jsonl
val,train,V03_S1331_I00000107,V03,1331,00000107,ipc_conversation,naturalistic,single,stranger,stranger,V03_S1331_I00000107_P3083,V03_S1331_I00000107_P4030,P3083,P4030,https://dl.fbaipublicfiles.com/seamless_interaction/naturalistic/train/audio/V03_S1331_I00000107_P3083.wav,https://dl.fbaipublicfiles.com/seamless_interaction/naturalistic/train/audio/V03_S1331_I00000107_P4030.wav,https://dl.fbaipublicfiles.com/seamless_interaction/naturalistic/train/video/V03_S1331_I00000107_P3083.mp4,https://dl.fbaipublicfiles.com/seamless_interaction/naturalistic/train/video/V03_S1331_I00000107_P4030.mp4,https://dl.fbaipublicfiles.com/seamless_interaction/naturalistic/train/metadata/vad/V03_S1331_I00000107_P3083.jsonl,https://dl.fbaipublicfiles.com/seamless_interaction/naturalistic/train/metadata/vad/V03_S1331_I00000107_P4030.jsonl
val,train,V03_S1331_I00000108,V03,1331,00000108,ipc_conversation,naturalistic,single,stranger,stranger,V03_S1331_I00000108_P3083,V03_S1331_I00000108_P4030,P3083,P4030,https://dl.fbaipublicfiles.com/seamless_interaction/naturalistic/train/audio/V03_S1331_I00000108_P3083.wav,https://dl.fbaipublicfiles.com/seamless_interaction/naturalistic/train/audio/V03_S1331_I00000108_P4030.wav,https://dl.fbaipublicfiles.com/seamless_interaction/naturalistic/train/video/V03_S1331_I00000108_P3083.mp4,https://dl.fbaipublicfiles.com/seamless_interaction/naturalistic/train/video/V03_S1331_I00000108_P4030.mp4,https://dl.fbaipublicfiles.com/seamless_interaction/naturalistic/train/metadata/vad/V03_S1331_I00000108_P3083.jsonl,https://dl.fbaipublicfiles.com/seamless_interaction/naturalistic/train/metadata/vad/V03_S1331_I00000108_P4030.jsonl
val,train,V03_S1331_I00000115,V03,1331,00000115,ipc_conversation,naturalistic,single,stranger,stranger,V03_S1331_I00000115_P3083,V03_S1331_I00000115_P4030,P3083,P4030,https://dl.fbaipublicfiles.com/seamless_interaction/naturalistic/train/audio/V03_S1331_I00000115_P3083.wav,https://dl.fbaipublicfiles.com/seamless_interaction/naturalistic/train/audio/V03_S1331_I00000115_P4030.wav,https://dl.fbaipublicfiles.com/seamless_interaction/naturalistic/train/video/V03_S1331_I00000115_P3083.mp4,https://dl.fbaipublicfiles.com/seamless_interaction/naturalistic/train/video/V03_S1331_I00000115_P4030.mp4,https://dl.fbaipublicfiles.com/seamless_interaction/naturalistic/train/metadata/vad/V03_S1331_I00000115_P3083.jsonl,https://dl.fbaipublicfiles.com/seamless_interaction/naturalistic/train/metadata/vad/V03_S1331_I00000115_P4030.jsonl
val,train,V03_S1331_I00000118,V03,1331,00000118,ipc_conversation,naturalistic,single,stranger,stranger,V03_S1331_I00000118_P3083,V03_S1331_I00000118_P4030,P3083,P4030,https://dl.fbaipublicfiles.com/seamless_interaction/naturalistic/train/audio/V03_S1331_I00000118_P3083.wav,https://dl.fbaipublicfiles.com/seamless_interaction/naturalistic/train/audio/V03_S1331_I00000118_P4030.wav,https://dl.fbaipublicfiles.com/seamless_interaction/naturalistic/train/video/V03_S1331_I00000118_P3083.mp4,https://dl.fbaipublicfiles.com/seamless_interaction/naturalistic/train/video/V03_S1331_I00000118_P4030.mp4,https://dl.fbaipublicfiles.com/seamless_interaction/naturalistic/train/metadata/vad/V03_S1331_I00000118_P3083.jsonl,https://dl.fbaipublicfiles.com/seamless_interaction/naturalistic/train/metadata/vad/V03_S1331_I00000118_P4030.jsonl
val,train,V03_S1331_I00000121,V03,1331,00000121,collaborative_storytelling,naturalistic,single,stranger,stranger,V03_S1331_I00000121_P3083,V03_S1331_I00000121_P4030,P3083,P4030,https://dl.fbaipublicfiles.com/seamless_interaction/naturalistic/train/audio/V03_S1331_I00000121_P3083.wav,https://dl.fbaipublicfiles.com/seamless_interaction/naturalistic/train/audio/V03_S1331_I00000121_P4030.wav,https://dl.fbaipublicfiles.com/seamless_interaction/naturalistic/train/video/V03_S1331_I00000121_P3083.mp4,https://dl.fbaipublicfiles.com/seamless_interaction/naturalistic/train/video/V03_S1331_I00000121_P4030.mp4,https://dl.fbaipublicfiles.com/seamless_interaction/naturalistic/train/metadata/vad/V03_S1331_I00000121_P3083.jsonl,https://dl.fbaipublicfiles.com/seamless_interaction/naturalistic/train/metadata/vad/V03_S1331_I00000121_P4030.jsonl
val,test,V03_S1930_I00000105,V03,1930,00000105,ipc_conversation,naturalistic,none,stranger,stranger,V03_S1930_I00000105_P5054,V03_S1930_I00000105_P5055,P5054,P5055,https://dl.fbaipublicfiles.com/seamless_interaction/naturalistic/test/audio/V03_S1930_I00000105_P5054.wav,https://dl.fbaipublicfiles.com/seamless_interaction/naturalistic/test/audio/V03_S1930_I00000105_P5055.wav,https://dl.fbaipublicfiles.com/seamless_interaction/naturalistic/test/video/V03_S1930_I00000105_P5054.mp4,https://dl.fbaipublicfiles.com/seamless_interaction/naturalistic/test/video/V03_S1930_I00000105_P5055.mp4,https://dl.fbaipublicfiles.com/seamless_interaction/naturalistic/test/metadata/vad/V03_S1930_I00000105_P5054.jsonl,https://dl.fbaipublicfiles.com/seamless_interaction/naturalistic/test/metadata/vad/V03_S1930_I00000105_P5055.jsonl
val,train,V03_S2044_I00000334,V03,2044,00000334,ipc_conversation,naturalistic,single,familiar,friends,V03_S2044_I00000334_P4070,V03_S2044_I00000334_P5336,P4070,P5336,https://dl.fbaipublicfiles.com/seamless_interaction/naturalistic/train/audio/V03_S2044_I00000334_P4070.wav,https://dl.fbaipublicfiles.com/seamless_interaction/naturalistic/train/audio/V03_S2044_I00000334_P5336.wav,https://dl.fbaipublicfiles.com/seamless_interaction/naturalistic/train/video/V03_S2044_I00000334_P4070.mp4,https://dl.fbaipublicfiles.com/seamless_interaction/naturalistic/train/video/V03_S2044_I00000334_P5336.mp4,https://dl.fbaipublicfiles.com/seamless_interaction/naturalistic/train/metadata/vad/V03_S2044_I00000334_P4070.jsonl,https://dl.fbaipublicfiles.com/seamless_interaction/naturalistic/train/metadata/vad/V03_S2044_I00000334_P5336.jsonl
val,train,V03_S2044_I00000337,V03,2044,00000337,ipc_conversation,naturalistic,single,familiar,friends,V03_S2044_I00000337_P4070,V03_S2044_I00000337_P5336,P4070,P5336,https://dl.fbaipublicfiles.com/seamless_interaction/naturalistic/train/audio/V03_S2044_I00000337_P4070.wav,https://dl.fbaipublicfiles.com/seamless_interaction/naturalistic/train/audio/V03_S2044_I00000337_P5336.wav,https://dl.fbaipublicfiles.com/seamless_interaction/naturalistic/train/video/V03_S2044_I00000337_P4070.mp4,https://dl.fbaipublicfiles.com/seamless_interaction/naturalistic/train/video/V03_S2044_I00000337_P5336.mp4,https://dl.fbaipublicfiles.com/seamless_interaction/naturalistic/train/metadata/vad/V03_S2044_I00000337_P4070.jsonl,https://dl.fbaipublicfiles.com/seamless_interaction/naturalistic/train/metadata/vad/V03_S2044_I00000337_P5336.jsonl
val,train,V03_S2044_I00000338,V03,2044,00000338,ipc_conversation,naturalistic,single,familiar,friends,V03_S2044_I00000338_P4070,V03_S2044_I00000338_P5336,P4070,P5336,https://dl.fbaipublicfiles.com/seamless_interaction/naturalistic/train/audio/V03_S2044_I00000338_P4070.wav,https://dl.fbaipublicfiles.com/seamless_interaction/naturalistic/train/audio/V03_S2044_I00000338_P5336.wav,https://dl.fbaipublicfiles.com/seamless_interaction/naturalistic/train/video/V03_S2044_I00000338_P4070.mp4,https://dl.fbaipublicfiles.com/seamless_interaction/naturalistic/train/video/V03_S2044_I00000338_P5336.mp4,https://dl.fbaipublicfiles.com/seamless_interaction/naturalistic/train/metadata/vad/V03_S2044_I00000338_P4070.jsonl,https://dl.fbaipublicfiles.com/seamless_interaction/naturalistic/train/metadata/vad/V03_S2044_I00000338_P5336.jsonl
val,train,V03_S2044_I00000340,V03,2044,00000340,ipc_conversation,naturalistic,single,familiar,friends,V03_S2044_I00000340_P4070,V03_S2044_I00000340_P5336,P4070,P5336,https://dl.fbaipublicfiles.com/seamless_interaction/naturalistic/train/audio/V03_S2044_I00000340_P4070.wav,https://dl.fbaipublicfiles.com/seamless_interaction/naturalistic/train/audio/V03_S2044_I00000340_P5336.wav,https://dl.fbaipublicfiles.com/seamless_interaction/naturalistic/train/video/V03_S2044_I00000340_P4070.mp4,https://dl.fbaipublicfiles.com/seamless_interaction/naturalistic/train/video/V03_S2044_I00000340_P5336.mp4,https://dl.fbaipublicfiles.com/seamless_interaction/naturalistic/train/metadata/vad/V03_S2044_I00000340_P4070.jsonl,https://dl.fbaipublicfiles.com/seamless_interaction/naturalistic/train/metadata/vad/V03_S2044_I00000340_P5336.jsonl
test,train,V00_S1005_I00000249,V00,1005,00000249,ipc_conversation,naturalistic,none,familiar,family-generic,V00_S1005_I00000249_P1054,V00_S1005_I00000249_P1055,P1054,P1055,https://dl.fbaipublicfiles.com/seamless_interaction/naturalistic/train/audio/V00_S1005_I00000249_P1054.wav,https://dl.fbaipublicfiles.com/seamless_interaction/naturalistic/train/audio/V00_S1005_I00000249_P1055.wav,https://dl.fbaipublicfiles.com/seamless_interaction/naturalistic/train/video/V00_S1005_I00000249_P1054.mp4,https://dl.fbaipublicfiles.com/seamless_interaction/naturalistic/train/video/V00_S1005_I00000249_P1055.mp4,https://dl.fbaipublicfiles.com/seamless_interaction/naturalistic/train/metadata/vad/V00_S1005_I00000249_P1054.jsonl,https://dl.fbaipublicfiles.com/seamless_interaction/naturalistic/train/metadata/vad/V00_S1005_I00000249_P1055.jsonl
test,dev,V01_S0283_I00000266,V01,0283,00000266,ipc_conversation,naturalistic,none,familiar,friends,V01_S0283_I00000266_P1603,V01_S0283_I00000266_P1604,P1603,P1604,https://dl.fbaipublicfiles.com/seamless_interaction/naturalistic/dev/audio/V01_S0283_I00000266_P1603.wav,https://dl.fbaipublicfiles.com/seamless_interaction/naturalistic/dev/audio/V01_S0283_I00000266_P1604.wav,https://dl.fbaipublicfiles.com/seamless_interaction/naturalistic/dev/video/V01_S0283_I00000266_P1603.mp4,https://dl.fbaipublicfiles.com/seamless_interaction/naturalistic/dev/video/V01_S0283_I00000266_P1604.mp4,https://dl.fbaipublicfiles.com/seamless_interaction/naturalistic/dev/metadata/vad/V01_S0283_I00000266_P1603.jsonl,https://dl.fbaipublicfiles.com/seamless_interaction/naturalistic/dev/metadata/vad/V01_S0283_I00000266_P1604.jsonl
test,train,V02_S3613_I00000053,V02,3613,00000053,ipc_conversation,naturalistic,none,familiar,friends,V02_S3613_I00000053_P4135,V02_S3613_I00000053_P4245,P4135,P4245,https://dl.fbaipublicfiles.com/seamless_interaction/naturalistic/train/audio/V02_S3613_I00000053_P4135.wav,https://dl.fbaipublicfiles.com/seamless_interaction/naturalistic/train/audio/V02_S3613_I00000053_P4245.wav,https://dl.fbaipublicfiles.com/seamless_interaction/naturalistic/train/video/V02_S3613_I00000053_P4135.mp4,https://dl.fbaipublicfiles.com/seamless_interaction/naturalistic/train/video/V02_S3613_I00000053_P4245.mp4,https://dl.fbaipublicfiles.com/seamless_interaction/naturalistic/train/metadata/vad/V02_S3613_I00000053_P4135.jsonl,https://dl.fbaipublicfiles.com/seamless_interaction/naturalistic/train/metadata/vad/V02_S3613_I00000053_P4245.jsonl
test,train,V02_S3653_I00000055,V02,3653,00000055,ipc_conversation,naturalistic,none,stranger,stranger,V02_S3653_I00000055_P4257,V02_S3653_I00000055_P4261,P4257,P4261,https://dl.fbaipublicfiles.com/seamless_interaction/naturalistic/train/audio/V02_S3653_I00000055_P4257.wav,https://dl.fbaipublicfiles.com/seamless_interaction/naturalistic/train/audio/V02_S3653_I00000055_P4261.wav,https://dl.fbaipublicfiles.com/seamless_interaction/naturalistic/train/video/V02_S3653_I00000055_P4257.mp4,https://dl.fbaipublicfiles.com/seamless_interaction/naturalistic/train/video/V02_S3653_I00000055_P4261.mp4,https://dl.fbaipublicfiles.com/seamless_interaction/naturalistic/train/metadata/vad/V02_S3653_I00000055_P4257.jsonl,https://dl.fbaipublicfiles.com/seamless_interaction/naturalistic/train/metadata/vad/V02_S3653_I00000055_P4261.jsonl
test,test,V03_S0139_I00000135,V03,0139,00000135,collaborative_storytelling,naturalistic,both,stranger,stranger,V03_S0139_I00000135_P1302,V03_S0139_I00000135_P1303,P1302,P1303,https://dl.fbaipublicfiles.com/seamless_interaction/naturalistic/test/audio/V03_S0139_I00000135_P1302.wav,https://dl.fbaipublicfiles.com/seamless_interaction/naturalistic/test/audio/V03_S0139_I00000135_P1303.wav,https://dl.fbaipublicfiles.com/seamless_interaction/naturalistic/test/video/V03_S0139_I00000135_P1302.mp4,https://dl.fbaipublicfiles.com/seamless_interaction/naturalistic/test/video/V03_S0139_I00000135_P1303.mp4,https://dl.fbaipublicfiles.com/seamless_interaction/naturalistic/test/metadata/vad/V03_S0139_I00000135_P1302.jsonl,https://dl.fbaipublicfiles.com/seamless_interaction/naturalistic/test/metadata/vad/V03_S0139_I00000135_P1303.jsonl
test,test,V03_S0139_I00000477,V03,0139,00000477,ipc_conversation,naturalistic,both,stranger,stranger,V03_S0139_I00000477_P1302,V03_S0139_I00000477_P1303,P1302,P1303,https://dl.fbaipublicfiles.com/seamless_interaction/naturalistic/test/audio/V03_S0139_I00000477_P1302.wav,https://dl.fbaipublicfiles.com/seamless_interaction/naturalistic/test/audio/V03_S0139_I00000477_P1303.wav,https://dl.fbaipublicfiles.com/seamless_interaction/naturalistic/test/video/V03_S0139_I00000477_P1302.mp4,https://dl.fbaipublicfiles.com/seamless_interaction/naturalistic/test/video/V03_S0139_I00000477_P1303.mp4,https://dl.fbaipublicfiles.com/seamless_interaction/naturalistic/test/metadata/vad/V03_S0139_I00000477_P1302.jsonl,https://dl.fbaipublicfiles.com/seamless_interaction/naturalistic/test/metadata/vad/V03_S0139_I00000477_P1303.jsonl
test,test,V03_S0139_I00000478,V03,0139,00000478,ipc_conversation,naturalistic,both,stranger,stranger,V03_S0139_I00000478_P1302,V03_S0139_I00000478_P1303,P1302,P1303,https://dl.fbaipublicfiles.com/seamless_interaction/naturalistic/test/audio/V03_S0139_I00000478_P1302.wav,https://dl.fbaipublicfiles.com/seamless_interaction/naturalistic/test/audio/V03_S0139_I00000478_P1303.wav,https://dl.fbaipublicfiles.com/seamless_interaction/naturalistic/test/video/V03_S0139_I00000478_P1302.mp4,https://dl.fbaipublicfiles.com/seamless_interaction/naturalistic/test/video/V03_S0139_I00000478_P1303.mp4,https://dl.fbaipublicfiles.com/seamless_interaction/naturalistic/test/metadata/vad/V03_S0139_I00000478_P1302.jsonl,https://dl.fbaipublicfiles.com/seamless_interaction/naturalistic/test/metadata/vad/V03_S0139_I00000478_P1303.jsonl
test,test,V03_S0139_I00000479,V03,0139,00000479,ipc_conversation,naturalistic,both,stranger,stranger,V03_S0139_I00000479_P1302,V03_S0139_I00000479_P1303,P1302,P1303,https://dl.fbaipublicfiles.com/seamless_interaction/naturalistic/test/audio/V03_S0139_I00000479_P1302.wav,https://dl.fbaipublicfiles.com/seamless_interaction/naturalistic/test/audio/V03_S0139_I00000479_P1303.wav,https://dl.fbaipublicfiles.com/seamless_interaction/naturalistic/test/video/V03_S0139_I00000479_P1302.mp4,https://dl.fbaipublicfiles.com/seamless_interaction/naturalistic/test/video/V03_S0139_I00000479_P1303.mp4,https://dl.fbaipublicfiles.com/seamless_interaction/naturalistic/test/metadata/vad/V03_S0139_I00000479_P1302.jsonl,https://dl.fbaipublicfiles.com/seamless_interaction/naturalistic/test/metadata/vad/V03_S0139_I00000479_P1303.jsonl
test,test,V03_S0139_I00000500,V03,0139,00000500,ipc_conversation,naturalistic,both,stranger,stranger,V03_S0139_I00000500_P1302,V03_S0139_I00000500_P1303,P1302,P1303,https://dl.fbaipublicfiles.com/seamless_interaction/naturalistic/test/audio/V03_S0139_I00000500_P1302.wav,https://dl.fbaipublicfiles.com/seamless_interaction/naturalistic/test/audio/V03_S0139_I00000500_P1303.wav,https://dl.fbaipublicfiles.com/seamless_interaction/naturalistic/test/video/V03_S0139_I00000500_P1302.mp4,https://dl.fbaipublicfiles.com/seamless_interaction/naturalistic/test/video/V03_S0139_I00000500_P1303.mp4,https://dl.fbaipublicfiles.com/seamless_interaction/naturalistic/test/metadata/vad/V03_S0139_I00000500_P1302.jsonl,https://dl.fbaipublicfiles.com/seamless_interaction/naturalistic/test/metadata/vad/V03_S0139_I00000500_P1303.jsonl
test,train,V03_S0201_I00000371,V03,0201,00000371,ipc_conversation,naturalistic,both,stranger,stranger,V03_S0201_I00000371_P1432,V03_S0201_I00000371_P1433,P1432,P1433,https://dl.fbaipublicfiles.com/seamless_interaction/naturalistic/train/audio/V03_S0201_I00000371_P1432.wav,https://dl.fbaipublicfiles.com/seamless_interaction/naturalistic/train/audio/V03_S0201_I00000371_P1433.wav,https://dl.fbaipublicfiles.com/seamless_interaction/naturalistic/train/video/V03_S0201_I00000371_P1432.mp4,https://dl.fbaipublicfiles.com/seamless_interaction/naturalistic/train/video/V03_S0201_I00000371_P1433.mp4,https://dl.fbaipublicfiles.com/seamless_interaction/naturalistic/train/metadata/vad/V03_S0201_I00000371_P1432.jsonl,https://dl.fbaipublicfiles.com/seamless_interaction/naturalistic/train/metadata/vad/V03_S0201_I00000371_P1433.jsonl
test,train,V03_S0201_I00000374,V03,0201,00000374,ipc_conversation,naturalistic,both,stranger,stranger,V03_S0201_I00000374_P1432,V03_S0201_I00000374_P1433,P1432,P1433,https://dl.fbaipublicfiles.com/seamless_interaction/naturalistic/train/audio/V03_S0201_I00000374_P1432.wav,https://dl.fbaipublicfiles.com/seamless_interaction/naturalistic/train/audio/V03_S0201_I00000374_P1433.wav,https://dl.fbaipublicfiles.com/seamless_interaction/naturalistic/train/video/V03_S0201_I00000374_P1432.mp4,https://dl.fbaipublicfiles.com/seamless_interaction/naturalistic/train/video/V03_S0201_I00000374_P1433.mp4,https://dl.fbaipublicfiles.com/seamless_interaction/naturalistic/train/metadata/vad/V03_S0201_I00000374_P1432.jsonl,https://dl.fbaipublicfiles.com/seamless_interaction/naturalistic/train/metadata/vad/V03_S0201_I00000374_P1433.jsonl
test,train,V03_S0201_I00000375,V03,0201,00000375,ipc_conversation,naturalistic,both,stranger,stranger,V03_S0201_I00000375_P1432,V03_S0201_I00000375_P1433,P1432,P1433,https://dl.fbaipublicfiles.com/seamless_interaction/naturalistic/train/audio/V03_S0201_I00000375_P1432.wav,https://dl.fbaipublicfiles.com/seamless_interaction/naturalistic/train/audio/V03_S0201_I00000375_P1433.wav,https://dl.fbaipublicfiles.com/seamless_interaction/naturalistic/train/video/V03_S0201_I00000375_P1432.mp4,https://dl.fbaipublicfiles.com/seamless_interaction/naturalistic/train/video/V03_S0201_I00000375_P1433.mp4,https://dl.fbaipublicfiles.com/seamless_interaction/naturalistic/train/metadata/vad/V03_S0201_I00000375_P1432.jsonl,https://dl.fbaipublicfiles.com/seamless_interaction/naturalistic/train/metadata/vad/V03_S0201_I00000375_P1433.jsonl
test,train,V03_S0201_I00000382,V03,0201,00000382,ipc_conversation,naturalistic,single,stranger,stranger,V03_S0201_I00000382_P1432,V03_S0201_I00000382_P1433,P1432,P1433,https://dl.fbaipublicfiles.com/seamless_interaction/naturalistic/train/audio/V03_S0201_I00000382_P1432.wav,https://dl.fbaipublicfiles.com/seamless_interaction/naturalistic/train/audio/V03_S0201_I00000382_P1433.wav,https://dl.fbaipublicfiles.com/seamless_interaction/naturalistic/train/video/V03_S0201_I00000382_P1432.mp4,https://dl.fbaipublicfiles.com/seamless_interaction/naturalistic/train/video/V03_S0201_I00000382_P1433.mp4,https://dl.fbaipublicfiles.com/seamless_interaction/naturalistic/train/metadata/vad/V03_S0201_I00000382_P1432.jsonl,https://dl.fbaipublicfiles.com/seamless_interaction/naturalistic/train/metadata/vad/V03_S0201_I00000382_P1433.jsonl
test,train,V03_S0201_I00000502,V03,0201,00000502,ipc_conversation,naturalistic,single,stranger,stranger,V03_S0201_I00000502_P1432,V03_S0201_I00000502_P1433,P1432,P1433,https://dl.fbaipublicfiles.com/seamless_interaction/naturalistic/train/audio/V03_S0201_I00000502_P1432.wav,https://dl.fbaipublicfiles.com/seamless_interaction/naturalistic/train/audio/V03_S0201_I00000502_P1433.wav,https://dl.fbaipublicfiles.com/seamless_interaction/naturalistic/train/video/V03_S0201_I00000502_P1432.mp4,https://dl.fbaipublicfiles.com/seamless_interaction/naturalistic/train/video/V03_S0201_I00000502_P1433.mp4,https://dl.fbaipublicfiles.com/seamless_interaction/naturalistic/train/metadata/vad/V03_S0201_I00000502_P1432.jsonl,https://dl.fbaipublicfiles.com/seamless_interaction/naturalistic/train/metadata/vad/V03_S0201_I00000502_P1433.jsonl
test,train,V03_S0205_I00000372,V03,0205,00000372,ipc_conversation,naturalistic,single,stranger,stranger,V03_S0205_I00000372_P1211,V03_S0205_I00000372_P1449,P1211,P1449,https://dl.fbaipublicfiles.com/seamless_interaction/naturalistic/train/audio/V03_S0205_I00000372_P1211.wav,https://dl.fbaipublicfiles.com/seamless_interaction/naturalistic/train/audio/V03_S0205_I00000372_P1449.wav,https://dl.fbaipublicfiles.com/seamless_interaction/naturalistic/train/video/V03_S0205_I00000372_P1211.mp4,https://dl.fbaipublicfiles.com/seamless_interaction/naturalistic/train/video/V03_S0205_I00000372_P1449.mp4,https://dl.fbaipublicfiles.com/seamless_interaction/naturalistic/train/metadata/vad/V03_S0205_I00000372_P1211.jsonl,https://dl.fbaipublicfiles.com/seamless_interaction/naturalistic/train/metadata/vad/V03_S0205_I00000372_P1449.jsonl
test,train,V03_S0205_I00000382,V03,0205,00000382,ipc_conversation,naturalistic,single,stranger,stranger,V03_S0205_I00000382_P1211,V03_S0205_I00000382_P1449,P1211,P1449,https://dl.fbaipublicfiles.com/seamless_interaction/naturalistic/train/audio/V03_S0205_I00000382_P1211.wav,https://dl.fbaipublicfiles.com/seamless_interaction/naturalistic/train/audio/V03_S0205_I00000382_P1449.wav,https://dl.fbaipublicfiles.com/seamless_interaction/naturalistic/train/video/V03_S0205_I00000382_P1211.mp4,https://dl.fbaipublicfiles.com/seamless_interaction/naturalistic/train/video/V03_S0205_I00000382_P1449.mp4,https://dl.fbaipublicfiles.com/seamless_interaction/naturalistic/train/metadata/vad/V03_S0205_I00000382_P1211.jsonl,https://dl.fbaipublicfiles.com/seamless_interaction/naturalistic/train/metadata/vad/V03_S0205_I00000382_P1449.jsonl
test,train,V03_S0205_I00000502,V03,0205,00000502,ipc_conversation,naturalistic,single,stranger,stranger,V03_S0205_I00000502_P1211,V03_S0205_I00000502_P1449,P1211,P1449,https://dl.fbaipublicfiles.com/seamless_interaction/naturalistic/train/audio/V03_S0205_I00000502_P1211.wav,https://dl.fbaipublicfiles.com/seamless_interaction/naturalistic/train/audio/V03_S0205_I00000502_P1449.wav,https://dl.fbaipublicfiles.com/seamless_interaction/naturalistic/train/video/V03_S0205_I00000502_P1211.mp4,https://dl.fbaipublicfiles.com/seamless_interaction/naturalistic/train/video/V03_S0205_I00000502_P1449.mp4,https://dl.fbaipublicfiles.com/seamless_interaction/naturalistic/train/metadata/vad/V03_S0205_I00000502_P1211.jsonl,https://dl.fbaipublicfiles.com/seamless_interaction/naturalistic/train/metadata/vad/V03_S0205_I00000502_P1449.jsonl
test,train,V03_S0205_I00000504,V03,0205,00000504,ipc_conversation,naturalistic,single,stranger,stranger,V03_S0205_I00000504_P1211,V03_S0205_I00000504_P1449,P1211,P1449,https://dl.fbaipublicfiles.com/seamless_interaction/naturalistic/train/audio/V03_S0205_I00000504_P1211.wav,https://dl.fbaipublicfiles.com/seamless_interaction/naturalistic/train/audio/V03_S0205_I00000504_P1449.wav,https://dl.fbaipublicfiles.com/seamless_interaction/naturalistic/train/video/V03_S0205_I00000504_P1211.mp4,https://dl.fbaipublicfiles.com/seamless_interaction/naturalistic/train/video/V03_S0205_I00000504_P1449.mp4,https://dl.fbaipublicfiles.com/seamless_interaction/naturalistic/train/metadata/vad/V03_S0205_I00000504_P1211.jsonl,https://dl.fbaipublicfiles.com/seamless_interaction/naturalistic/train/metadata/vad/V03_S0205_I00000504_P1449.jsonl
test,train,V03_S0258_I00000140,V03,0258,00000140,ipc_conversation,naturalistic,single,stranger,stranger,V03_S0258_I00000140_P1565,V03_S0258_I00000140_P1623,P1565,P1623,https://dl.fbaipublicfiles.com/seamless_interaction/naturalistic/train/audio/V03_S0258_I00000140_P1565.wav,https://dl.fbaipublicfiles.com/seamless_interaction/naturalistic/train/audio/V03_S0258_I00000140_P1623.wav,https://dl.fbaipublicfiles.com/seamless_interaction/naturalistic/train/video/V03_S0258_I00000140_P1565.mp4,https://dl.fbaipublicfiles.com/seamless_interaction/naturalistic/train/video/V03_S0258_I00000140_P1623.mp4,https://dl.fbaipublicfiles.com/seamless_interaction/naturalistic/train/metadata/vad/V03_S0258_I00000140_P1565.jsonl,https://dl.fbaipublicfiles.com/seamless_interaction/naturalistic/train/metadata/vad/V03_S0258_I00000140_P1623.jsonl
test,train,V03_S0281_I00000484,V03,0281,00000484,ipc_conversation,naturalistic,single,familiar,familiar-generic,V03_S0281_I00000484_P1446,V03_S0281_I00000484_P1447,P1446,P1447,https://dl.fbaipublicfiles.com/seamless_interaction/naturalistic/train/audio/V03_S0281_I00000484_P1446.wav,https://dl.fbaipublicfiles.com/seamless_interaction/naturalistic/train/audio/V03_S0281_I00000484_P1447.wav,https://dl.fbaipublicfiles.com/seamless_interaction/naturalistic/train/video/V03_S0281_I00000484_P1446.mp4,https://dl.fbaipublicfiles.com/seamless_interaction/naturalistic/train/video/V03_S0281_I00000484_P1447.mp4,https://dl.fbaipublicfiles.com/seamless_interaction/naturalistic/train/metadata/vad/V03_S0281_I00000484_P1446.jsonl,https://dl.fbaipublicfiles.com/seamless_interaction/naturalistic/train/metadata/vad/V03_S0281_I00000484_P1447.jsonl
test,train,V03_S0340_I00000392,V03,0340,00000392,ipc_conversation,naturalistic,single,stranger,stranger,V03_S0340_I00000392_P1311,V03_S0340_I00000392_P2169,P1311,P2169,https://dl.fbaipublicfiles.com/seamless_interaction/naturalistic/train/audio/V03_S0340_I00000392_P1311.wav,https://dl.fbaipublicfiles.com/seamless_interaction/naturalistic/train/audio/V03_S0340_I00000392_P2169.wav,https://dl.fbaipublicfiles.com/seamless_interaction/naturalistic/train/video/V03_S0340_I00000392_P1311.mp4,https://dl.fbaipublicfiles.com/seamless_interaction/naturalistic/train/video/V03_S0340_I00000392_P2169.mp4,https://dl.fbaipublicfiles.com/seamless_interaction/naturalistic/train/metadata/vad/V03_S0340_I00000392_P1311.jsonl,https://dl.fbaipublicfiles.com/seamless_interaction/naturalistic/train/metadata/vad/V03_S0340_I00000392_P2169.jsonl
test,train,V03_S0379_I00000371,V03,0379,00000371,ipc_conversation,naturalistic,single,stranger,stranger,V03_S0379_I00000371_P1600,V03_S0379_I00000371_P1989,P1600,P1989,https://dl.fbaipublicfiles.com/seamless_interaction/naturalistic/train/audio/V03_S0379_I00000371_P1600.wav,https://dl.fbaipublicfiles.com/seamless_interaction/naturalistic/train/audio/V03_S0379_I00000371_P1989.wav,https://dl.fbaipublicfiles.com/seamless_interaction/naturalistic/train/video/V03_S0379_I00000371_P1600.mp4,https://dl.fbaipublicfiles.com/seamless_interaction/naturalistic/train/video/V03_S0379_I00000371_P1989.mp4,https://dl.fbaipublicfiles.com/seamless_interaction/naturalistic/train/metadata/vad/V03_S0379_I00000371_P1600.jsonl,https://dl.fbaipublicfiles.com/seamless_interaction/naturalistic/train/metadata/vad/V03_S0379_I00000371_P1989.jsonl
test,train,V03_S0379_I00000373,V03,0379,00000373,ipc_conversation,naturalistic,single,stranger,stranger,V03_S0379_I00000373_P1600,V03_S0379_I00000373_P1989,P1600,P1989,https://dl.fbaipublicfiles.com/seamless_interaction/naturalistic/train/audio/V03_S0379_I00000373_P1600.wav,https://dl.fbaipublicfiles.com/seamless_interaction/naturalistic/train/audio/V03_S0379_I00000373_P1989.wav,https://dl.fbaipublicfiles.com/seamless_interaction/naturalistic/train/video/V03_S0379_I00000373_P1600.mp4,https://dl.fbaipublicfiles.com/seamless_interaction/naturalistic/train/video/V03_S0379_I00000373_P1989.mp4,https://dl.fbaipublicfiles.com/seamless_interaction/naturalistic/train/metadata/vad/V03_S0379_I00000373_P1600.jsonl,https://dl.fbaipublicfiles.com/seamless_interaction/naturalistic/train/metadata/vad/V03_S0379_I00000373_P1989.jsonl
test,train,V03_S0379_I00000375,V03,0379,00000375,ipc_conversation,naturalistic,single,stranger,stranger,V03_S0379_I00000375_P1600,V03_S0379_I00000375_P1989,P1600,P1989,https://dl.fbaipublicfiles.com/seamless_interaction/naturalistic/train/audio/V03_S0379_I00000375_P1600.wav,https://dl.fbaipublicfiles.com/seamless_interaction/naturalistic/train/audio/V03_S0379_I00000375_P1989.wav,https://dl.fbaipublicfiles.com/seamless_interaction/naturalistic/train/video/V03_S0379_I00000375_P1600.mp4,https://dl.fbaipublicfiles.com/seamless_interaction/naturalistic/train/video/V03_S0379_I00000375_P1989.mp4,https://dl.fbaipublicfiles.com/seamless_interaction/naturalistic/train/metadata/vad/V03_S0379_I00000375_P1600.jsonl,https://dl.fbaipublicfiles.com/seamless_interaction/naturalistic/train/metadata/vad/V03_S0379_I00000375_P1989.jsonl
test,train,V03_S0379_I00000504,V03,0379,00000504,ipc_conversation,naturalistic,single,stranger,stranger,V03_S0379_I00000504_P1600,V03_S0379_I00000504_P1989,P1600,P1989,https://dl.fbaipublicfiles.com/seamless_interaction/naturalistic/train/audio/V03_S0379_I00000504_P1600.wav,https://dl.fbaipublicfiles.com/seamless_interaction/naturalistic/train/audio/V03_S0379_I00000504_P1989.wav,https://dl.fbaipublicfiles.com/seamless_interaction/naturalistic/train/video/V03_S0379_I00000504_P1600.mp4,https://dl.fbaipublicfiles.com/seamless_interaction/naturalistic/train/video/V03_S0379_I00000504_P1989.mp4,https://dl.fbaipublicfiles.com/seamless_interaction/naturalistic/train/metadata/vad/V03_S0379_I00000504_P1600.jsonl,https://dl.fbaipublicfiles.com/seamless_interaction/naturalistic/train/metadata/vad/V03_S0379_I00000504_P1989.jsonl
test,train,V03_S0459_I00000391,V03,0459,00000391,ipc_conversation,naturalistic,single,stranger,stranger,V03_S0459_I00000391_P1965,V03_S0459_I00000391_P2253,P1965,P2253,https://dl.fbaipublicfiles.com/seamless_interaction/naturalistic/train/audio/V03_S0459_I00000391_P1965.wav,https://dl.fbaipublicfiles.com/seamless_interaction/naturalistic/train/audio/V03_S0459_I00000391_P2253.wav,https://dl.fbaipublicfiles.com/seamless_interaction/naturalistic/train/video/V03_S0459_I00000391_P1965.mp4,https://dl.fbaipublicfiles.com/seamless_interaction/naturalistic/train/video/V03_S0459_I00000391_P2253.mp4,https://dl.fbaipublicfiles.com/seamless_interaction/naturalistic/train/metadata/vad/V03_S0459_I00000391_P1965.jsonl,https://dl.fbaipublicfiles.com/seamless_interaction/naturalistic/train/metadata/vad/V03_S0459_I00000391_P2253.jsonl
test,train,V03_S0459_I00000392,V03,0459,00000392,ipc_conversation,naturalistic,single,stranger,stranger,V03_S0459_I00000392_P1965,V03_S0459_I00000392_P2253,P1965,P2253,https://dl.fbaipublicfiles.com/seamless_interaction/naturalistic/train/audio/V03_S0459_I00000392_P1965.wav,https://dl.fbaipublicfiles.com/seamless_interaction/naturalistic/train/audio/V03_S0459_I00000392_P2253.wav,https://dl.fbaipublicfiles.com/seamless_interaction/naturalistic/train/video/V03_S0459_I00000392_P1965.mp4,https://dl.fbaipublicfiles.com/seamless_interaction/naturalistic/train/video/V03_S0459_I00000392_P2253.mp4,https://dl.fbaipublicfiles.com/seamless_interaction/naturalistic/train/metadata/vad/V03_S0459_I00000392_P1965.jsonl,https://dl.fbaipublicfiles.com/seamless_interaction/naturalistic/train/metadata/vad/V03_S0459_I00000392_P2253.jsonl
test,train,V03_S0465_I00000159,V03,0465,00000159,ipc_conversation,naturalistic,single,stranger,stranger,V03_S0465_I00000159_P2268,V03_S0465_I00000159_P2269,P2268,P2269,https://dl.fbaipublicfiles.com/seamless_interaction/naturalistic/train/audio/V03_S0465_I00000159_P2268.wav,https://dl.fbaipublicfiles.com/seamless_interaction/naturalistic/train/audio/V03_S0465_I00000159_P2269.wav,https://dl.fbaipublicfiles.com/seamless_interaction/naturalistic/train/video/V03_S0465_I00000159_P2268.mp4,https://dl.fbaipublicfiles.com/seamless_interaction/naturalistic/train/video/V03_S0465_I00000159_P2269.mp4,https://dl.fbaipublicfiles.com/seamless_interaction/naturalistic/train/metadata/vad/V03_S0465_I00000159_P2268.jsonl,https://dl.fbaipublicfiles.com/seamless_interaction/naturalistic/train/metadata/vad/V03_S0465_I00000159_P2269.jsonl
test,train,V03_S0465_I00000162,V03,0465,00000162,ipc_conversation,naturalistic,single,stranger,stranger,V03_S0465_I00000162_P2268,V03_S0465_I00000162_P2269,P2268,P2269,https://dl.fbaipublicfiles.com/seamless_interaction/naturalistic/train/audio/V03_S0465_I00000162_P2268.wav,https://dl.fbaipublicfiles.com/seamless_interaction/naturalistic/train/audio/V03_S0465_I00000162_P2269.wav,https://dl.fbaipublicfiles.com/seamless_interaction/naturalistic/train/video/V03_S0465_I00000162_P2268.mp4,https://dl.fbaipublicfiles.com/seamless_interaction/naturalistic/train/video/V03_S0465_I00000162_P2269.mp4,https://dl.fbaipublicfiles.com/seamless_interaction/naturalistic/train/metadata/vad/V03_S0465_I00000162_P2268.jsonl,https://dl.fbaipublicfiles.com/seamless_interaction/naturalistic/train/metadata/vad/V03_S0465_I00000162_P2269.jsonl
test,train,V03_S0526_I00000026,V03,0526,00000026,ipc_conversation,naturalistic,single,stranger,stranger,V03_S0526_I00000026_P2085,V03_S0526_I00000026_P2153,P2085,P2153,https://dl.fbaipublicfiles.com/seamless_interaction/naturalistic/train/audio/V03_S0526_I00000026_P2085.wav,https://dl.fbaipublicfiles.com/seamless_interaction/naturalistic/train/audio/V03_S0526_I00000026_P2153.wav,https://dl.fbaipublicfiles.com/seamless_interaction/naturalistic/train/video/V03_S0526_I00000026_P2085.mp4,https://dl.fbaipublicfiles.com/seamless_interaction/naturalistic/train/video/V03_S0526_I00000026_P2153.mp4,https://dl.fbaipublicfiles.com/seamless_interaction/naturalistic/train/metadata/vad/V03_S0526_I00000026_P2085.jsonl,https://dl.fbaipublicfiles.com/seamless_interaction/naturalistic/train/metadata/vad/V03_S0526_I00000026_P2153.jsonl
test,train,V03_S0526_I00000030,V03,0526,00000030,ipc_conversation,naturalistic,single,stranger,stranger,V03_S0526_I00000030_P2085,V03_S0526_I00000030_P2153,P2085,P2153,https://dl.fbaipublicfiles.com/seamless_interaction/naturalistic/train/audio/V03_S0526_I00000030_P2085.wav,https://dl.fbaipublicfiles.com/seamless_interaction/naturalistic/train/audio/V03_S0526_I00000030_P2153.wav,https://dl.fbaipublicfiles.com/seamless_interaction/naturalistic/train/video/V03_S0526_I00000030_P2085.mp4,https://dl.fbaipublicfiles.com/seamless_interaction/naturalistic/train/video/V03_S0526_I00000030_P2153.mp4,https://dl.fbaipublicfiles.com/seamless_interaction/naturalistic/train/metadata/vad/V03_S0526_I00000030_P2085.jsonl,https://dl.fbaipublicfiles.com/seamless_interaction/naturalistic/train/metadata/vad/V03_S0526_I00000030_P2153.jsonl
test,train,V03_S0526_I00000031,V03,0526,00000031,ipc_conversation,naturalistic,single,stranger,stranger,V03_S0526_I00000031_P2085,V03_S0526_I00000031_P2153,P2085,P2153,https://dl.fbaipublicfiles.com/seamless_interaction/naturalistic/train/audio/V03_S0526_I00000031_P2085.wav,https://dl.fbaipublicfiles.com/seamless_interaction/naturalistic/train/audio/V03_S0526_I00000031_P2153.wav,https://dl.fbaipublicfiles.com/seamless_interaction/naturalistic/train/video/V03_S0526_I00000031_P2085.mp4,https://dl.fbaipublicfiles.com/seamless_interaction/naturalistic/train/video/V03_S0526_I00000031_P2153.mp4,https://dl.fbaipublicfiles.com/seamless_interaction/naturalistic/train/metadata/vad/V03_S0526_I00000031_P2085.jsonl,https://dl.fbaipublicfiles.com/seamless_interaction/naturalistic/train/metadata/vad/V03_S0526_I00000031_P2153.jsonl
test,train,V03_S0526_I00000039,V03,0526,00000039,ipc_conversation,naturalistic,single,stranger,stranger,V03_S0526_I00000039_P2085,V03_S0526_I00000039_P2153,P2085,P2153,https://dl.fbaipublicfiles.com/seamless_interaction/naturalistic/train/audio/V03_S0526_I00000039_P2085.wav,https://dl.fbaipublicfiles.com/seamless_interaction/naturalistic/train/audio/V03_S0526_I00000039_P2153.wav,https://dl.fbaipublicfiles.com/seamless_interaction/naturalistic/train/video/V03_S0526_I00000039_P2085.mp4,https://dl.fbaipublicfiles.com/seamless_interaction/naturalistic/train/video/V03_S0526_I00000039_P2153.mp4,https://dl.fbaipublicfiles.com/seamless_interaction/naturalistic/train/metadata/vad/V03_S0526_I00000039_P2085.jsonl,https://dl.fbaipublicfiles.com/seamless_interaction/naturalistic/train/metadata/vad/V03_S0526_I00000039_P2153.jsonl
test,train,V03_S0607_I00000106,V03,0607,00000106,ipc_conversation,naturalistic,single,stranger,stranger,V03_S0607_I00000106_P2194,V03_S0607_I00000106_P2195,P2194,P2195,https://dl.fbaipublicfiles.com/seamless_interaction/naturalistic/train/audio/V03_S0607_I00000106_P2194.wav,https://dl.fbaipublicfiles.com/seamless_interaction/naturalistic/train/audio/V03_S0607_I00000106_P2195.wav,https://dl.fbaipublicfiles.com/seamless_interaction/naturalistic/train/video/V03_S0607_I00000106_P2194.mp4,https://dl.fbaipublicfiles.com/seamless_interaction/naturalistic/train/video/V03_S0607_I00000106_P2195.mp4,https://dl.fbaipublicfiles.com/seamless_interaction/naturalistic/train/metadata/vad/V03_S0607_I00000106_P2194.jsonl,https://dl.fbaipublicfiles.com/seamless_interaction/naturalistic/train/metadata/vad/V03_S0607_I00000106_P2195.jsonl
test,train,V03_S0607_I00000114,V03,0607,00000114,ipc_conversation,naturalistic,single,stranger,stranger,V03_S0607_I00000114_P2194,V03_S0607_I00000114_P2195,P2194,P2195,https://dl.fbaipublicfiles.com/seamless_interaction/naturalistic/train/audio/V03_S0607_I00000114_P2194.wav,https://dl.fbaipublicfiles.com/seamless_interaction/naturalistic/train/audio/V03_S0607_I00000114_P2195.wav,https://dl.fbaipublicfiles.com/seamless_interaction/naturalistic/train/video/V03_S0607_I00000114_P2194.mp4,https://dl.fbaipublicfiles.com/seamless_interaction/naturalistic/train/video/V03_S0607_I00000114_P2195.mp4,https://dl.fbaipublicfiles.com/seamless_interaction/naturalistic/train/metadata/vad/V03_S0607_I00000114_P2194.jsonl,https://dl.fbaipublicfiles.com/seamless_interaction/naturalistic/train/metadata/vad/V03_S0607_I00000114_P2195.jsonl
test,train,V03_S0607_I00000123,V03,0607,00000123,ipc_conversation,naturalistic,single,stranger,stranger,V03_S0607_I00000123_P2194,V03_S0607_I00000123_P2195,P2194,P2195,https://dl.fbaipublicfiles.com/seamless_interaction/naturalistic/train/audio/V03_S0607_I00000123_P2194.wav,https://dl.fbaipublicfiles.com/seamless_interaction/naturalistic/train/audio/V03_S0607_I00000123_P2195.wav,https://dl.fbaipublicfiles.com/seamless_interaction/naturalistic/train/video/V03_S0607_I00000123_P2194.mp4,https://dl.fbaipublicfiles.com/seamless_interaction/naturalistic/train/video/V03_S0607_I00000123_P2195.mp4,https://dl.fbaipublicfiles.com/seamless_interaction/naturalistic/train/metadata/vad/V03_S0607_I00000123_P2194.jsonl,https://dl.fbaipublicfiles.com/seamless_interaction/naturalistic/train/metadata/vad/V03_S0607_I00000123_P2195.jsonl
test,train,V03_S0865_I00000162,V03,0865,00000162,ipc_conversation,naturalistic,single,stranger,stranger,V03_S0865_I00000162_P2920,V03_S0865_I00000162_P2921,P2920,P2921,https://dl.fbaipublicfiles.com/seamless_interaction/naturalistic/train/audio/V03_S0865_I00000162_P2920.wav,https://dl.fbaipublicfiles.com/seamless_interaction/naturalistic/train/audio/V03_S0865_I00000162_P2921.wav,https://dl.fbaipublicfiles.com/seamless_interaction/naturalistic/train/video/V03_S0865_I00000162_P2920.mp4,https://dl.fbaipublicfiles.com/seamless_interaction/naturalistic/train/video/V03_S0865_I00000162_P2921.mp4,https://dl.fbaipublicfiles.com/seamless_interaction/naturalistic/train/metadata/vad/V03_S0865_I00000162_P2920.jsonl,https://dl.fbaipublicfiles.com/seamless_interaction/naturalistic/train/metadata/vad/V03_S0865_I00000162_P2921.jsonl
test,train,V03_S0865_I00000164,V03,0865,00000164,ipc_conversation,naturalistic,single,stranger,stranger,V03_S0865_I00000164_P2920,V03_S0865_I00000164_P2921,P2920,P2921,https://dl.fbaipublicfiles.com/seamless_interaction/naturalistic/train/audio/V03_S0865_I00000164_P2920.wav,https://dl.fbaipublicfiles.com/seamless_interaction/naturalistic/train/audio/V03_S0865_I00000164_P2921.wav,https://dl.fbaipublicfiles.com/seamless_interaction/naturalistic/train/video/V03_S0865_I00000164_P2920.mp4,https://dl.fbaipublicfiles.com/seamless_interaction/naturalistic/train/video/V03_S0865_I00000164_P2921.mp4,https://dl.fbaipublicfiles.com/seamless_interaction/naturalistic/train/metadata/vad/V03_S0865_I00000164_P2920.jsonl,https://dl.fbaipublicfiles.com/seamless_interaction/naturalistic/train/metadata/vad/V03_S0865_I00000164_P2921.jsonl
test,train,V03_S0865_I00000169,V03,0865,00000169,ipc_conversation,naturalistic,single,stranger,stranger,V03_S0865_I00000169_P2920,V03_S0865_I00000169_P2921,P2920,P2921,https://dl.fbaipublicfiles.com/seamless_interaction/naturalistic/train/audio/V03_S0865_I00000169_P2920.wav,https://dl.fbaipublicfiles.com/seamless_interaction/naturalistic/train/audio/V03_S0865_I00000169_P2921.wav,https://dl.fbaipublicfiles.com/seamless_interaction/naturalistic/train/video/V03_S0865_I00000169_P2920.mp4,https://dl.fbaipublicfiles.com/seamless_interaction/naturalistic/train/video/V03_S0865_I00000169_P2921.mp4,https://dl.fbaipublicfiles.com/seamless_interaction/naturalistic/train/metadata/vad/V03_S0865_I00000169_P2920.jsonl,https://dl.fbaipublicfiles.com/seamless_interaction/naturalistic/train/metadata/vad/V03_S0865_I00000169_P2921.jsonl
test,train,V03_S0926_I00000072,V03,0926,00000072,ipc_conversation,naturalistic,single,stranger,stranger,V03_S0926_I00000072_P3147,V03_S0926_I00000072_P3173,P3147,P3173,https://dl.fbaipublicfiles.com/seamless_interaction/naturalistic/train/audio/V03_S0926_I00000072_P3147.wav,https://dl.fbaipublicfiles.com/seamless_interaction/naturalistic/train/audio/V03_S0926_I00000072_P3173.wav,https://dl.fbaipublicfiles.com/seamless_interaction/naturalistic/train/video/V03_S0926_I00000072_P3147.mp4,https://dl.fbaipublicfiles.com/seamless_interaction/naturalistic/train/video/V03_S0926_I00000072_P3173.mp4,https://dl.fbaipublicfiles.com/seamless_interaction/naturalistic/train/metadata/vad/V03_S0926_I00000072_P3147.jsonl,https://dl.fbaipublicfiles.com/seamless_interaction/naturalistic/train/metadata/vad/V03_S0926_I00000072_P3173.jsonl
test,train,V03_S0926_I00000075,V03,0926,00000075,ipc_conversation,naturalistic,single,stranger,stranger,V03_S0926_I00000075_P3147,V03_S0926_I00000075_P3173,P3147,P3173,https://dl.fbaipublicfiles.com/seamless_interaction/naturalistic/train/audio/V03_S0926_I00000075_P3147.wav,https://dl.fbaipublicfiles.com/seamless_interaction/naturalistic/train/audio/V03_S0926_I00000075_P3173.wav,https://dl.fbaipublicfiles.com/seamless_interaction/naturalistic/train/video/V03_S0926_I00000075_P3147.mp4,https://dl.fbaipublicfiles.com/seamless_interaction/naturalistic/train/video/V03_S0926_I00000075_P3173.mp4,https://dl.fbaipublicfiles.com/seamless_interaction/naturalistic/train/metadata/vad/V03_S0926_I00000075_P3147.jsonl,https://dl.fbaipublicfiles.com/seamless_interaction/naturalistic/train/metadata/vad/V03_S0926_I00000075_P3173.jsonl
test,train,V03_S0926_I00000078,V03,0926,00000078,ipc_conversation,naturalistic,single,stranger,stranger,V03_S0926_I00000078_P3147,V03_S0926_I00000078_P3173,P3147,P3173,https://dl.fbaipublicfiles.com/seamless_interaction/naturalistic/train/audio/V03_S0926_I00000078_P3147.wav,https://dl.fbaipublicfiles.com/seamless_interaction/naturalistic/train/audio/V03_S0926_I00000078_P3173.wav,https://dl.fbaipublicfiles.com/seamless_interaction/naturalistic/train/video/V03_S0926_I00000078_P3147.mp4,https://dl.fbaipublicfiles.com/seamless_interaction/naturalistic/train/video/V03_S0926_I00000078_P3173.mp4,https://dl.fbaipublicfiles.com/seamless_interaction/naturalistic/train/metadata/vad/V03_S0926_I00000078_P3147.jsonl,https://dl.fbaipublicfiles.com/seamless_interaction/naturalistic/train/metadata/vad/V03_S0926_I00000078_P3173.jsonl
test,train,V03_S0926_I00000081,V03,0926,00000081,ipc_conversation,naturalistic,single,stranger,stranger,V03_S0926_I00000081_P3147,V03_S0926_I00000081_P3173,P3147,P3173,https://dl.fbaipublicfiles.com/seamless_interaction/naturalistic/train/audio/V03_S0926_I00000081_P3147.wav,https://dl.fbaipublicfiles.com/seamless_interaction/naturalistic/train/audio/V03_S0926_I00000081_P3173.wav,https://dl.fbaipublicfiles.com/seamless_interaction/naturalistic/train/video/V03_S0926_I00000081_P3147.mp4,https://dl.fbaipublicfiles.com/seamless_interaction/naturalistic/train/video/V03_S0926_I00000081_P3173.mp4,https://dl.fbaipublicfiles.com/seamless_interaction/naturalistic/train/metadata/vad/V03_S0926_I00000081_P3147.jsonl,https://dl.fbaipublicfiles.com/seamless_interaction/naturalistic/train/metadata/vad/V03_S0926_I00000081_P3173.jsonl
test,train,V03_S0926_I00000088,V03,0926,00000088,collaborative_storytelling,naturalistic,single,stranger,stranger,V03_S0926_I00000088_P3147,V03_S0926_I00000088_P3173,P3147,P3173,https://dl.fbaipublicfiles.com/seamless_interaction/naturalistic/train/audio/V03_S0926_I00000088_P3147.wav,https://dl.fbaipublicfiles.com/seamless_interaction/naturalistic/train/audio/V03_S0926_I00000088_P3173.wav,https://dl.fbaipublicfiles.com/seamless_interaction/naturalistic/train/video/V03_S0926_I00000088_P3147.mp4,https://dl.fbaipublicfiles.com/seamless_interaction/naturalistic/train/video/V03_S0926_I00000088_P3173.mp4,https://dl.fbaipublicfiles.com/seamless_interaction/naturalistic/train/metadata/vad/V03_S0926_I00000088_P3147.jsonl,https://dl.fbaipublicfiles.com/seamless_interaction/naturalistic/train/metadata/vad/V03_S0926_I00000088_P3173.jsonl
test,train,V03_S1209_I00000054,V03,1209,00000054,ipc_conversation,naturalistic,single,stranger,stranger,V03_S1209_I00000054_P2747,V03_S1209_I00000054_P3749,P2747,P3749,https://dl.fbaipublicfiles.com/seamless_interaction/naturalistic/train/audio/V03_S1209_I00000054_P2747.wav,https://dl.fbaipublicfiles.com/seamless_interaction/naturalistic/train/audio/V03_S1209_I00000054_P3749.wav,https://dl.fbaipublicfiles.com/seamless_interaction/naturalistic/train/video/V03_S1209_I00000054_P2747.mp4,https://dl.fbaipublicfiles.com/seamless_interaction/naturalistic/train/video/V03_S1209_I00000054_P3749.mp4,https://dl.fbaipublicfiles.com/seamless_interaction/naturalistic/train/metadata/vad/V03_S1209_I00000054_P2747.jsonl,https://dl.fbaipublicfiles.com/seamless_interaction/naturalistic/train/metadata/vad/V03_S1209_I00000054_P3749.jsonl
test,train,V03_S1209_I00000055,V03,1209,00000055,ipc_conversation,naturalistic,single,stranger,stranger,V03_S1209_I00000055_P2747,V03_S1209_I00000055_P3749,P2747,P3749,https://dl.fbaipublicfiles.com/seamless_interaction/naturalistic/train/audio/V03_S1209_I00000055_P2747.wav,https://dl.fbaipublicfiles.com/seamless_interaction/naturalistic/train/audio/V03_S1209_I00000055_P3749.wav,https://dl.fbaipublicfiles.com/seamless_interaction/naturalistic/train/video/V03_S1209_I00000055_P2747.mp4,https://dl.fbaipublicfiles.com/seamless_interaction/naturalistic/train/video/V03_S1209_I00000055_P3749.mp4,https://dl.fbaipublicfiles.com/seamless_interaction/naturalistic/train/metadata/vad/V03_S1209_I00000055_P2747.jsonl,https://dl.fbaipublicfiles.com/seamless_interaction/naturalistic/train/metadata/vad/V03_S1209_I00000055_P3749.jsonl
test,train,V03_S1209_I00000070,V03,1209,00000070,collaborative_storytelling,naturalistic,single,stranger,stranger,V03_S1209_I00000070_P2747,V03_S1209_I00000070_P3749,P2747,P3749,https://dl.fbaipublicfiles.com/seamless_interaction/naturalistic/train/audio/V03_S1209_I00000070_P2747.wav,https://dl.fbaipublicfiles.com/seamless_interaction/naturalistic/train/audio/V03_S1209_I00000070_P3749.wav,https://dl.fbaipublicfiles.com/seamless_interaction/naturalistic/train/video/V03_S1209_I00000070_P2747.mp4,https://dl.fbaipublicfiles.com/seamless_interaction/naturalistic/train/video/V03_S1209_I00000070_P3749.mp4,https://dl.fbaipublicfiles.com/seamless_interaction/naturalistic/train/metadata/vad/V03_S1209_I00000070_P2747.jsonl,https://dl.fbaipublicfiles.com/seamless_interaction/naturalistic/train/metadata/vad/V03_S1209_I00000070_P3749.jsonl
test,train,V03_S1209_I00000453,V03,1209,00000453,ipc_conversation,naturalistic,single,stranger,stranger,V03_S1209_I00000453_P2747,V03_S1209_I00000453_P3749,P2747,P3749,https://dl.fbaipublicfiles.com/seamless_interaction/naturalistic/train/audio/V03_S1209_I00000453_P2747.wav,https://dl.fbaipublicfiles.com/seamless_interaction/naturalistic/train/audio/V03_S1209_I00000453_P3749.wav,https://dl.fbaipublicfiles.com/seamless_interaction/naturalistic/train/video/V03_S1209_I00000453_P2747.mp4,https://dl.fbaipublicfiles.com/seamless_interaction/naturalistic/train/video/V03_S1209_I00000453_P3749.mp4,https://dl.fbaipublicfiles.com/seamless_interaction/naturalistic/train/metadata/vad/V03_S1209_I00000453_P2747.jsonl,https://dl.fbaipublicfiles.com/seamless_interaction/naturalistic/train/metadata/vad/V03_S1209_I00000453_P3749.jsonl
test,train,V03_S1246_I00000056,V03,1246,00000056,ipc_conversation,naturalistic,none,stranger,stranger,V03_S1246_I00000056_P3866,V03_S1246_I00000056_P3867,P3866,P3867,https://dl.fbaipublicfiles.com/seamless_interaction/naturalistic/train/audio/V03_S1246_I00000056_P3866.wav,https://dl.fbaipublicfiles.com/seamless_interaction/naturalistic/train/audio/V03_S1246_I00000056_P3867.wav,https://dl.fbaipublicfiles.com/seamless_interaction/naturalistic/train/video/V03_S1246_I00000056_P3866.mp4,https://dl.fbaipublicfiles.com/seamless_interaction/naturalistic/train/video/V03_S1246_I00000056_P3867.mp4,https://dl.fbaipublicfiles.com/seamless_interaction/naturalistic/train/metadata/vad/V03_S1246_I00000056_P3866.jsonl,https://dl.fbaipublicfiles.com/seamless_interaction/naturalistic/train/metadata/vad/V03_S1246_I00000056_P3867.jsonl
test,train,V03_S1270_I00000059,V03,1270,00000059,ipc_conversation,naturalistic,both,stranger,stranger,V03_S1270_I00000059_P1020,V03_S1270_I00000059_P3681,P1020,P3681,https://dl.fbaipublicfiles.com/seamless_interaction/naturalistic/train/audio/V03_S1270_I00000059_P1020.wav,https://dl.fbaipublicfiles.com/seamless_interaction/naturalistic/train/audio/V03_S1270_I00000059_P3681.wav,https://dl.fbaipublicfiles.com/seamless_interaction/naturalistic/train/video/V03_S1270_I00000059_P1020.mp4,https://dl.fbaipublicfiles.com/seamless_interaction/naturalistic/train/video/V03_S1270_I00000059_P3681.mp4,https://dl.fbaipublicfiles.com/seamless_interaction/naturalistic/train/metadata/vad/V03_S1270_I00000059_P1020.jsonl,https://dl.fbaipublicfiles.com/seamless_interaction/naturalistic/train/metadata/vad/V03_S1270_I00000059_P3681.jsonl
test,train,V03_S1270_I00000068,V03,1270,00000068,ipc_conversation,naturalistic,single,stranger,stranger,V03_S1270_I00000068_P1020,V03_S1270_I00000068_P3681,P1020,P3681,https://dl.fbaipublicfiles.com/seamless_interaction/naturalistic/train/audio/V03_S1270_I00000068_P1020.wav,https://dl.fbaipublicfiles.com/seamless_interaction/naturalistic/train/audio/V03_S1270_I00000068_P3681.wav,https://dl.fbaipublicfiles.com/seamless_interaction/naturalistic/train/video/V03_S1270_I00000068_P1020.mp4,https://dl.fbaipublicfiles.com/seamless_interaction/naturalistic/train/video/V03_S1270_I00000068_P3681.mp4,https://dl.fbaipublicfiles.com/seamless_interaction/naturalistic/train/metadata/vad/V03_S1270_I00000068_P1020.jsonl,https://dl.fbaipublicfiles.com/seamless_interaction/naturalistic/train/metadata/vad/V03_S1270_I00000068_P3681.jsonl
test,train,V03_S1313_I00000105,V03,1313,00000105,ipc_conversation,naturalistic,both,stranger,stranger,V03_S1313_I00000105_P3978,V03_S1313_I00000105_P3979,P3978,P3979,https://dl.fbaipublicfiles.com/seamless_interaction/naturalistic/train/audio/V03_S1313_I00000105_P3978.wav,https://dl.fbaipublicfiles.com/seamless_interaction/naturalistic/train/audio/V03_S1313_I00000105_P3979.wav,https://dl.fbaipublicfiles.com/seamless_interaction/naturalistic/train/video/V03_S1313_I00000105_P3978.mp4,https://dl.fbaipublicfiles.com/seamless_interaction/naturalistic/train/video/V03_S1313_I00000105_P3979.mp4,https://dl.fbaipublicfiles.com/seamless_interaction/naturalistic/train/metadata/vad/V03_S1313_I00000105_P3978.jsonl,https://dl.fbaipublicfiles.com/seamless_interaction/naturalistic/train/metadata/vad/V03_S1313_I00000105_P3979.jsonl
test,train,V03_S1313_I00000106,V03,1313,00000106,ipc_conversation,naturalistic,single,stranger,stranger,V03_S1313_I00000106_P3978,V03_S1313_I00000106_P3979,P3978,P3979,https://dl.fbaipublicfiles.com/seamless_interaction/naturalistic/train/audio/V03_S1313_I00000106_P3978.wav,https://dl.fbaipublicfiles.com/seamless_interaction/naturalistic/train/audio/V03_S1313_I00000106_P3979.wav,https://dl.fbaipublicfiles.com/seamless_interaction/naturalistic/train/video/V03_S1313_I00000106_P3978.mp4,https://dl.fbaipublicfiles.com/seamless_interaction/naturalistic/train/video/V03_S1313_I00000106_P3979.mp4,https://dl.fbaipublicfiles.com/seamless_interaction/naturalistic/train/metadata/vad/V03_S1313_I00000106_P3978.jsonl,https://dl.fbaipublicfiles.com/seamless_interaction/naturalistic/train/metadata/vad/V03_S1313_I00000106_P3979.jsonl
test,train,V03_S1313_I00000107,V03,1313,00000107,ipc_conversation,naturalistic,both,stranger,stranger,V03_S1313_I00000107_P3978,V03_S1313_I00000107_P3979,P3978,P3979,https://dl.fbaipublicfiles.com/seamless_interaction/naturalistic/train/audio/V03_S1313_I00000107_P3978.wav,https://dl.fbaipublicfiles.com/seamless_interaction/naturalistic/train/audio/V03_S1313_I00000107_P3979.wav,https://dl.fbaipublicfiles.com/seamless_interaction/naturalistic/train/video/V03_S1313_I00000107_P3978.mp4,https://dl.fbaipublicfiles.com/seamless_interaction/naturalistic/train/video/V03_S1313_I00000107_P3979.mp4,https://dl.fbaipublicfiles.com/seamless_interaction/naturalistic/train/metadata/vad/V03_S1313_I00000107_P3978.jsonl,https://dl.fbaipublicfiles.com/seamless_interaction/naturalistic/train/metadata/vad/V03_S1313_I00000107_P3979.jsonl
test,train,V03_S1313_I00000110,V03,1313,00000110,ipc_conversation,naturalistic,single,stranger,stranger,V03_S1313_I00000110_P3978,V03_S1313_I00000110_P3979,P3978,P3979,https://dl.fbaipublicfiles.com/seamless_interaction/naturalistic/train/audio/V03_S1313_I00000110_P3978.wav,https://dl.fbaipublicfiles.com/seamless_interaction/naturalistic/train/audio/V03_S1313_I00000110_P3979.wav,https://dl.fbaipublicfiles.com/seamless_interaction/naturalistic/train/video/V03_S1313_I00000110_P3978.mp4,https://dl.fbaipublicfiles.com/seamless_interaction/naturalistic/train/video/V03_S1313_I00000110_P3979.mp4,https://dl.fbaipublicfiles.com/seamless_interaction/naturalistic/train/metadata/vad/V03_S1313_I00000110_P3978.jsonl,https://dl.fbaipublicfiles.com/seamless_interaction/naturalistic/train/metadata/vad/V03_S1313_I00000110_P3979.jsonl
test,train,V03_S1313_I00000111,V03,1313,00000111,ipc_conversation,naturalistic,single,stranger,stranger,V03_S1313_I00000111_P3978,V03_S1313_I00000111_P3979,P3978,P3979,https://dl.fbaipublicfiles.com/seamless_interaction/naturalistic/train/audio/V03_S1313_I00000111_P3978.wav,https://dl.fbaipublicfiles.com/seamless_interaction/naturalistic/train/audio/V03_S1313_I00000111_P3979.wav,https://dl.fbaipublicfiles.com/seamless_interaction/naturalistic/train/video/V03_S1313_I00000111_P3978.mp4,https://dl.fbaipublicfiles.com/seamless_interaction/naturalistic/train/video/V03_S1313_I00000111_P3979.mp4,https://dl.fbaipublicfiles.com/seamless_interaction/naturalistic/train/metadata/vad/V03_S1313_I00000111_P3978.jsonl,https://dl.fbaipublicfiles.com/seamless_interaction/naturalistic/train/metadata/vad/V03_S1313_I00000111_P3979.jsonl
test,train,V03_S1313_I00000112,V03,1313,00000112,ipc_conversation,naturalistic,both,stranger,stranger,V03_S1313_I00000112_P3978,V03_S1313_I00000112_P3979,P3978,P3979,https://dl.fbaipublicfiles.com/seamless_interaction/naturalistic/train/audio/V03_S1313_I00000112_P3978.wav,https://dl.fbaipublicfiles.com/seamless_interaction/naturalistic/train/audio/V03_S1313_I00000112_P3979.wav,https://dl.fbaipublicfiles.com/seamless_interaction/naturalistic/train/video/V03_S1313_I00000112_P3978.mp4,https://dl.fbaipublicfiles.com/seamless_interaction/naturalistic/train/video/V03_S1313_I00000112_P3979.mp4,https://dl.fbaipublicfiles.com/seamless_interaction/naturalistic/train/metadata/vad/V03_S1313_I00000112_P3978.jsonl,https://dl.fbaipublicfiles.com/seamless_interaction/naturalistic/train/metadata/vad/V03_S1313_I00000112_P3979.jsonl
test,train,V03_S1322_I00000110,V03,1322,00000110,ipc_conversation,naturalistic,single,stranger,stranger,V03_S1322_I00000110_P1570,V03_S1322_I00000110_P3025,P1570,P3025,https://dl.fbaipublicfiles.com/seamless_interaction/naturalistic/train/audio/V03_S1322_I00000110_P1570.wav,https://dl.fbaipublicfiles.com/seamless_interaction/naturalistic/train/audio/V03_S1322_I00000110_P3025.wav,https://dl.fbaipublicfiles.com/seamless_interaction/naturalistic/train/video/V03_S1322_I00000110_P1570.mp4,https://dl.fbaipublicfiles.com/seamless_interaction/naturalistic/train/video/V03_S1322_I00000110_P3025.mp4,https://dl.fbaipublicfiles.com/seamless_interaction/naturalistic/train/metadata/vad/V03_S1322_I00000110_P1570.jsonl,https://dl.fbaipublicfiles.com/seamless_interaction/naturalistic/train/metadata/vad/V03_S1322_I00000110_P3025.jsonl
test,train,V03_S1322_I00000119,V03,1322,00000119,ipc_conversation,naturalistic,single,stranger,stranger,V03_S1322_I00000119_P1570,V03_S1322_I00000119_P3025,P1570,P3025,https://dl.fbaipublicfiles.com/seamless_interaction/naturalistic/train/audio/V03_S1322_I00000119_P1570.wav,https://dl.fbaipublicfiles.com/seamless_interaction/naturalistic/train/audio/V03_S1322_I00000119_P3025.wav,https://dl.fbaipublicfiles.com/seamless_interaction/naturalistic/train/video/V03_S1322_I00000119_P1570.mp4,https://dl.fbaipublicfiles.com/seamless_interaction/naturalistic/train/video/V03_S1322_I00000119_P3025.mp4,https://dl.fbaipublicfiles.com/seamless_interaction/naturalistic/train/metadata/vad/V03_S1322_I00000119_P1570.jsonl,https://dl.fbaipublicfiles.com/seamless_interaction/naturalistic/train/metadata/vad/V03_S1322_I00000119_P3025.jsonl
test,train,V03_S1322_I00000121,V03,1322,00000121,collaborative_storytelling,naturalistic,single,stranger,stranger,V03_S1322_I00000121_P1570,V03_S1322_I00000121_P3025,P1570,P3025,https://dl.fbaipublicfiles.com/seamless_interaction/naturalistic/train/audio/V03_S1322_I00000121_P1570.wav,https://dl.fbaipublicfiles.com/seamless_interaction/naturalistic/train/audio/V03_S1322_I00000121_P3025.wav,https://dl.fbaipublicfiles.com/seamless_interaction/naturalistic/train/video/V03_S1322_I00000121_P1570.mp4,https://dl.fbaipublicfiles.com/seamless_interaction/naturalistic/train/video/V03_S1322_I00000121_P3025.mp4,https://dl.fbaipublicfiles.com/seamless_interaction/naturalistic/train/metadata/vad/V03_S1322_I00000121_P1570.jsonl,https://dl.fbaipublicfiles.com/seamless_interaction/naturalistic/train/metadata/vad/V03_S1322_I00000121_P3025.jsonl
test,test,V03_S1417_I00000320,V03,1417,00000320,ipc_conversation,naturalistic,none,familiar,familiar-generic,V03_S1417_I00000320_P4104,V03_S1417_I00000320_P4105,P4104,P4105,https://dl.fbaipublicfiles.com/seamless_interaction/naturalistic/test/audio/V03_S1417_I00000320_P4104.wav,https://dl.fbaipublicfiles.com/seamless_interaction/naturalistic/test/audio/V03_S1417_I00000320_P4105.wav,https://dl.fbaipublicfiles.com/seamless_interaction/naturalistic/test/video/V03_S1417_I00000320_P4104.mp4,https://dl.fbaipublicfiles.com/seamless_interaction/naturalistic/test/video/V03_S1417_I00000320_P4105.mp4,https://dl.fbaipublicfiles.com/seamless_interaction/naturalistic/test/metadata/vad/V03_S1417_I00000320_P4104.jsonl,https://dl.fbaipublicfiles.com/seamless_interaction/naturalistic/test/metadata/vad/V03_S1417_I00000320_P4105.jsonl
test,train,V03_S1631_I00000212,V03,1631,00000212,ipc_conversation,naturalistic,none,familiar,coworkers,V03_S1631_I00000212_P4034,V03_S1631_I00000212_P4480,P4034,P4480,https://dl.fbaipublicfiles.com/seamless_interaction/naturalistic/train/audio/V03_S1631_I00000212_P4034.wav,https://dl.fbaipublicfiles.com/seamless_interaction/naturalistic/train/audio/V03_S1631_I00000212_P4480.wav,https://dl.fbaipublicfiles.com/seamless_interaction/naturalistic/train/video/V03_S1631_I00000212_P4034.mp4,https://dl.fbaipublicfiles.com/seamless_interaction/naturalistic/train/video/V03_S1631_I00000212_P4480.mp4,https://dl.fbaipublicfiles.com/seamless_interaction/naturalistic/train/metadata/vad/V03_S1631_I00000212_P4034.jsonl,https://dl.fbaipublicfiles.com/seamless_interaction/naturalistic/train/metadata/vad/V03_S1631_I00000212_P4480.jsonl
test,test,V03_S1825_I00000001,V03,1825,00000001,ipc_conversation,naturalistic,none,familiar,friends,V03_S1825_I00000001_P5038,V03_S1825_I00000001_P5039,P5038,P5039,https://dl.fbaipublicfiles.com/seamless_interaction/naturalistic/test/audio/V03_S1825_I00000001_P5038.wav,https://dl.fbaipublicfiles.com/seamless_interaction/naturalistic/test/audio/V03_S1825_I00000001_P5039.wav,https://dl.fbaipublicfiles.com/seamless_interaction/naturalistic/test/video/V03_S1825_I00000001_P5038.mp4,https://dl.fbaipublicfiles.com/seamless_interaction/naturalistic/test/video/V03_S1825_I00000001_P5039.mp4,https://dl.fbaipublicfiles.com/seamless_interaction/naturalistic/test/metadata/vad/V03_S1825_I00000001_P5038.jsonl,https://dl.fbaipublicfiles.com/seamless_interaction/naturalistic/test/metadata/vad/V03_S1825_I00000001_P5039.jsonl
test,train,V03_S2083_I00000210,V03,2083,00000210,ipc_conversation,naturalistic,single,familiar,friends,V03_S2083_I00000210_P2204,V03_S2083_I00000210_P4277,P2204,P4277,https://dl.fbaipublicfiles.com/seamless_interaction/naturalistic/train/audio/V03_S2083_I00000210_P2204.wav,https://dl.fbaipublicfiles.com/seamless_interaction/naturalistic/train/audio/V03_S2083_I00000210_P4277.wav,https://dl.fbaipublicfiles.com/seamless_interaction/naturalistic/train/video/V03_S2083_I00000210_P2204.mp4,https://dl.fbaipublicfiles.com/seamless_interaction/naturalistic/train/video/V03_S2083_I00000210_P4277.mp4,https://dl.fbaipublicfiles.com/seamless_interaction/naturalistic/train/metadata/vad/V03_S2083_I00000210_P2204.jsonl,https://dl.fbaipublicfiles.com/seamless_interaction/naturalistic/train/metadata/vad/V03_S2083_I00000210_P4277.jsonl
test,train,V03_S2083_I00000213,V03,2083,00000213,ipc_conversation,naturalistic,single,familiar,friends,V03_S2083_I00000213_P2204,V03_S2083_I00000213_P4277,P2204,P4277,https://dl.fbaipublicfiles.com/seamless_interaction/naturalistic/train/audio/V03_S2083_I00000213_P2204.wav,https://dl.fbaipublicfiles.com/seamless_interaction/naturalistic/train/audio/V03_S2083_I00000213_P4277.wav,https://dl.fbaipublicfiles.com/seamless_interaction/naturalistic/train/video/V03_S2083_I00000213_P2204.mp4,https://dl.fbaipublicfiles.com/seamless_interaction/naturalistic/train/video/V03_S2083_I00000213_P4277.mp4,https://dl.fbaipublicfiles.com/seamless_interaction/naturalistic/train/metadata/vad/V03_S2083_I00000213_P2204.jsonl,https://dl.fbaipublicfiles.com/seamless_interaction/naturalistic/train/metadata/vad/V03_S2083_I00000213_P4277.jsonl
test,train,V03_S2083_I00000216,V03,2083,00000216,ipc_conversation,naturalistic,single,familiar,friends,V03_S2083_I00000216_P2204,V03_S2083_I00000216_P4277,P2204,P4277,https://dl.fbaipublicfiles.com/seamless_interaction/naturalistic/train/audio/V03_S2083_I00000216_P2204.wav,https://dl.fbaipublicfiles.com/seamless_interaction/naturalistic/train/audio/V03_S2083_I00000216_P4277.wav,https://dl.fbaipublicfiles.com/seamless_interaction/naturalistic/train/video/V03_S2083_I00000216_P2204.mp4,https://dl.fbaipublicfiles.com/seamless_interaction/naturalistic/train/video/V03_S2083_I00000216_P4277.mp4,https://dl.fbaipublicfiles.com/seamless_interaction/naturalistic/train/metadata/vad/V03_S2083_I00000216_P2204.jsonl,https://dl.fbaipublicfiles.com/seamless_interaction/naturalistic/train/metadata/vad/V03_S2083_I00000216_P4277.jsonl
test,train,V03_S2132_I00000216,V03,2132,00000216,ipc_conversation,naturalistic,none,familiar,friends,V03_S2132_I00000216_P5792,V03_S2132_I00000216_P5793,P5792,P5793,https://dl.fbaipublicfiles.com/seamless_interaction/naturalistic/train/audio/V03_S2132_I00000216_P5792.wav,https://dl.fbaipublicfiles.com/seamless_interaction/naturalistic/train/audio/V03_S2132_I00000216_P5793.wav,https://dl.fbaipublicfiles.com/seamless_interaction/naturalistic/train/video/V03_S2132_I00000216_P5792.mp4,https://dl.fbaipublicfiles.com/seamless_interaction/naturalistic/train/video/V03_S2132_I00000216_P5793.mp4,https://dl.fbaipublicfiles.com/seamless_interaction/naturalistic/train/metadata/vad/V03_S2132_I00000216_P5792.jsonl,https://dl.fbaipublicfiles.com/seamless_interaction/naturalistic/train/metadata/vad/V03_S2132_I00000216_P5793.jsonl
