split,seamless_split,interaction_id,vendor_id,session_id,prompt_hash,interaction_type,label,relationship,relationship_detail,file_id_a,file_id_b,participant_a,participant_b,audio_url_a,audio_url_b,video_url_a,video_url_b,vad_url_a,vad_url_b
train,train,V00_S0743_I00000483,V00,0743,00000483,ipc_conversation,naturalistic,stranger,stranger,V00_S0743_I00000483_P0885,V00_S0743_I00000483_P0888,P0885,P0888,https://dl.fbaipublicfiles.com/seamless_interaction/naturalistic/train/audio/V00_S0743_I00000483_P0885.wav,https://dl.fbaipublicfiles.com/seamless_interaction/naturalistic/train/audio/V00_S0743_I00000483_P0888.wav,https://dl.fbaipublicfiles.com/seamless_interaction/naturalistic/train/video/V00_S0743_I00000483_P0885.mp4,https://dl.fbaipublicfiles.com/seamless_interaction/naturalistic/train/video/V00_S0743_I00000483_P0888.mp4,https://dl.fbaipublicfiles.com/seamless_interaction/naturalistic/train/metadata/vad/V00_S0743_I00000483_P0885.jsonl,https://dl.fbaipublicfiles.com/seamless_interaction/naturalistic/train/metadata/vad/V00_S0743_I00000483_P0888.jsonl
train,train,V00_S1005_I00000249,V00,1005,00000249,ipc_conversation,naturalistic,familiar,family-generic,V00_S1005_I00000249_P1054,V00_S1005_I00000249_P1055,P1054,P1055,https://dl.fbaipublicfiles.com/seamless_interaction/naturalistic/train/audio/V00_S1005_I00000249_P1054.wav,https://dl.fbaipublicfiles.com/seamless_interaction/naturalistic/train/audio/V00_S1005_I00000249_P1055.wav,https://dl.fbaipublicfiles.com/seamless_interaction/naturalistic/train/video/V00_S1005_I00000249_P1054.mp4,https://dl.fbaipublicfiles.com/seamless_interaction/naturalistic/train/video/V00_S1005_I00000249_P1055.mp4,https://dl.fbaipublicfiles.com/seamless_interaction/naturalistic/train/metadata/vad/V00_S1005_I00000249_P1054.jsonl,https://dl.fbaipublicfiles.com/seamless_interaction/naturalistic/train/metadata/vad/V00_S1005_I00000249_P1055.jsonl
train,train,V00_S1132_I00000333,V00,1132,00000333,ipc_conversation,naturalistic,familiar,friends,V00_S1132_I00000333_P0737,V00_S1132_I00000333_P1093,P0737,P1093,https://dl.fbaipublicfiles.com/seamless_interaction/naturalistic/train/audio/V00_S1132_I00000333_P0737.wav,https://dl.fbaipublicfiles.com/seamless_interaction/naturalistic/train/audio/V00_S1132_I00000333_P1093.wav,https://dl.fbaipublicfiles.com/seamless_interaction/naturalistic/train/video/V00_S1132_I00000333_P0737.mp4,https://dl.fbaipublicfiles.com/seamless_interaction/naturalistic/train/video/V00_S1132_I00000333_P1093.mp4,https://dl.fbaipublicfiles.com/seamless_interaction/naturalistic/train/metadata/vad/V00_S1132_I00000333_P0737.jsonl,https://dl.fbaipublicfiles.com/seamless_interaction/naturalistic/train/metadata/vad/V00_S1132_I00000333_P1093.jsonl
train,train,V00_S1132_I00000334,V00,1132,00000334,ipc_conversation,naturalistic,familiar,friends,V00_S1132_I00000334_P0737,V00_S1132_I00000334_P1093,P0737,P1093,https://dl.fbaipublicfiles.com/seamless_interaction/naturalistic/train/audio/V00_S1132_I00000334_P0737.wav,https://dl.fbaipublicfiles.com/seamless_interaction/naturalistic/train/audio/V00_S1132_I00000334_P1093.wav,https://dl.fbaipublicfiles.com/seamless_interaction/naturalistic/train/video/V00_S1132_I00000334_P0737.mp4,https://dl.fbaipublicfiles.com/seamless_interaction/naturalistic/train/video/V00_S1132_I00000334_P1093.mp4,https://dl.fbaipublicfiles.com/seamless_interaction/naturalistic/train/metadata/vad/V00_S1132_I00000334_P0737.jsonl,https://dl.fbaipublicfiles.com/seamless_interaction/naturalistic/train/metadata/vad/V00_S1132_I00000334_P1093.jsonl
train,train,V00_S1132_I00000335,V00,1132,00000335,ipc_conversation,naturalistic,familiar,friends,V00_S1132_I00000335_P0737,V00_S1132_I00000335_P1093,P0737,P1093,https://dl.fbaipublicfiles.com/seamless_interaction/naturalistic/train/audio/V00_S1132_I00000335_P0737.wav,https://dl.fbaipublicfiles.com/seamless_interaction/naturalistic/train/audio/V00_S1132_I00000335_P1093.wav,https://dl.fbaipublicfiles.com/seamless_interaction/naturalistic/train/video/V00_S1132_I00000335_P0737.mp4,https://dl.fbaipublicfiles.com/seamless_interaction/naturalistic/train/video/V00_S1132_I00000335_P1093.mp4,https://dl.fbaipublicfiles.com/seamless_interaction/naturalistic/train/metadata/vad/V00_S1132_I00000335_P0737.jsonl,https://dl.fbaipublicfiles.com/seamless_interaction/naturalistic/train/metadata/vad/V00_S1132_I00000335_P1093.jsonl
train,train,V00_S1132_I00000336,V00,1132,00000336,ipc_conversation,naturalistic,familiar,friends,V00_S1132_I00000336_P0737,V00_S1132_I00000336_P1093,P0737,P1093,https://dl.fbaipublicfiles.com/seamless_interaction/naturalistic/train/audio/V00_S1132_I00000336_P0737.wav,https://dl.fbaipublicfiles.com/seamless_interaction/naturalistic/train/audio/V00_S1132_I00000336_P1093.wav,https://dl.fbaipublicfiles.com/seamless_interaction/naturalistic/train/video/V00_S1132_I00000336_P0737.mp4,https://dl.fbaipublicfiles.com/seamless_interaction/naturalistic/train/video/V00_S1132_I00000336_P1093.mp4,https://dl.fbaipublicfiles.com/seamless_interaction/naturalistic/train/metadata/vad/V00_S1132_I00000336_P0737.jsonl,https://dl.fbaipublicfiles.com/seamless_interaction/naturalistic/train/metadata/vad/V00_S1132_I00000336_P1093.jsonl
train,train,V00_S1132_I00000337,V00,1132,00000337,ipc_conversation,naturalistic,familiar,friends,V00_S1132_I00000337_P0737,V00_S1132_I00000337_P1093,P0737,P1093,https://dl.fbaipublicfiles.com/seamless_interaction/naturalistic/train/audio/V00_S1132_I00000337_P0737.wav,https://dl.fbaipublicfiles.com/seamless_interaction/naturalistic/train/audio/V00_S1132_I00000337_P1093.wav,https://dl.fbaipublicfiles.com/seamless_interaction/naturalistic/train/video/V00_S1132_I00000337_P0737.mp4,https://dl.fbaipublicfiles.com/seamless_interaction/naturalistic/train/video/V00_S1132_I00000337_P1093.mp4,https://dl.fbaipublicfiles.com/seamless_interaction/naturalistic/train/metadata/vad/V00_S1132_I00000337_P0737.jsonl,https://dl.fbaipublicfiles.com/seamless_interaction/naturalistic/train/metadata/vad/V00_S1132_I00000337_P1093.jsonl
train,train,V00_S1132_I00000338,V00,1132,00000338,ipc_conversation,naturalistic,familiar,friends,V00_S1132_I00000338_P0737,V00_S1132_I00000338_P1093,P0737,P1093,https://dl.fbaipublicfiles.com/seamless_interaction/naturalistic/train/audio/V00_S1132_I00000338_P0737.wav,https://dl.fbaipublicfiles.com/seamless_interaction/naturalistic/train/audio/V00_S1132_I00000338_P1093.wav,https://dl.fbaipublicfiles.com/seamless_interaction/naturalistic/train/video/V00_S1132_I00000338_P0737.mp4,https://dl.fbaipublicfiles.com/seamless_interaction/naturalistic/train/video/V00_S1132_I00000338_P1093.mp4,https://dl.fbaipublicfiles.com/seamless_interaction/naturalistic/train/metadata/vad/V00_S1132_I00000338_P0737.jsonl,https://dl.fbaipublicfiles.com/seamless_interaction/naturalistic/train/metadata/vad/V00_S1132_I00000338_P1093.jsonl
train,train,V00_S1132_I00000340,V00,1132,00000340,ipc_conversation,naturalistic,familiar,friends,V00_S1132_I00000340_P0737,V00_S1132_I00000340_P1093,P0737,P1093,https://dl.fbaipublicfiles.com/seamless_interaction/naturalistic/train/audio/V00_S1132_I00000340_P0737.wav,https://dl.fbaipublicfiles.com/seamless_interaction/naturalistic/train/audio/V00_S1132_I00000340_P1093.wav,https://dl.fbaipublicfiles.com/seamless_interaction/naturalistic/train/video/V00_S1132_I00000340_P0737.mp4,https://dl.fbaipublicfiles.com/seamless_interaction/naturalistic/train/video/V00_S1132_I00000340_P1093.mp4,https://dl.fbaipublicfiles.com/seamless_interaction/naturalistic/train/metadata/vad/V00_S1132_I00000340_P0737.jsonl,https://dl.fbaipublicfiles.com/seamless_interaction/naturalistic/train/metadata/vad/V00_S1132_I00000340_P1093.jsonl
train,train,V00_S1132_I00000341,V00,1132,00000341,ipc_conversation,naturalistic,familiar,friends,V00_S1132_I00000341_P0737,V00_S1132_I00000341_P1093,P0737,P1093,https://dl.fbaipublicfiles.com/seamless_interaction/naturalistic/train/audio/V00_S1132_I00000341_P0737.wav,https://dl.fbaipublicfiles.com/seamless_interaction/naturalistic/train/audio/V00_S1132_I00000341_P1093.wav,https://dl.fbaipublicfiles.com/seamless_interaction/naturalistic/train/video/V00_S1132_I00000341_P0737.mp4,https://dl.fbaipublicfiles.com/seamless_interaction/naturalistic/train/video/V00_S1132_I00000341_P1093.mp4,https://dl.fbaipublicfiles.com/seamless_interaction/naturalistic/train/metadata/vad/V00_S1132_I00000341_P0737.jsonl,https://dl.fbaipublicfiles.com/seamless_interaction/naturalistic/train/metadata/vad/V00_S1132_I00000341_P1093.jsonl
train,train,V00_S1132_I00000352,V00,1132,00000352,ipc_conversation,naturalistic,familiar,friends,V00_S1132_I00000352_P0737,V00_S1132_I00000352_P1093,P0737,P1093,https://dl.fbaipublicfiles.com/seamless_interaction/naturalistic/train/audio/V00_S1132_I00000352_P0737.wav,https://dl.fbaipublicfiles.com/seamless_interaction/naturalistic/train/audio/V00_S1132_I00000352_P1093.wav,https://dl.fbaipublicfiles.com/seamless_interaction/naturalistic/train/video/V00_S1132_I00000352_P0737.mp4,https://dl.fbaipublicfiles.com/seamless_interaction/naturalistic/train/video/V00_S1132_I00000352_P1093.mp4,https://dl.fbaipublicfiles.com/seamless_interaction/naturalistic/train/metadata/vad/V00_S1132_I00000352_P0737.jsonl,https://dl.fbaipublicfiles.com/seamless_interaction/naturalistic/train/metadata/vad/V00_S1132_I00000352_P1093.jsonl
train,train,V00_S1132_I00000354,V00,1132,00000354,ipc_conversation,naturalistic,familiar,friends,V00_S1132_I00000354_P0737,V00_S1132_I00000354_P1093,P0737,P1093,https://dl.fbaipublicfiles.com/seamless_interaction/naturalistic/train/audio/V00_S1132_I00000354_P0737.wav,https://dl.fbaipublicfiles.com/seamless_interaction/naturalistic/train/audio/V00_S1132_I00000354_P1093.wav,https://dl.fbaipublicfiles.com/seamless_interaction/naturalistic/train/video/V00_S1132_I00000354_P0737.mp4,https://dl.fbaipublicfiles.com/seamless_interaction/naturalistic/train/video/V00_S1132_I00000354_P1093.mp4,https://dl.fbaipublicfiles.com/seamless_interaction/naturalistic/train/metadata/vad/V00_S1132_I00000354_P0737.jsonl,https://dl.fbaipublicfiles.com/seamless_interaction/naturalistic/train/metadata/vad/V00_S1132_I00000354_P1093.jsonl
train,train,V00_S1132_I00000360,V00,1132,00000360,ipc_conversation,naturalistic,familiar,friends,V00_S1132_I00000360_P0737,V00_S1132_I00000360_P1093,P0737,P1093,https://dl.fbaipublicfiles.com/seamless_interaction/naturalistic/train/audio/V00_S1132_I00000360_P0737.wav,https://dl.fbaipublicfiles.com/seamless_interaction/naturalistic/train/audio/V00_S1132_I00000360_P1093.wav,https://dl.fbaipublicfiles.com/seamless_interaction/naturalistic/train/video/V00_S1132_I00000360_P0737.mp4,https://dl.fbaipublicfiles.com/seamless_interaction/naturalistic/train/video/V00_S1132_I00000360_P1093.mp4,https://dl.fbaipublicfiles.com/seamless_interaction/naturalistic/train/metadata/vad/V00_S1132_I00000360_P0737.jsonl,https://dl.fbaipublicfiles.com/seamless_interaction/naturalistic/train/metadata/vad/V00_S1132_I00000360_P1093.jsonl
train,train,V00_S1132_I00000361,V00,1132,00000361,ipc_conversation,naturalistic,familiar,friends,V00_S1132_I00000361_P0737,V00_S1132_I00000361_P1093,P0737,P1093,https://dl.fbaipublicfiles.com/seamless_interaction/naturalistic/train/audio/V00_S1132_I00000361_P0737.wav,https://dl.fbaipublicfiles.com/seamless_interaction/naturalistic/train/audio/V00_S1132_I00000361_P1093.wav,https://dl.fbaipublicfiles.com/seamless_interaction/naturalistic/train/video/V00_S1132_I00000361_P0737.mp4,https://dl.fbaipublicfiles.com/seamless_interaction/naturalistic/train/video/V00_S1132_I00000361_P1093.mp4,https://dl.fbaipublicfiles.com/seamless_interaction/naturalistic/train/metadata/vad/V00_S1132_I00000361_P0737.jsonl,https://dl.fbaipublicfiles.com/seamless_interaction/naturalistic/train/metadata/vad/V00_S1132_I00000361_P1093.jsonl
train,train,V00_S1204_I00000198,V00,1204,00000198,ipc_conversation,naturalistic,familiar,family-generic,V00_S1204_I00000198_P1109,V00_S1204_I00000198_P1110,P1109,P1110,https://dl.fbaipublicfiles.com/seamless_interaction/naturalistic/train/audio/V00_S1204_I00000198_P1109.wav,https://dl.fbaipublicfiles.com/seamless_interaction/naturalistic/train/audio/V00_S1204_I00000198_P1110.wav,https://dl.fbaipublicfiles.com/seamless_interaction/naturalistic/train/video/V00_S1204_I00000198_P1109.mp4,https://dl.fbaipublicfiles.com/seamless_interaction/naturalistic/train/video/V00_S1204_I00000198_P1110.mp4,https://dl.fbaipublicfiles.com/seamless_interaction/naturalistic/train/metadata/vad/V00_S1204_I00000198_P1109.jsonl,https://dl.fbaipublicfiles.com/seamless_interaction/naturalistic/train/metadata/vad/V00_S1204_I00000198_P1110.jsonl
train,train,V00_S1204_I00000200,V00,1204,00000200,ipc_conversation,naturalistic,familiar,family-generic,V00_S1204_I00000200_P1109,V00_S1204_I00000200_P1110,P1109,P1110,https://dl.fbaipublicfiles.com/seamless_interaction/naturalistic/train/audio/V00_S1204_I00000200_P1109.wav,https://dl.fbaipublicfiles.com/seamless_interaction/naturalistic/train/audio/V00_S1204_I00000200_P1110.wav,https://dl.fbaipublicfiles.com/seamless_interaction/naturalistic/train/video/V00_S1204_I00000200_P1109.mp4,https://dl.fbaipublicfiles.com/seamless_interaction/naturalistic/train/video/V00_S1204_I00000200_P1110.mp4,https://dl.fbaipublicfiles.com/seamless_interaction/naturalistic/train/metadata/vad/V00_S1204_I00000200_P1109.jsonl,https://dl.fbaipublicfiles.com/seamless_interaction/naturalistic/train/metadata/vad/V00_S1204_I00000200_P1110.jsonl
train,train,V00_S1204_I00000201,V00,1204,00000201,ipc_conversation,naturalistic,familiar,family-generic,V00_S1204_I00000201_P1109,V00_S1204_I00000201_P1110,P1109,P1110,https://dl.fbaipublicfiles.com/seamless_interaction/naturalistic/train/audio/V00_S1204_I00000201_P1109.wav,https://dl.fbaipublicfiles.com/seamless_interaction/naturalistic/train/audio/V00_S1204_I00000201_P1110.wav,https://dl.fbaipublicfiles.com/seamless_interaction/naturalistic/train/video/V00_S1204_I00000201_P1109.mp4,https://dl.fbaipublicfiles.com/seamless_interaction/naturalistic/train/video/V00_S1204_I00000201_P1110.mp4,https://dl.fbaipublicfiles.com/seamless_interaction/naturalistic/train/metadata/vad/V00_S1204_I00000201_P1109.jsonl,https://dl.fbaipublicfiles.com/seamless_interaction/naturalistic/train/metadata/vad/V00_S1204_I00000201_P1110.jsonl
train,train,V00_S1204_I00000202,V00,1204,00000202,ipc_conversation,naturalistic,familiar,family-generic,V00_S1204_I00000202_P1109,V00_S1204_I00000202_P1110,P1109,P1110,https://dl.fbaipublicfiles.com/seamless_interaction/naturalistic/train/audio/V00_S1204_I00000202_P1109.wav,https://dl.fbaipublicfiles.com/seamless_interaction/naturalistic/train/audio/V00_S1204_I00000202_P1110.wav,https://dl.fbaipublicfiles.com/seamless_interaction/naturalistic/train/video/V00_S1204_I00000202_P1109.mp4,https://dl.fbaipublicfiles.com/seamless_interaction/naturalistic/train/video/V00_S1204_I00000202_P1110.mp4,https://dl.fbaipublicfiles.com/seamless_interaction/naturalistic/train/metadata/vad/V00_S1204_I00000202_P1109.jsonl,https://dl.fbaipublicfiles.com/seamless_interaction/naturalistic/train/metadata/vad/V00_S1204_I00000202_P1110.jsonl
train,train,V00_S1204_I00000204,V00,1204,00000204,ipc_conversation,naturalistic,familiar,family-generic,V00_S1204_I00000204_P1109,V00_S1204_I00000204_P1110,P1109,P1110,https://dl.fbaipublicfiles.com/seamless_interaction/naturalistic/train/audio/V00_S1204_I00000204_P1109.wav,https://dl.fbaipublicfiles.com/seamless_interaction/naturalistic/train/audio/V00_S1204_I00000204_P1110.wav,https://dl.fbaipublicfiles.com/seamless_interaction/naturalistic/train/video/V00_S1204_I00000204_P1109.mp4,https://dl.fbaipublicfiles.com/seamless_interaction/naturalistic/train/video/V00_S1204_I00000204_P1110.mp4,https://dl.fbaipublicfiles.com/seamless_interaction/naturalistic/train/metadata/vad/V00_S1204_I00000204_P1109.jsonl,https://dl.fbaipublicfiles.com/seamless_interaction/naturalistic/train/metadata/vad/V00_S1204_I00000204_P1110.jsonl
train,train,V00_S1204_I00000207,V00,1204,00000207,ipc_conversation,naturalistic,familiar,family-generic,V00_S1204_I00000207_P1109,V00_S1204_I00000207_P1110,P1109,P1110,https://dl.fbaipublicfiles.com/seamless_interaction/naturalistic/train/audio/V00_S1204_I00000207_P1109.wav,https://dl.fbaipublicfiles.com/seamless_interaction/naturalistic/train/audio/V00_S1204_I00000207_P1110.wav,https://dl.fbaipublicfiles.com/seamless_interaction/naturalistic/train/video/V00_S1204_I00000207_P1109.mp4,https://dl.fbaipublicfiles.com/seamless_interaction/naturalistic/train/video/V00_S1204_I00000207_P1110.mp4,https://dl.fbaipublicfiles.com/seamless_interaction/naturalistic/train/metadata/vad/V00_S1204_I00000207_P1109.jsonl,https://dl.fbaipublicfiles.com/seamless_interaction/naturalistic/train/metadata/vad/V00_S1204_I00000207_P1110.jsonl
train,train,V00_S1204_I00000208,V00,1204,00000208,ipc_conversation,naturalistic,familiar,family-generic,V00_S1204_I00000208_P1109,V00_S1204_I00000208_P1110,P1109,P1110,https://dl.fbaipublicfiles.com/seamless_interaction/naturalistic/train/audio/V00_S1204_I00000208_P1109.wav,https://dl.fbaipublicfiles.com/seamless_interaction/naturalistic/train/audio/V00_S1204_I00000208_P1110.wav,https://dl.fbaipublicfiles.com/seamless_interaction/naturalistic/train/video/V00_S1204_I00000208_P1109.mp4,https://dl.fbaipublicfiles.com/seamless_interaction/naturalistic/train/video/V00_S1204_I00000208_P1110.mp4,https://dl.fbaipublicfiles.com/seamless_interaction/naturalistic/train/metadata/vad/V00_S1204_I00000208_P1109.jsonl,https://dl.fbaipublicfiles.com/seamless_interaction/naturalistic/train/metadata/vad/V00_S1204_I00000208_P1110.jsonl
train,train,V00_S1204_I00000209,V00,1204,00000209,ipc_conversation,naturalistic,familiar,family-generic,V00_S1204_I00000209_P1109,V00_S1204_I00000209_P1110,P1109,P1110,https://dl.fbaipublicfiles.com/seamless_interaction/naturalistic/train/audio/V00_S1204_I00000209_P1109.wav,https://dl.fbaipublicfiles.com/seamless_interaction/naturalistic/train/audio/V00_S1204_I00000209_P1110.wav,https://dl.fbaipublicfiles.com/seamless_interaction/naturalistic/train/video/V00_S1204_I00000209_P1109.mp4,https://dl.fbaipublicfiles.com/seamless_interaction/naturalistic/train/video/V00_S1204_I00000209_P1110.mp4,https://dl.fbaipublicfiles.com/seamless_interaction/naturalistic/train/metadata/vad/V00_S1204_I00000209_P1109.jsonl,https://dl.fbaipublicfiles.com/seamless_interaction/naturalistic/train/metadata/vad/V00_S1204_I00000209_P1110.jsonl
train,train,V00_S1279_I00000314,V00,1279,00000314,ipc_conversation,naturalistic,familiar,friends,V00_S1279_I00000314_P0317,V00_S1279_I00000314_P1118,P0317,P1118,https://dl.fbaipublicfiles.com/seamless_interaction/naturalistic/train/audio/V00_S1279_I00000314_P0317.wav,https://dl.fbaipublicfiles.com/seamless_interaction/naturalistic/train/audio/V00_S1279_I00000314_P1118.wav,https://dl.fbaipublicfiles.com/seamless_interaction/naturalistic/train/video/V00_S1279_I00000314_P0317.mp4,https://dl.fbaipublicfiles.com/seamless_interaction/naturalistic/train/video/V00_S1279_I00000314_P1118.mp4,https://dl.fbaipublicfiles.com/seamless_interaction/naturalistic/train/metadata/vad/V00_S1279_I00000314_P0317.jsonl,https://dl.fbaipublicfiles.com/seamless_interaction/naturalistic/train/metadata/vad/V00_S1279_I00000314_P1118.jsonl
train,train,V00_S1279_I00000315,V00,1279,00000315,ipc_conversation,naturalistic,familiar,friends,V00_S1279_I00000315_P0317,V00_S1279_I00000315_P1118,P0317,P1118,https://dl.fbaipublicfiles.com/seamless_interaction/naturalistic/train/audio/V00_S1279_I00000315_P0317.wav,https://dl.fbaipublicfiles.com/seamless_interaction/naturalistic/train/audio/V00_S1279_I00000315_P1118.wav,https://dl.fbaipublicfiles.com/seamless_interaction/naturalistic/train/video/V00_S1279_I00000315_P0317.mp4,https://dl.fbaipublicfiles.com/seamless_interaction/naturalistic/train/video/V00_S1279_I00000315_P1118.mp4,https://dl.fbaipublicfiles.com/seamless_interaction/naturalistic/train/metadata/vad/V00_S1279_I00000315_P0317.jsonl,https://dl.fbaipublicfiles.com/seamless_interaction/naturalistic/train/metadata/vad/V00_S1279_I00000315_P1118.jsonl
train,train,V00_S1279_I00000316,V00,1279,00000316,ipc_conversation,naturalistic,familiar,friends,V00_S1279_I00000316_P0317,V00_S1279_I00000316_P1118,P0317,P1118,https://dl.fbaipublicfiles.com/seamless_interaction/naturalistic/train/audio/V00_S1279_I00000316_P0317.wav,https://dl.fbaipublicfiles.com/seamless_interaction/naturalistic/train/audio/V00_S1279_I00000316_P1118.wav,https://dl.fbaipublicfiles.com/seamless_interaction/naturalistic/train/video/V00_S1279_I00000316_P0317.mp4,https://dl.fbaipublicfiles.com/seamless_interaction/naturalistic/train/video/V00_S1279_I00000316_P1118.mp4,https://dl.fbaipublicfiles.com/seamless_interaction/naturalistic/train/metadata/vad/V00_S1279_I00000316_P0317.jsonl,https://dl.fbaipublicfiles.com/seamless_interaction/naturalistic/train/metadata/vad/V00_S1279_I00000316_P1118.jsonl
train,train,V00_S1279_I00000319,V00,1279,00000319,ipc_conversation,naturalistic,familiar,friends,V00_S1279_I00000319_P0317,V00_S1279_I00000319_P1118,P0317,P1118,https://dl.fbaipublicfiles.com/seamless_interaction/naturalistic/train/audio/V00_S1279_I00000319_P0317.wav,https://dl.fbaipublicfiles.com/seamless_interaction/naturalistic/train/audio/V00_S1279_I00000319_P1118.wav,https://dl.fbaipublicfiles.com/seamless_interaction/naturalistic/train/video/V00_S1279_I00000319_P0317.mp4,https://dl.fbaipublicfiles.com/seamless_interaction/naturalistic/train/video/V00_S1279_I00000319_P1118.mp4,https://dl.fbaipublicfiles.com/seamless_interaction/naturalistic/train/metadata/vad/V00_S1279_I00000319_P0317.jsonl,https://dl.fbaipublicfiles.com/seamless_interaction/naturalistic/train/metadata/vad/V00_S1279_I00000319_P1118.jsonl
train,train,V00_S1279_I00000323,V00,1279,00000323,ipc_conversation,naturalistic,familiar,friends,V00_S1279_I00000323_P0317,V00_S1279_I00000323_P1118,P0317,P1118,https://dl.fbaipublicfiles.com/seamless_interaction/naturalistic/train/audio/V00_S1279_I00000323_P0317.wav,https://dl.fbaipublicfiles.com/seamless_interaction/naturalistic/train/audio/V00_S1279_I00000323_P1118.wav,https://dl.fbaipublicfiles.com/seamless_interaction/naturalistic/train/video/V00_S1279_I00000323_P0317.mp4,https://dl.fbaipublicfiles.com/seamless_interaction/naturalistic/train/video/V00_S1279_I00000323_P1118.mp4,https://dl.fbaipublicfiles.com/seamless_interaction/naturalistic/train/metadata/vad/V00_S1279_I00000323_P0317.jsonl,https://dl.fbaipublicfiles.com/seamless_interaction/naturalistic/train/metadata/vad/V00_S1279_I00000323_P1118.jsonl
train,train,V00_S1279_I00000324,V00,1279,00000324,ipc_conversation,naturalistic,familiar,friends,V00_S1279_I00000324_P0317,V00_S1279_I00000324_P1118,P0317,P1118,https://dl.fbaipublicfiles.com/seamless_interaction/naturalistic/train/audio/V00_S1279_I00000324_P0317.wav,https://dl.fbaipublicfiles.com/seamless_interaction/naturalistic/train/audio/V00_S1279_I00000324_P1118.wav,https://dl.fbaipublicfiles.com/seamless_interaction/naturalistic/train/video/V00_S1279_I00000324_P0317.mp4,https://dl.fbaipublicfiles.com/seamless_interaction/naturalistic/train/video/V00_S1279_I00000324_P1118.mp4,https://dl.fbaipublicfiles.com/seamless_interaction/naturalistic/train/metadata/vad/V00_S1279_I00000324_P0317.jsonl,https://dl.fbaipublicfiles.com/seamless_interaction/naturalistic/train/metadata/vad/V00_S1279_I00000324_P1118.jsonl
train,train,V00_S1279_I00000325,V00,1279,00000325,ipc_conversation,naturalistic,familiar,friends,V00_S1279_I00000325_P0317,V00_S1279_I00000325_P1118,P0317,P1118,https://dl.fbaipublicfiles.com/seamless_interaction/naturalistic/train/audio/V00_S1279_I00000325_P0317.wav,https://dl.fbaipublicfiles.com/seamless_interaction/naturalistic/train/audio/V00_S1279_I00000325_P1118.wav,https://dl.fbaipublicfiles.com/seamless_interaction/naturalistic/train/video/V00_S1279_I00000325_P0317.mp4,https://dl.fbaipublicfiles.com/seamless_interaction/naturalistic/train/video/V00_S1279_I00000325_P1118.mp4,https://dl.fbaipublicfiles.com/seamless_interaction/naturalistic/train/metadata/vad/V00_S1279_I00000325_P0317.jsonl,https://dl.fbaipublicfiles.com/seamless_interaction/naturalistic/train/metadata/vad/V00_S1279_I00000325_P1118.jsonl
train,train,V00_S1288_I00000092,V00,1288,00000092,ipc_conversation,naturalistic,familiar,friends,V00_S1288_I00000092_P0071,V00_S1288_I00000092_P1119,P0071,P1119,https://dl.fbaipublicfiles.com/seamless_interaction/naturalistic/train/audio/V00_S1288_I00000092_P0071.wav,https://dl.fbaipublicfiles.com/seamless_interaction/naturalistic/train/audio/V00_S1288_I00000092_P1119.wav,https://dl.fbaipublicfiles.com/seamless_interaction/naturalistic/train/video/V00_S1288_I00000092_P0071.mp4,https://dl.fbaipublicfiles.com/seamless_interaction/naturalistic/train/video/V00_S1288_I00000092_P1119.mp4,https://dl.fbaipublicfiles.com/seamless_interaction/naturalistic/train/metadata/vad/V00_S1288_I00000092_P0071.jsonl,https://dl.fbaipublicfiles.com/seamless_interaction/naturalistic/train/metadata/vad/V00_S1288_I00000092_P1119.jsonl
train,train,V00_S1288_I00000093,V00,1288,00000093,ipc_conversation,naturalistic,familiar,friends,V00_S1288_I00000093_P0071,V00_S1288_I00000093_P1119,P0071,P1119,https://dl.fbaipublicfiles.com/seamless_interaction/naturalistic/train/audio/V00_S1288_I00000093_P0071.wav,https://dl.fbaipublicfiles.com/seamless_interaction/naturalistic/train/audio/V00_S1288_I00000093_P1119.wav,https://dl.fbaipublicfiles.com/seamless_interaction/naturalistic/train/video/V00_S1288_I00000093_P0071.mp4,https://dl.fbaipublicfiles.com/seamless_interaction/naturalistic/train/video/V00_S1288_I00000093_P1119.mp4,https://dl.fbaipublicfiles.com/seamless_interaction/naturalistic/train/metadata/vad/V00_S1288_I00000093_P0071.jsonl,https://dl.fbaipublicfiles.com/seamless_interaction/naturalistic/train/metadata/vad/V00_S1288_I00000093_P1119.jsonl
train,train,V00_S1288_I00000094,V00,1288,00000094,ipc_conversation,naturalistic,familiar,friends,V00_S1288_I00000094_P0071,V00_S1288_I00000094_P1119,P0071,P1119,https://dl.fbaipublicfiles.com/seamless_interaction/naturalistic/train/audio/V00_S1288_I00000094_P0071.wav,https://dl.fbaipublicfiles.com/seamless_interaction/naturalistic/train/audio/V00_S1288_I00000094_P1119.wav,https://dl.fbaipublicfiles.com/seamless_interaction/naturalistic/train/video/V00_S1288_I00000094_P0071.mp4,https://dl.fbaipublicfiles.com/seamless_interaction/naturalistic/train/video/V00_S1288_I00000094_P1119.mp4,https://dl.fbaipublicfiles.com/seamless_interaction/naturalistic/train/metadata/vad/V00_S1288_I00000094_P0071.jsonl,https://dl.fbaipublicfiles.com/seamless_interaction/naturalistic/train/metadata/vad/V00_S1288_I00000094_P1119.jsonl
train,train,V00_S1288_I00000095,V00,1288,00000095,ipc_conversation,naturalistic,familiar,friends,V00_S1288_I00000095_P0071,V00_S1288_I00000095_P1119,P0071,P1119,https://dl.fbaipublicfiles.com/seamless_interaction/naturalistic/train/audio/V00_S1288_I00000095_P0071.wav,https://dl.fbaipublicfiles.com/seamless_interaction/naturalistic/train/audio/V00_S1288_I00000095_P1119.wav,https://dl.fbaipublicfiles.com/seamless_interaction/naturalistic/train/video/V00_S1288_I00000095_P0071.mp4,https://dl.fbaipublicfiles.com/seamless_interaction/naturalistic/train/video/V00_S1288_I00000095_P1119.mp4,https://dl.fbaipublicfiles.com/seamless_interaction/naturalistic/train/metadata/vad/V00_S1288_I00000095_P0071.jsonl,https://dl.fbaipublicfiles.com/seamless_interaction/naturalistic/train/metadata/vad/V00_S1288_I00000095_P1119.jsonl
train,train,V00_S1288_I00000097,V00,1288,00000097,ipc_conversation,naturalistic,familiar,friends,V00_S1288_I00000097_P0071,V00_S1288_I00000097_P1119,P0071,P1119,https://dl.fbaipublicfiles.com/seamless_interaction/naturalistic/train/audio/V00_S1288_I00000097_P0071.wav,https://dl.fbaipublicfiles.com/seamless_interaction/naturalistic/train/audio/V00_S1288_I00000097_P1119.wav,https://dl.fbaipublicfiles.com/seamless_interaction/naturalistic/train/video/V00_S1288_I00000097_P0071.mp4,https://dl.fbaipublicfiles.com/seamless_interaction/naturalistic/train/video/V00_S1288_I00000097_P1119.mp4,https://dl.fbaipublicfiles.com/seamless_interaction/naturalistic/train/metadata/vad/V00_S1288_I00000097_P0071.jsonl,https://dl.fbaipublicfiles.com/seamless_interaction/naturalistic/train/metadata/vad/V00_S1288_I00000097_P1119.jsonl
train,train,V00_S1288_I00000098,V00,1288,00000098,ipc_conversation,naturalistic,familiar,friends,V00_S1288_I00000098_P0071,V00_S1288_I00000098_P1119,P0071,P1119,https://dl.fbaipublicfiles.com/seamless_interaction/naturalistic/train/audio/V00_S1288_I00000098_P0071.wav,https://dl.fbaipublicfiles.com/seamless_interaction/naturalistic/train/audio/V00_S1288_I00000098_P1119.wav,https://dl.fbaipublicfiles.com/seamless_interaction/naturalistic/train/video/V00_S1288_I00000098_P0071.mp4,https://dl.fbaipublicfiles.com/seamless_interaction/naturalistic/train/video/V00_S1288_I00000098_P1119.mp4,https://dl.fbaipublicfiles.com/seamless_interaction/naturalistic/train/metadata/vad/V00_S1288_I00000098_P0071.jsonl,https://dl.fbaipublicfiles.com/seamless_interaction/naturalistic/train/metadata/vad/V00_S1288_I00000098_P1119.jsonl
train,train,V00_S1288_I00000099,V00,1288,00000099,ipc_conversation,naturalistic,familiar,friends,V00_S1288_I00000099_P0071,V00_S1288_I00000099_P1119,P0071,P1119,https://dl.fbaipublicfiles.com/seamless_interaction/naturalistic/train/audio/V00_S1288_I00000099_P0071.wav,https://dl.fbaipublicfiles.com/seamless_interaction/naturalistic/train/audio/V00_S1288_I00000099_P1119.wav,https://dl.fbaipublicfiles.com/seamless_interaction/naturalistic/train/video/V00_S1288_I00000099_P0071.mp4,https://dl.fbaipublicfiles.com/seamless_interaction/naturalistic/train/video/V00_S1288_I00000099_P1119.mp4,https://dl.fbaipublicfiles.com/seamless_interaction/naturalistic/train/metadata/vad/V00_S1288_I00000099_P0071.jsonl,https://dl.fbaipublicfiles.com/seamless_interaction/naturalistic/train/metadata/vad/V00_S1288_I00000099_P1119.jsonl
train,train,V00_S1288_I00000102,V00,1288,00000102,ipc_conversation,naturalistic,familiar,friends,V00_S1288_I00000102_P0071,V00_S1288_I00000102_P1119,P0071,P1119,https://dl.fbaipublicfiles.com/seamless_interaction/naturalistic/train/audio/V00_S1288_I00000102_P0071.wav,https://dl.fbaipublicfiles.com/seamless_interaction/naturalistic/train/audio/V00_S1288_I00000102_P1119.wav,https://dl.fbaipublicfiles.com/seamless_interaction/naturalistic/train/video/V00_S1288_I00000102_P0071.mp4,https://dl.fbaipublicfiles.com/seamless_interaction/naturalistic/train/video/V00_S1288_I00000102_P1119.mp4,https://dl.fbaipublicfiles.com/seamless_interaction/naturalistic/train/metadata/vad/V00_S1288_I00000102_P0071.jsonl,https://dl.fbaipublicfiles.com/seamless_interaction/naturalistic/train/metadata/vad/V00_S1288_I00000102_P1119.jsonl
train,train,V00_S1288_I00000103,V00,1288,00000103,ipc_conversation,naturalistic,familiar,friends,V00_S1288_I00000103_P0071,V00_S1288_I00000103_P1119,P0071,P1119,https://dl.fbaipublicfiles.com/seamless_interaction/naturalistic/train/audio/V00_S1288_I00000103_P0071.wav,https://dl.fbaipublicfiles.com/seamless_interaction/naturalistic/train/audio/V00_S1288_I00000103_P1119.wav,https://dl.fbaipublicfiles.com/seamless_interaction/naturalistic/train/video/V00_S1288_I00000103_P0071.mp4,https://dl.fbaipublicfiles.com/seamless_interaction/naturalistic/train/video/V00_S1288_I00000103_P1119.mp4,https://dl.fbaipublicfiles.com/seamless_interaction/naturalistic/train/metadata/vad/V00_S1288_I00000103_P0071.jsonl,https://dl.fbaipublicfiles.com/seamless_interaction/naturalistic/train/metadata/vad/V00_S1288_I00000103_P1119.jsonl
train,train,V00_S1289_I00000144,V00,1289,00000144,ipc_conversation,naturalistic,stranger,stranger,V00_S1289_I00000144_P0709,V00_S1289_I00000144_P1120,P0709,P1120,https://dl.fbaipublicfiles.com/seamless_interaction/naturalistic/train/audio/V00_S1289_I00000144_P0709.wav,https://dl.fbaipublicfiles.com/seamless_interaction/naturalistic/train/audio/V00_S1289_I00000144_P1120.wav,https://dl.fbaipublicfiles.com/seamless_interaction/naturalistic/train/video/V00_S1289_I00000144_P0709.mp4,https://dl.fbaipublicfiles.com/seamless_interaction/naturalistic/train/video/V00_S1289_I00000144_P1120.mp4,https://dl.fbaipublicfiles.com/seamless_interaction/naturalistic/train/metadata/vad/V00_S1289_I00000144_P0709.jsonl,https://dl.fbaipublicfiles.com/seamless_interaction/naturalistic/train/metadata/vad/V00_S1289_I00000144_P1120.jsonl
train,train,V00_S1289_I00000146,V00,1289,00000146,ipc_conversation,naturalistic,stranger,stranger,V00_S1289_I00000146_P0709,V00_S1289_I00000146_P1120,P0709,P1120,https://dl.fbaipublicfiles.com/seamless_interaction/naturalistic/train/audio/V00_S1289_I00000146_P0709.wav,https://dl.fbaipublicfiles.com/seamless_interaction/naturalistic/train/audio/V00_S1289_I00000146_P1120.wav,https://dl.fbaipublicfiles.com/seamless_interaction/naturalistic/train/video/V00_S1289_I00000146_P0709.mp4,https://dl.fbaipublicfiles.com/seamless_interaction/naturalistic/train/video/V00_S1289_I00000146_P1120.mp4,https://dl.fbaipublicfiles.com/seamless_interaction/naturalistic/train/metadata/vad/V00_S1289_I00000146_P0709.jsonl,https://dl.fbaipublicfiles.com/seamless_interaction/naturalistic/train/metadata/vad/V00_S1289_I00000146_P1120.jsonl
train,train,V00_S1289_I00000147,V00,1289,00000147,ipc_conversation,naturalistic,stranger,stranger,V00_S1289_I00000147_P0709,V00_S1289_I00000147_P1120,P0709,P1120,https://dl.fbaipublicfiles.com/seamless_interaction/naturalistic/train/audio/V00_S1289_I00000147_P0709.wav,https://dl.fbaipublicfiles.com/seamless_interaction/naturalistic/train/audio/V00_S1289_I00000147_P1120.wav,https://dl.fbaipublicfiles.com/seamless_interaction/naturalistic/train/video/V00_S1289_I00000147_P0709.mp4,https://dl.fbaipublicfiles.com/seamless_interaction/naturalistic/train/video/V00_S1289_I00000147_P1120.mp4,https://dl.fbaipublicfiles.com/seamless_interaction/naturalistic/train/metadata/vad/V00_S1289_I00000147_P0709.jsonl,https://dl.fbaipublicfiles.com/seamless_interaction/naturalistic/train/metadata/vad/V00_S1289_I00000147_P1120.jsonl
train,train,V00_S1289_I00000149,V00,1289,00000149,ipc_conversation,naturalistic,stranger,stranger,V00_S1289_I00000149_P0709,V00_S1289_I00000149_P1120,P0709,P1120,https://dl.fbaipublicfiles.com/seamless_interaction/naturalistic/train/audio/V00_S1289_I00000149_P0709.wav,https://dl.fbaipublicfiles.com/seamless_interaction/naturalistic/train/audio/V00_S1289_I00000149_P1120.wav,https://dl.fbaipublicfiles.com/seamless_interaction/naturalistic/train/video/V00_S1289_I00000149_P0709.mp4,https://dl.fbaipublicfiles.com/seamless_interaction/naturalistic/train/video/V00_S1289_I00000149_P1120.mp4,https://dl.fbaipublicfiles.com/seamless_interaction/naturalistic/train/metadata/vad/V00_S1289_I00000149_P0709.jsonl,https://dl.fbaipublicfiles.com/seamless_interaction/naturalistic/train/metadata/vad/V00_S1289_I00000149_P1120.jsonl
train,train,V00_S1289_I00000150,V00,1289,00000150,ipc_conversation,naturalistic,stranger,stranger,V00_S1289_I00000150_P0709,V00_S1289_I00000150_P1120,P0709,P1120,https://dl.fbaipublicfiles.com/seamless_interaction/naturalistic/train/audio/V00_S1289_I00000150_P0709.wav,https://dl.fbaipublicfiles.com/seamless_interaction/naturalistic/train/audio/V00_S1289_I00000150_P1120.wav,https://dl.fbaipublicfiles.com/seamless_interaction/naturalistic/train/video/V00_S1289_I00000150_P0709.mp4,https://dl.fbaipublicfiles.com/seamless_interaction/naturalistic/train/video/V00_S1289_I00000150_P1120.mp4,https://dl.fbaipublicfiles.com/seamless_interaction/naturalistic/train/metadata/vad/V00_S1289_I00000150_P0709.jsonl,https://dl.fbaipublicfiles.com/seamless_interaction/naturalistic/train/metadata/vad/V00_S1289_I00000150_P1120.jsonl
train,train,V00_S1289_I00000152,V00,1289,00000152,ipc_conversation,naturalistic,stranger,stranger,V00_S1289_I00000152_P0709,V00_S1289_I00000152_P1120,P0709,P1120,https://dl.fbaipublicfiles.com/seamless_interaction/naturalistic/train/audio/V00_S1289_I00000152_P0709.wav,https://dl.fbaipublicfiles.com/seamless_interaction/naturalistic/train/audio/V00_S1289_I00000152_P1120.wav,https://dl.fbaipublicfiles.com/seamless_interaction/naturalistic/train/video/V00_S1289_I00000152_P0709.mp4,https://dl.fbaipublicfiles.com/seamless_interaction/naturalistic/train/video/V00_S1289_I00000152_P1120.mp4,https://dl.fbaipublicfiles.com/seamless_interaction/naturalistic/train/metadata/vad/V00_S1289_I00000152_P0709.jsonl,https://dl.fbaipublicfiles.com/seamless_interaction/naturalistic/train/metadata/vad/V00_S1289_I00000152_P1120.jsonl
train,train,V00_S1289_I00000153,V00,1289,00000153,ipc_conversation,naturalistic,stranger,stranger,V00_S1289_I00000153_P0709,V00_S1289_I00000153_P1120,P0709,P1120,https://dl.fbaipublicfiles.com/seamless_interaction/naturalistic/train/audio/V00_S1289_I00000153_P0709.wav,https://dl.fbaipublicfiles.com/seamless_interaction/naturalistic/train/audio/V00_S1289_I00000153_P1120.wav,https://dl.fbaipublicfiles.com/seamless_interaction/naturalistic/train/video/V00_S1289_I00000153_P0709.mp4,https://dl.fbaipublicfiles.com/seamless_interaction/naturalistic/train/video/V00_S1289_I00000153_P1120.mp4,https://dl.fbaipublicfiles.com/seamless_interaction/naturalistic/train/metadata/vad/V00_S1289_I00000153_P0709.jsonl,https://dl.fbaipublicfiles.com/seamless_interaction/naturalistic/train/metadata/vad/V00_S1289_I00000153_P1120.jsonl
train,train,V00_S1289_I00000154,V00,1289,00000154,ipc_conversation,naturalistic,stranger,stranger,V00_S1289_I00000154_P0709,V00_S1289_I00000154_P1120,P0709,P1120,https://dl.fbaipublicfiles.com/seamless_interaction/naturalistic/train/audio/V00_S1289_I00000154_P0709.wav,https://dl.fbaipublicfiles.com/seamless_interaction/naturalistic/train/audio/V00_S1289_I00000154_P1120.wav,https://dl.fbaipublicfiles.com/seamless_interaction/naturalistic/train/video/V00_S1289_I00000154_P0709.mp4,https://dl.fbaipublicfiles.com/seamless_interaction/naturalistic/train/video/V00_S1289_I00000154_P1120.mp4,https://dl.fbaipublicfiles.com/seamless_interaction/naturalistic/train/metadata/vad/V00_S1289_I00000154_P0709.jsonl,https://dl.fbaipublicfiles.com/seamless_interaction/naturalistic/train/metadata/vad/V00_S1289_I00000154_P1120.jsonl
train,train,V00_S1289_I00000157,V00,1289,00000157,ipc_conversation,naturalistic,stranger,stranger,V00_S1289_I00000157_P0709,V00_S1289_I00000157_P1120,P0709,P1120,https://dl.fbaipublicfiles.com/seamless_interaction/naturalistic/train/audio/V00_S1289_I00000157_P0709.wav,https://dl.fbaipublicfiles.com/seamless_interaction/naturalistic/train/audio/V00_S1289_I00000157_P1120.wav,https://dl.fbaipublicfiles.com/seamless_interaction/naturalistic/train/video/V00_S1289_I00000157_P0709.mp4,https://dl.fbaipublicfiles.com/seamless_interaction/naturalistic/train/video/V00_S1289_I00000157_P1120.mp4,https://dl.fbaipublicfiles.com/seamless_interaction/naturalistic/train/metadata/vad/V00_S1289_I00000157_P0709.jsonl,https://dl.fbaipublicfiles.com/seamless_interaction/naturalistic/train/metadata/vad/V00_S1289_I00000157_P1120.jsonl
train,train,V00_S1291_I00000000,V00,1291,00000000,ipc_conversation,naturalistic,familiar,friends,V00_S1291_I00000000_P0430,V00_S1291_I00000000_P1121,P0430,P1121,https://dl.fbaipublicfiles.com/seamless_interaction/naturalistic/train/audio/V00_S1291_I00000000_P0430.wav,https://dl.fbaipublicfiles.com/seamless_interaction/naturalistic/train/audio/V00_S1291_I00000000_P1121.wav,https://dl.fbaipublicfiles.com/seamless_interaction/naturalistic/train/video/V00_S1291_I00000000_P0430.mp4,https://dl.fbaipublicfiles.com/seamless_interaction/naturalistic/train/video/V00_S1291_I00000000_P1121.mp4,https://dl.fbaipublicfiles.com/seamless_interaction/naturalistic/train/metadata/vad/V00_S1291_I00000000_P0430.jsonl,https://dl.fbaipublicfiles.com/seamless_interaction/naturalistic/train/metadata/vad/V00_S1291_I00000000_P1121.jsonl
train,train,V00_S1291_I00000001,V00,1291,00000001,ipc_conversation,naturalistic,familiar,friends,V00_S1291_I00000001_P0430,V00_S1291_I00000001_P1121,P0430,P1121,https://dl.fbaipublicfiles.com/seamless_interaction/naturalistic/train/audio/V00_S1291_I00000001_P0430.wav,https://dl.fbaipublicfiles.com/seamless_interaction/naturalistic/train/audio/V00_S1291_I00000001_P1121.wav,https://dl.fbaipublicfiles.com/seamless_interaction/naturalistic/train/video/V00_S1291_I00000001_P0430.mp4,https://dl.fbaipublicfiles.com/seamless_interaction/naturalistic/train/video/V00_S1291_I00000001_P1121.mp4,https://dl.fbaipublicfiles.com/seamless_interaction/naturalistic/train/metadata/vad/V00_S1291_I00000001_P0430.jsonl,https://dl.fbaipublicfiles.com/seamless_interaction/naturalistic/train/metadata/vad/V00_S1291_I00000001_P1121.jsonl
train,train,V00_S1291_I00000002,V00,1291,00000002,ipc_conversation,naturalistic,familiar,friends,V00_S1291_I00000002_P0430,V00_S1291_I00000002_P1121,P0430,P1121,https://dl.fbaipublicfiles.com/seamless_interaction/naturalistic/train/audio/V00_S1291_I00000002_P0430.wav,https://dl.fbaipublicfiles.com/seamless_interaction/naturalistic/train/audio/V00_S1291_I00000002_P1121.wav,https://dl.fbaipublicfiles.com/seamless_interaction/naturalistic/train/video/V00_S1291_I00000002_P0430.mp4,https://dl.fbaipublicfiles.com/seamless_interaction/naturalistic/train/video/V00_S1291_I00000002_P1121.mp4,https://dl.fbaipublicfiles.com/seamless_interaction/naturalistic/train/metadata/vad/V00_S1291_I00000002_P0430.jsonl,https://dl.fbaipublicfiles.com/seamless_interaction/naturalistic/train/metadata/vad/V00_S1291_I00000002_P1121.jsonl
train,train,V00_S1291_I00000003,V00,1291,00000003,ipc_conversation,naturalistic,familiar,friends,V00_S1291_I00000003_P0430,V00_S1291_I00000003_P1121,P0430,P1121,https://dl.fbaipublicfiles.com/seamless_interaction/naturalistic/train/audio/V00_S1291_I00000003_P0430.wav,https://dl.fbaipublicfiles.com/seamless_interaction/naturalistic/train/audio/V00_S1291_I00000003_P1121.wav,https://dl.fbaipublicfiles.com/seamless_interaction/naturalistic/train/video/V00_S1291_I00000003_P0430.mp4,https://dl.fbaipublicfiles.com/seamless_interaction/naturalistic/train/video/V00_S1291_I00000003_P1121.mp4,https://dl.fbaipublicfiles.com/seamless_interaction/naturalistic/train/metadata/vad/V00_S1291_I00000003_P0430.jsonl,https://dl.fbaipublicfiles.com/seamless_interaction/naturalistic/train/metadata/vad/V00_S1291_I00000003_P1121.jsonl
train,train,V00_S1291_I00000006,V00,1291,00000006,ipc_conversation,naturalistic,familiar,friends,V00_S1291_I00000006_P0430,V00_S1291_I00000006_P1121,P0430,P1121,https://dl.fbaipublicfiles.com/seamless_interaction/naturalistic/train/audio/V00_S1291_I00000006_P0430.wav,https://dl.fbaipublicfiles.com/seamless_interaction/naturalistic/train/audio/V00_S1291_I00000006_P1121.wav,https://dl.fbaipublicfiles.com/seamless_interaction/naturalistic/train/video/V00_S1291_I00000006_P0430.mp4,https://dl.fbaipublicfiles.com/seamless_interaction/naturalistic/train/video/V00_S1291_I00000006_P1121.mp4,https://dl.fbaipublicfiles.com/seamless_interaction/naturalistic/train/metadata/vad/V00_S1291_I00000006_P0430.jsonl,https://dl.fbaipublicfiles.com/seamless_interaction/naturalistic/train/metadata/vad/V00_S1291_I00000006_P1121.jsonl
train,train,V00_S1291_I00000007,V00,1291,00000007,ipc_conversation,naturalistic,familiar,friends,V00_S1291_I00000007_P0430,V00_S1291_I00000007_P1121,P0430,P1121,https://dl.fbaipublicfiles.com/seamless_interaction/naturalistic/train/audio/V00_S1291_I00000007_P0430.wav,https://dl.fbaipublicfiles.com/seamless_interaction/naturalistic/train/audio/V00_S1291_I00000007_P1121.wav,https://dl.fbaipublicfiles.com/seamless_interaction/naturalistic/train/video/V00_S1291_I00000007_P0430.mp4,https://dl.fbaipublicfiles.com/seamless_interaction/naturalistic/train/video/V00_S1291_I00000007_P1121.mp4,https://dl.fbaipublicfiles.com/seamless_interaction/naturalistic/train/metadata/vad/V00_S1291_I00000007_P0430.jsonl,https://dl.fbaipublicfiles.com/seamless_interaction/naturalistic/train/metadata/vad/V00_S1291_I00000007_P1121.jsonl
train,train,V00_S1291_I00000008,V00,1291,00000008,ipc_conversation,naturalistic,familiar,friends,V00_S1291_I00000008_P0430,V00_S1291_I00000008_P1121,P0430,P1121,https://dl.fbaipublicfiles.com/seamless_interaction/naturalistic/train/audio/V00_S1291_I00000008_P0430.wav,https://dl.fbaipublicfiles.com/seamless_interaction/naturalistic/train/audio/V00_S1291_I00000008_P1121.wav,https://dl.fbaipublicfiles.com/seamless_interaction/naturalistic/train/video/V00_S1291_I00000008_P0430.mp4,https://dl.fbaipublicfiles.com/seamless_interaction/naturalistic/train/video/V00_S1291_I00000008_P1121.mp4,https://dl.fbaipublicfiles.com/seamless_interaction/naturalistic/train/metadata/vad/V00_S1291_I00000008_P0430.jsonl,https://dl.fbaipublicfiles.com/seamless_interaction/naturalistic/train/metadata/vad/V00_S1291_I00000008_P1121.jsonl
train,train,V00_S1291_I00000009,V00,1291,00000009,ipc_conversation,naturalistic,familiar,friends,V00_S1291_I00000009_P0430,V00_S1291_I00000009_P1121,P0430,P1121,https://dl.fbaipublicfiles.com/seamless_interaction/naturalistic/train/audio/V00_S1291_I00000009_P0430.wav,https://dl.fbaipublicfiles.com/seamless_interaction/naturalistic/train/audio/V00_S1291_I00000009_P1121.wav,https://dl.fbaipublicfiles.com/seamless_interaction/naturalistic/train/video/V00_S1291_I00000009_P0430.mp4,https://dl.fbaipublicfiles.com/seamless_interaction/naturalistic/train/video/V00_S1291_I00000009_P1121.mp4,https://dl.fbaipublicfiles.com/seamless_interaction/naturalistic/train/metadata/vad/V00_S1291_I00000009_P0430.jsonl,https://dl.fbaipublicfiles.com/seamless_interaction/naturalistic/train/metadata/vad/V00_S1291_I00000009_P1121.jsonl
train,train,V02_S3160_I00000501,V02,3160,00000501,ipc_conversation,naturalistic,familiar,friends,V02_S3160_I00000501_P4089,V02_S3160_I00000501_P4090,P4089,P4090,https://dl.fbaipublicfiles.com/seamless_interaction/naturalistic/train/audio/V02_S3160_I00000501_P4089.wav,https://dl.fbaipublicfiles.com/seamless_interaction/naturalistic/train/audio/V02_S3160_I00000501_P4090.wav,https://dl.fbaipublicfiles.com/seamless_interaction/naturalistic/train/video/V02_S3160_I00000501_P4089.mp4,https://dl.fbaipublicfiles.com/seamless_interaction/naturalistic/train/video/V02_S3160_I00000501_P4090.mp4,https://dl.fbaipublicfiles.com/seamless_interaction/naturalistic/train/metadata/vad/V02_S3160_I00000501_P4089.jsonl,https://dl.fbaipublicfiles.com/seamless_interaction/naturalistic/train/metadata/vad/V02_S3160_I00000501_P4090.jsonl
train,train,V02_S3227_I00000514,V02,3227,00000514,ipc_conversation,naturalistic,familiar,friends,V02_S3227_I00000514_P4078,V02_S3227_I00000514_P4123,P4078,P4123,https://dl.fbaipublicfiles.com/seamless_interaction/naturalistic/train/audio/V02_S3227_I00000514_P4078.wav,https://dl.fbaipublicfiles.com/seamless_interaction/naturalistic/train/audio/V02_S3227_I00000514_P4123.wav,https://dl.fbaipublicfiles.com/seamless_interaction/naturalistic/train/video/V02_S3227_I00000514_P4078.mp4,https://dl.fbaipublicfiles.com/seamless_interaction/naturalistic/train/video/V02_S3227_I00000514_P4123.mp4,https://dl.fbaipublicfiles.com/seamless_interaction/naturalistic/train/metadata/vad/V02_S3227_I00000514_P4078.jsonl,https://dl.fbaipublicfiles.com/seamless_interaction/naturalistic/train/metadata/vad/V02_S3227_I00000514_P4123.jsonl
train,train,V02_S5099_I00000215,V02,5099,00000215,ipc_conversation,naturalistic,familiar,friends,V02_S5099_I00000215_P5071,V02_S5099_I00000215_P5123,P5071,P5123,https://dl.fbaipublicfiles.com/seamless_interaction/naturalistic/train/audio/V02_S5099_I00000215_P5071.wav,https://dl.fbaipublicfiles.com/seamless_interaction/naturalistic/train/audio/V02_S5099_I00000215_P5123.wav,https://dl.fbaipublicfiles.com/seamless_interaction/naturalistic/train/video/V02_S5099_I00000215_P5071.mp4,https://dl.fbaipublicfiles.com/seamless_interaction/naturalistic/train/video/V02_S5099_I00000215_P5123.mp4,https://dl.fbaipublicfiles.com/seamless_interaction/naturalistic/train/metadata/vad/V02_S5099_I00000215_P5071.jsonl,https://dl.fbaipublicfiles.com/seamless_interaction/naturalistic/train/metadata/vad/V02_S5099_I00000215_P5123.jsonl
train,train,V03_S0132_I00000125,V03,0132,00000125,ipc_conversation,naturalistic,stranger,stranger,V03_S0132_I00000125_P1274,V03_S0132_I00000125_P1288,P1274,P1288,https://dl.fbaipublicfiles.com/seamless_interaction/naturalistic/train/audio/V03_S0132_I00000125_P1274.wav,https://dl.fbaipublicfiles.com/seamless_interaction/naturalistic/train/audio/V03_S0132_I00000125_P1288.wav,https://dl.fbaipublicfiles.com/seamless_interaction/naturalistic/train/video/V03_S0132_I00000125_P1274.mp4,https://dl.fbaipublicfiles.com/seamless_interaction/naturalistic/train/video/V03_S0132_I00000125_P1288.mp4,https://dl.fbaipublicfiles.com/seamless_interaction/naturalistic/train/metadata/vad/V03_S0132_I00000125_P1274.jsonl,https://dl.fbaipublicfiles.com/seamless_interaction/naturalistic/train/metadata/vad/V03_S0132_I00000125_P1288.jsonl
train,train,V03_S0132_I00000127,V03,0132,00000127,ipc_conversation,naturalistic,stranger,stranger,V03_S0132_I00000127_P1274,V03_S0132_I00000127_P1288,P1274,P1288,https://dl.fbaipublicfiles.com/seamless_interaction/naturalistic/train/audio/V03_S0132_I00000127_P1274.wav,https://dl.fbaipublicfiles.com/seamless_interaction/naturalistic/train/audio/V03_S0132_I00000127_P1288.wav,https://dl.fbaipublicfiles.com/seamless_interaction/naturalistic/train/video/V03_S0132_I00000127_P1274.mp4,https://dl.fbaipublicfiles.com/seamless_interaction/naturalistic/train/video/V03_S0132_I00000127_P1288.mp4,https://dl.fbaipublicfiles.com/seamless_interaction/naturalistic/train/metadata/vad/V03_S0132_I00000127_P1274.jsonl,https://dl.fbaipublicfiles.com/seamless_interaction/naturalistic/train/metadata/vad/V03_S0132_I00000127_P1288.jsonl
train,train,V03_S0132_I00000130,V03,0132,00000130,ipc_conversation,naturalistic,stranger,stranger,V03_S0132_I00000130_P1274,V03_S0132_I00000130_P1288,P1274,P1288,https://dl.fbaipublicfiles.com/seamless_interaction/naturalistic/train/audio/V03_S0132_I00000130_P1274.wav,https://dl.fbaipublicfiles.com/seamless_interaction/naturalistic/train/audio/V03_S0132_I00000130_P1288.wav,https://dl.fbaipublicfiles.com/seamless_interaction/naturalistic/train/video/V03_S0132_I00000130_P1274.mp4,https://dl.fbaipublicfiles.com/seamless_interaction/naturalistic/train/video/V03_S0132_I00000130_P1288.mp4,https://dl.fbaipublicfiles.com/seamless_interaction/naturalistic/train/metadata/vad/V03_S0132_I00000130_P1274.jsonl,https://dl.fbaipublicfiles.com/seamless_interaction/naturalistic/train/metadata/vad/V03_S0132_I00000130_P1288.jsonl
train,train,V03_S0132_I00000131,V03,0132,00000131,ipc_conversation,naturalistic,stranger,stranger,V03_S0132_I00000131_P1274,V03_S0132_I00000131_P1288,P1274,P1288,https://dl.fbaipublicfiles.com/seamless_interaction/naturalistic/train/audio/V03_S0132_I00000131_P1274.wav,https://dl.fbaipublicfiles.com/seamless_interaction/naturalistic/train/audio/V03_S0132_I00000131_P1288.wav,https://dl.fbaipublicfiles.com/seamless_interaction/naturalistic/train/video/V03_S0132_I00000131_P1274.mp4,https://dl.fbaipublicfiles.com/seamless_interaction/naturalistic/train/video/V03_S0132_I00000131_P1288.mp4,https://dl.fbaipublicfiles.com/seamless_interaction/naturalistic/train/metadata/vad/V03_S0132_I00000131_P1274.jsonl,https://dl.fbaipublicfiles.com/seamless_interaction/naturalistic/train/metadata/vad/V03_S0132_I00000131_P1288.jsonl
train,train,V03_S0132_I00000134,V03,0132,00000134,ipc_conversation,naturalistic,stranger,stranger,V03_S0132_I00000134_P1274,V03_S0132_I00000134_P1288,P1274,P1288,https://dl.fbaipublicfiles.com/seamless_interaction/naturalistic/train/audio/V03_S0132_I00000134_P1274.wav,https://dl.fbaipublicfiles.com/seamless_interaction/naturalistic/train/audio/V03_S0132_I00000134_P1288.wav,https://dl.fbaipublicfiles.com/seamless_interaction/naturalistic/train/video/V03_S0132_I00000134_P1274.mp4,https://dl.fbaipublicfiles.com/seamless_interaction/naturalistic/train/video/V03_S0132_I00000134_P1288.mp4,https://dl.fbaipublicfiles.com/seamless_interaction/naturalistic/train/metadata/vad/V03_S0132_I00000134_P1274.jsonl,https://dl.fbaipublicfiles.com/seamless_interaction/naturalistic/train/metadata/vad/V03_S0132_I00000134_P1288.jsonl
train,train,V03_S0132_I00000138,V03,0132,00000138,ipc_conversation,naturalistic,stranger,stranger,V03_S0132_I00000138_P1274,V03_S0132_I00000138_P1288,P1274,P1288,https://dl.fbaipublicfiles.com/seamless_interaction/naturalistic/train/audio/V03_S0132_I00000138_P1274.wav,https://dl.fbaipublicfiles.com/seamless_interaction/naturalistic/train/audio/V03_S0132_I00000138_P1288.wav,https://dl.fbaipublicfiles.com/seamless_interaction/naturalistic/train/video/V03_S0132_I00000138_P1274.mp4,https://dl.fbaipublicfiles.com/seamless_interaction/naturalistic/train/video/V03_S0132_I00000138_P1288.mp4,https://dl.fbaipublicfiles.com/seamless_interaction/naturalistic/train/metadata/vad/V03_S0132_I00000138_P1274.jsonl,https://dl.fbaipublicfiles.com/seamless_interaction/naturalistic/train/metadata/vad/V03_S0132_I00000138_P1288.jsonl
train,train,V03_S0132_I00000140,V03,0132,00000140,ipc_conversation,naturalistic,stranger,stranger,V03_S0132_I00000140_P1274,V03_S0132_I00000140_P1288,P1274,P1288,https://dl.fbaipublicfiles.com/seamless_interaction/naturalistic/train/audio/V03_S0132_I00000140_P1274.wav,https://dl.fbaipublicfiles.com/seamless_interaction/naturalistic/train/audio/V03_S0132_I00000140_P1288.wav,https://dl.fbaipublicfiles.com/seamless_interaction/naturalistic/train/video/V03_S0132_I00000140_P1274.mp4,https://dl.fbaipublicfiles.com/seamless_interaction/naturalistic/train/video/V03_S0132_I00000140_P1288.mp4,https://dl.fbaipublicfiles.com/seamless_interaction/naturalistic/train/metadata/vad/V03_S0132_I00000140_P1274.jsonl,https://dl.fbaipublicfiles.com/seamless_interaction/naturalistic/train/metadata/vad/V03_S0132_I00000140_P1288.jsonl
train,train,V03_S0132_I00000307,V03,0132,00000307,ipc_conversation,naturalistic,stranger,stranger,V03_S0132_I00000307_P1274,V03_S0132_I00000307_P1288,P1274,P1288,https://dl.fbaipublicfiles.com/seamless_interaction/naturalistic/train/audio/V03_S0132_I00000307_P1274.wav,https://dl.fbaipublicfiles.com/seamless_interaction/naturalistic/train/audio/V03_S0132_I00000307_P1288.wav,https://dl.fbaipublicfiles.com/seamless_interaction/naturalistic/train/video/V03_S0132_I00000307_P1274.mp4,https://dl.fbaipublicfiles.com/seamless_interaction/naturalistic/train/video/V03_S0132_I00000307_P1288.mp4,https://dl.fbaipublicfiles.com/seamless_interaction/naturalistic/train/metadata/vad/V03_S0132_I00000307_P1274.jsonl,https://dl.fbaipublicfiles.com/seamless_interaction/naturalistic/train/metadata/vad/V03_S0132_I00000307_P1288.jsonl
train,train,V03_S0134_I00000128,V03,0134,00000128,ipc_conversation,naturalistic,stranger,stranger,V03_S0134_I00000128_P1288,V03_S0134_I00000128_P1293,P1288,P1293,https://dl.fbaipublicfiles.com/seamless_interaction/naturalistic/train/audio/V03_S0134_I00000128_P1288.wav,https://dl.fbaipublicfiles.com/seamless_interaction/naturalistic/train/audio/V03_S0134_I00000128_P1293.wav,https://dl.fbaipublicfiles.com/seamless_interaction/naturalistic/train/video/V03_S0134_I00000128_P1288.mp4,https://dl.fbaipublicfiles.com/seamless_interaction/naturalistic/train/video/V03_S0134_I00000128_P1293.mp4,https://dl.fbaipublicfiles.com/seamless_interaction/naturalistic/train/metadata/vad/V03_S0134_I00000128_P1288.jsonl,https://dl.fbaipublicfiles.com/seamless_interaction/naturalistic/train/metadata/vad/V03_S0134_I00000128_P1293.jsonl
train,train,V03_S0134_I00000130,V03,0134,00000130,ipc_conversation,naturalistic,stranger,stranger,V03_S0134_I00000130_P1288,V03_S0134_I00000130_P1293,P1288,P1293,https://dl.fbaipublicfiles.com/seamless_interaction/naturalistic/train/audio/V03_S0134_I00000130_P1288.wav,https://dl.fbaipublicfiles.com/seamless_interaction/naturalistic/train/audio/V03_S0134_I00000130_P1293.wav,https://dl.fbaipublicfiles.com/seamless_interaction/naturalistic/train/video/V03_S0134_I00000130_P1288.mp4,https://dl.fbaipublicfiles.com/seamless_interaction/naturalistic/train/video/V03_S0134_I00000130_P1293.mp4,https://dl.fbaipublicfiles.com/seamless_interaction/naturalistic/train/metadata/vad/V03_S0134_I00000130_P1288.jsonl,https://dl.fbaipublicfiles.com/seamless_interaction/naturalistic/train/metadata/vad/V03_S0134_I00000130_P1293.jsonl
train,train,V03_S0134_I00000132,V03,0134,00000132,ipc_conversation,naturalistic,stranger,stranger,V03_S0134_I00000132_P1288,V03_S0134_I00000132_P1293,P1288,P1293,https://dl.fbaipublicfiles.com/seamless_interaction/naturalistic/train/audio/V03_S0134_I00000132_P1288.wav,https://dl.fbaipublicfiles.com/seamless_interaction/naturalistic/train/audio/V03_S0134_I00000132_P1293.wav,https://dl.fbaipublicfiles.com/seamless_interaction/naturalistic/train/video/V03_S0134_I00000132_P1288.mp4,https://dl.fbaipublicfiles.com/seamless_interaction/naturalistic/train/video/V03_S0134_I00000132_P1293.mp4,https://dl.fbaipublicfiles.com/seamless_interaction/naturalistic/train/metadata/vad/V03_S0134_I00000132_P1288.jsonl,https://dl.fbaipublicfiles.com/seamless_interaction/naturalistic/train/metadata/vad/V03_S0134_I00000132_P1293.jsonl
train,train,V03_S0134_I00000138,V03,0134,00000138,ipc_conversation,naturalistic,stranger,stranger,V03_S0134_I00000138_P1288,V03_S0134_I00000138_P1293,P1288,P1293,https://dl.fbaipublicfiles.com/seamless_interaction/naturalistic/train/audio/V03_S0134_I00000138_P1288.wav,https://dl.fbaipublicfiles.com/seamless_interaction/naturalistic/train/audio/V03_S0134_I00000138_P1293.wav,https://dl.fbaipublicfiles.com/seamless_interaction/naturalistic/train/video/V03_S0134_I00000138_P1288.mp4,https://dl.fbaipublicfiles.com/seamless_interaction/naturalistic/train/video/V03_S0134_I00000138_P1293.mp4,https://dl.fbaipublicfiles.com/seamless_interaction/naturalistic/train/metadata/vad/V03_S0134_I00000138_P1288.jsonl,https://dl.fbaipublicfiles.com/seamless_interaction/naturalistic/train/metadata/vad/V03_S0134_I00000138_P1293.jsonl
train,test,V03_S0139_I00000135,V03,0139,00000135,collaborative_storytelling,naturalistic,stranger,stranger,V03_S0139_I00000135_P1302,V03_S0139_I00000135_P1303,P1302,P1303,https://dl.fbaipublicfiles.com/seamless_interaction/naturalistic/test/audio/V03_S0139_I00000135_P1302.wav,https://dl.fbaipublicfiles.com/seamless_interaction/naturalistic/test/audio/V03_S0139_I00000135_P1303.wav,https://dl.fbaipublicfiles.com/seamless_interaction/naturalistic/test/video/V03_S0139_I00000135_P1302.mp4,https://dl.fbaipublicfiles.com/seamless_interaction/naturalistic/test/video/V03_S0139_I00000135_P1303.mp4,https://dl.fbaipublicfiles.com/seamless_interaction/naturalistic/test/metadata/vad/V03_S0139_I00000135_P1302.jsonl,https://dl.fbaipublicfiles.com/seamless_interaction/naturalistic/test/metadata/vad/V03_S0139_I00000135_P1303.jsonl
train,test,V03_S0139_I00000477,V03,0139,00000477,ipc_conversation,naturalistic,stranger,stranger,V03_S0139_I00000477_P1302,V03_S0139_I00000477_P1303,P1302,P1303,https://dl.fbaipublicfiles.com/seamless_interaction/naturalistic/test/audio/V03_S0139_I00000477_P1302.wav,https://dl.fbaipublicfiles.com/seamless_interaction/naturalistic/test/audio/V03_S0139_I00000477_P1303.wav,https://dl.fbaipublicfiles.com/seamless_interaction/naturalistic/test/video/V03_S0139_I00000477_P1302.mp4,https://dl.fbaipublicfiles.com/seamless_interaction/naturalistic/test/video/V03_S0139_I00000477_P1303.mp4,https://dl.fbaipublicfiles.com/seamless_interaction/naturalistic/test/metadata/vad/V03_S0139_I00000477_P1302.jsonl,https://dl.fbaipublicfiles.com/seamless_interaction/naturalistic/test/metadata/vad/V03_S0139_I00000477_P1303.jsonl
train,test,V03_S0139_I00000478,V03,0139,00000478,ipc_conversation,naturalistic,stranger,stranger,V03_S0139_I00000478_P1302,V03_S0139_I00000478_P1303,P1302,P1303,https://dl.fbaipublicfiles.com/seamless_interaction/naturalistic/test/audio/V03_S0139_I00000478_P1302.wav,https://dl.fbaipublicfiles.com/seamless_interaction/naturalistic/test/audio/V03_S0139_I00000478_P1303.wav,https://dl.fbaipublicfiles.com/seamless_interaction/naturalistic/test/video/V03_S0139_I00000478_P1302.mp4,https://dl.fbaipublicfiles.com/seamless_interaction/naturalistic/test/video/V03_S0139_I00000478_P1303.mp4,https://dl.fbaipublicfiles.com/seamless_interaction/naturalistic/test/metadata/vad/V03_S0139_I00000478_P1302.jsonl,https://dl.fbaipublicfiles.com/seamless_interaction/naturalistic/test/metadata/vad/V03_S0139_I00000478_P1303.jsonl
train,test,V03_S0139_I00000479,V03,0139,00000479,ipc_conversation,naturalistic,stranger,stranger,V03_S0139_I00000479_P1302,V03_S0139_I00000479_P1303,P1302,P1303,https://dl.fbaipublicfiles.com/seamless_interaction/naturalistic/test/audio/V03_S0139_I00000479_P1302.wav,https://dl.fbaipublicfiles.com/seamless_interaction/naturalistic/test/audio/V03_S0139_I00000479_P1303.wav,https://dl.fbaipublicfiles.com/seamless_interaction/naturalistic/test/video/V03_S0139_I00000479_P1302.mp4,https://dl.fbaipublicfiles.com/seamless_interaction/naturalistic/test/video/V03_S0139_I00000479_P1303.mp4,https://dl.fbaipublicfiles.com/seamless_interaction/naturalistic/test/metadata/vad/V03_S0139_I00000479_P1302.jsonl,https://dl.fbaipublicfiles.com/seamless_interaction/naturalistic/test/metadata/vad/V03_S0139_I00000479_P1303.jsonl
train,test,V03_S0139_I00000500,V03,0139,00000500,ipc_conversation,naturalistic,stranger,stranger,V03_S0139_I00000500_P1302,V03_S0139_I00000500_P1303,P1302,P1303,https://dl.fbaipublicfiles.com/seamless_interaction/naturalistic/test/audio/V03_S0139_I00000500_P1302.wav,https://dl.fbaipublicfiles.com/seamless_interaction/naturalistic/test/audio/V03_S0139_I00000500_P1303.wav,https://dl.fbaipublicfiles.com/seamless_interaction/naturalistic/test/video/V03_S0139_I00000500_P1302.mp4,https://dl.fbaipublicfiles.com/seamless_interaction/naturalistic/test/video/V03_S0139_I00000500_P1303.mp4,https://dl.fbaipublicfiles.com/seamless_interaction/naturalistic/test/metadata/vad/V03_S0139_I00000500_P1302.jsonl,https://dl.fbaipublicfiles.com/seamless_interaction/naturalistic/test/metadata/vad/V03_S0139_I00000500_P1303.jsonl
train,train,V03_S0145_I00000126,V03,0145,00000126,ipc_conversation,naturalistic,stranger,stranger,V03_S0145_I00000126_P1291,V03_S0145_I00000126_P1313,P1291,P1313,https://dl.fbaipublicfiles.com/seamless_interaction/naturalistic/train/audio/V03_S0145_I00000126_P1291.wav,https://dl.fbaipublicfiles.com/seamless_interaction/naturalistic/train/audio/V03_S0145_I00000126_P1313.wav,https://dl.fbaipublicfiles.com/seamless_interaction/naturalistic/train/video/V03_S0145_I00000126_P1291.mp4,https://dl.fbaipublicfiles.com/seamless_interaction/naturalistic/train/video/V03_S0145_I00000126_P1313.mp4,https://dl.fbaipublicfiles.com/seamless_interaction/naturalistic/train/metadata/vad/V03_S0145_I00000126_P1291.jsonl,https://dl.fbaipublicfiles.com/seamless_interaction/naturalistic/train/metadata/vad/V03_S0145_I00000126_P1313.jsonl
train,train,V03_S0145_I00000127,V03,0145,00000127,ipc_conversation,naturalistic,stranger,stranger,V03_S0145_I00000127_P1291,V03_S0145_I00000127_P1313,P1291,P1313,https://dl.fbaipublicfiles.com/seamless_interaction/naturalistic/train/audio/V03_S0145_I00000127_P1291.wav,https://dl.fbaipublicfiles.com/seamless_interaction/naturalistic/train/audio/V03_S0145_I00000127_P1313.wav,https://dl.fbaipublicfiles.com/seamless_interaction/naturalistic/train/video/V03_S0145_I00000127_P1291.mp4,https://dl.fbaipublicfiles.com/seamless_interaction/naturalistic/train/video/V03_S0145_I00000127_P1313.mp4,https://dl.fbaipublicfiles.com/seamless_interaction/naturalistic/train/metadata/vad/V03_S0145_I00000127_P1291.jsonl,https://dl.fbaipublicfiles.com/seamless_interaction/naturalistic/train/metadata/vad/V03_S0145_I00000127_P1313.jsonl
train,train,V03_S0145_I00000130,V03,0145,00000130,ipc_conversation,naturalistic,stranger,stranger,V03_S0145_I00000130_P1291,V03_S0145_I00000130_P1313,P1291,P1313,https://dl.fbaipublicfiles.com/seamless_interaction/naturalistic/train/audio/V03_S0145_I00000130_P1291.wav,https://dl.fbaipublicfiles.com/seamless_interaction/naturalistic/train/audio/V03_S0145_I00000130_P1313.wav,https://dl.fbaipublicfiles.com/seamless_interaction/naturalistic/train/video/V03_S0145_I00000130_P1291.mp4,https://dl.fbaipublicfiles.com/seamless_interaction/naturalistic/train/video/V03_S0145_I00000130_P1313.mp4,https://dl.fbaipublicfiles.com/seamless_interaction/naturalistic/train/metadata/vad/V03_S0145_I00000130_P1291.jsonl,https://dl.fbaipublicfiles.com/seamless_interaction/naturalistic/train/metadata/vad/V03_S0145_I00000130_P1313.jsonl
train,train,V03_S0145_I00000137,V03,0145,00000137,ipc_conversation,naturalistic,stranger,stranger,V03_S0145_I00000137_P1291,V03_S0145_I00000137_P1313,P1291,P1313,https://dl.fbaipublicfiles.com/seamless_interaction/naturalistic/train/audio/V03_S0145_I00000137_P1291.wav,https://dl.fbaipublicfiles.com/seamless_interaction/naturalistic/train/audio/V03_S0145_I00000137_P1313.wav,https://dl.fbaipublicfiles.com/seamless_interaction/naturalistic/train/video/V03_S0145_I00000137_P1291.mp4,https://dl.fbaipublicfiles.com/seamless_interaction/naturalistic/train/video/V03_S0145_I00000137_P1313.mp4,https://dl.fbaipublicfiles.com/seamless_interaction/naturalistic/train/metadata/vad/V03_S0145_I00000137_P1291.jsonl,https://dl.fbaipublicfiles.com/seamless_interaction/naturalistic/train/metadata/vad/V03_S0145_I00000137_P1313.jsonl
train,train,V03_S0145_I00000307,V03,0145,00000307,ipc_conversation,naturalistic,stranger,stranger,V03_S0145_I00000307_P1291,V03_S0145_I00000307_P1313,P1291,P1313,https://dl.fbaipublicfiles.com/seamless_interaction/naturalistic/train/audio/V03_S0145_I00000307_P1291.wav,https://dl.fbaipublicfiles.com/seamless_interaction/naturalistic/train/audio/V03_S0145_I00000307_P1313.wav,https://dl.fbaipublicfiles.com/seamless_interaction/naturalistic/train/video/V03_S0145_I00000307_P1291.mp4,https://dl.fbaipublicfiles.com/seamless_interaction/naturalistic/train/video/V03_S0145_I00000307_P1313.mp4,https://dl.fbaipublicfiles.com/seamless_interaction/naturalistic/train/metadata/vad/V03_S0145_I00000307_P1291.jsonl,https://dl.fbaipublicfiles.com/seamless_interaction/naturalistic/train/metadata/vad/V03_S0145_I00000307_P1313.jsonl
train,train,V03_S0155_I00000135,V03,0155,00000135,collaborative_storytelling,naturalistic,stranger,stranger,V03_S0155_I00000135_P1274,V03_S0155_I00000135_P1332,P1274,P1332,https://dl.fbaipublicfiles.com/seamless_interaction/naturalistic/train/audio/V03_S0155_I00000135_P1274.wav,https://dl.fbaipublicfiles.com/seamless_interaction/naturalistic/train/audio/V03_S0155_I00000135_P1332.wav,https://dl.fbaipublicfiles.com/seamless_interaction/naturalistic/train/video/V03_S0155_I00000135_P1274.mp4,https://dl.fbaipublicfiles.com/seamless_interaction/naturalistic/train/video/V03_S0155_I00000135_P1332.mp4,https://dl.fbaipublicfiles.com/seamless_interaction/naturalistic/train/metadata/vad/V03_S0155_I00000135_P1274.jsonl,https://dl.fbaipublicfiles.com/seamless_interaction/naturalistic/train/metadata/vad/V03_S0155_I00000135_P1332.jsonl
train,train,V03_S0155_I00000138,V03,0155,00000138,ipc_conversation,naturalistic,stranger,stranger,V03_S0155_I00000138_P1274,V03_S0155_I00000138_P1332,P1274,P1332,https://dl.fbaipublicfiles.com/seamless_interaction/naturalistic/train/audio/V03_S0155_I00000138_P1274.wav,https://dl.fbaipublicfiles.com/seamless_interaction/naturalistic/train/audio/V03_S0155_I00000138_P1332.wav,https://dl.fbaipublicfiles.com/seamless_interaction/naturalistic/train/video/V03_S0155_I00000138_P1274.mp4,https://dl.fbaipublicfiles.com/seamless_interaction/naturalistic/train/video/V03_S0155_I00000138_P1332.mp4,https://dl.fbaipublicfiles.com/seamless_interaction/naturalistic/train/metadata/vad/V03_S0155_I00000138_P1274.jsonl,https://dl.fbaipublicfiles.com/seamless_interaction/naturalistic/train/metadata/vad/V03_S0155_I00000138_P1332.jsonl
train,train,V03_S0155_I00000371,V03,0155,00000371,ipc_conversation,naturalistic,stranger,stranger,V03_S0155_I00000371_P1274,V03_S0155_I00000371_P1332,P1274,P1332,https://dl.fbaipublicfiles.com/seamless_interaction/naturalistic/train/audio/V03_S0155_I00000371_P1274.wav,https://dl.fbaipublicfiles.com/seamless_interaction/naturalistic/train/audio/V03_S0155_I00000371_P1332.wav,https://dl.fbaipublicfiles.com/seamless_interaction/naturalistic/train/video/V03_S0155_I00000371_P1274.mp4,https://dl.fbaipublicfiles.com/seamless_interaction/naturalistic/train/video/V03_S0155_I00000371_P1332.mp4,https://dl.fbaipublicfiles.com/seamless_interaction/naturalistic/train/metadata/vad/V03_S0155_I00000371_P1274.jsonl,https://dl.fbaipublicfiles.com/seamless_interaction/naturalistic/train/metadata/vad/V03_S0155_I00000371_P1332.jsonl
train,train,V03_S0155_I00000372,V03,0155,00000372,ipc_conversation,naturalistic,stranger,stranger,V03_S0155_I00000372_P1274,V03_S0155_I00000372_P1332,P1274,P1332,https://dl.fbaipublicfiles.com/seamless_interaction/naturalistic/train/audio/V03_S0155_I00000372_P1274.wav,https://dl.fbaipublicfiles.com/seamless_interaction/naturalistic/train/audio/V03_S0155_I00000372_P1332.wav,https://dl.fbaipublicfiles.com/seamless_interaction/naturalistic/train/video/V03_S0155_I00000372_P1274.mp4,https://dl.fbaipublicfiles.com/seamless_interaction/naturalistic/train/video/V03_S0155_I00000372_P1332.mp4,https://dl.fbaipublicfiles.com/seamless_interaction/naturalistic/train/metadata/vad/V03_S0155_I00000372_P1274.jsonl,https://dl.fbaipublicfiles.com/seamless_interaction/naturalistic/train/metadata/vad/V03_S0155_I00000372_P1332.jsonl
train,train,V03_S0155_I00000375,V03,0155,00000375,ipc_conversation,naturalistic,stranger,stranger,V03_S0155_I00000375_P1274,V03_S0155_I00000375_P1332,P1274,P1332,https://dl.fbaipublicfiles.com/seamless_interaction/naturalistic/train/audio/V03_S0155_I00000375_P1274.wav,https://dl.fbaipublicfiles.com/seamless_interaction/naturalistic/train/audio/V03_S0155_I00000375_P1332.wav,https://dl.fbaipublicfiles.com/seamless_interaction/naturalistic/train/video/V03_S0155_I00000375_P1274.mp4,https://dl.fbaipublicfiles.com/seamless_interaction/naturalistic/train/video/V03_S0155_I00000375_P1332.mp4,https://dl.fbaipublicfiles.com/seamless_interaction/naturalistic/train/metadata/vad/V03_S0155_I00000375_P1274.jsonl,https://dl.fbaipublicfiles.com/seamless_interaction/naturalistic/train/metadata/vad/V03_S0155_I00000375_P1332.jsonl
train,train,V03_S0158_I00000125,V03,0158,00000125,ipc_conversation,naturalistic,familiar,familiar-generic,V03_S0158_I00000125_P1313,V03_S0158_I00000125_P1340,P1313,P1340,https://dl.fbaipublicfiles.com/seamless_interaction/naturalistic/train/audio/V03_S0158_I00000125_P1313.wav,https://dl.fbaipublicfiles.com/seamless_interaction/naturalistic/train/audio/V03_S0158_I00000125_P1340.wav,https://dl.fbaipublicfiles.com/seamless_interaction/naturalistic/train/video/V03_S0158_I00000125_P1313.mp4,https://dl.fbaipublicfiles.com/seamless_interaction/naturalistic/train/video/V03_S0158_I00000125_P1340.mp4,https://dl.fbaipublicfiles.com/seamless_interaction/naturalistic/train/metadata/vad/V03_S0158_I00000125_P1313.jsonl,https://dl.fbaipublicfiles.com/seamless_interaction/naturalistic/train/metadata/vad/V03_S0158_I00000125_P1340.jsonl
train,train,V03_S0158_I00000138,V03,0158,00000138,ipc_conversation,naturalistic,familiar,familiar-generic,V03_S0158_I00000138_P1313,V03_S0158_I00000138_P1340,P1313,P1340,https://dl.fbaipublicfiles.com/seamless_interaction/naturalistic/train/audio/V03_S0158_I00000138_P1313.wav,https://dl.fbaipublicfiles.com/seamless_interaction/naturalistic/train/audio/V03_S0158_I00000138_P1340.wav,https://dl.fbaipublicfiles.com/seamless_interaction/naturalistic/train/video/V03_S0158_I00000138_P1313.mp4,https://dl.fbaipublicfiles.com/seamless_interaction/naturalistic/train/video/V03_S0158_I00000138_P1340.mp4,https://dl.fbaipublicfiles.com/seamless_interaction/naturalistic/train/metadata/vad/V03_S0158_I00000138_P1313.jsonl,https://dl.fbaipublicfiles.com/seamless_interaction/naturalistic/train/metadata/vad/V03_S0158_I00000138_P1340.jsonl
train,train,V03_S0162_I00000135,V03,0162,00000135,collaborative_storytelling,naturalistic,stranger,stranger,V03_S0162_I00000135_P1293,V03_S0162_I00000135_P1343,P1293,P1343,https://dl.fbaipublicfiles.com/seamless_interaction/naturalistic/train/audio/V03_S0162_I00000135_P1293.wav,https://dl.fbaipublicfiles.com/seamless_interaction/naturalistic/train/audio/V03_S0162_I00000135_P1343.wav,https://dl.fbaipublicfiles.com/seamless_interaction/naturalistic/train/video/V03_S0162_I00000135_P1293.mp4,https://dl.fbaipublicfiles.com/seamless_interaction/naturalistic/train/video/V03_S0162_I00000135_P1343.mp4,https://dl.fbaipublicfiles.com/seamless_interaction/naturalistic/train/metadata/vad/V03_S0162_I00000135_P1293.jsonl,https://dl.fbaipublicfiles.com/seamless_interaction/naturalistic/train/metadata/vad/V03_S0162_I00000135_P1343.jsonl
train,train,V03_S0162_I00000477,V03,0162,00000477,ipc_conversation,naturalistic,stranger,stranger,V03_S0162_I00000477_P1293,V03_S0162_I00000477_P1343,P1293,P1343,https://dl.fbaipublicfiles.com/seamless_interaction/naturalistic/train/audio/V03_S0162_I00000477_P1293.wav,https://dl.fbaipublicfiles.com/seamless_interaction/naturalistic/train/audio/V03_S0162_I00000477_P1343.wav,https://dl.fbaipublicfiles.com/seamless_interaction/naturalistic/train/video/V03_S0162_I00000477_P1293.mp4,https://dl.fbaipublicfiles.com/seamless_interaction/naturalistic/train/video/V03_S0162_I00000477_P1343.mp4,https://dl.fbaipublicfiles.com/seamless_interaction/naturalistic/train/metadata/vad/V03_S0162_I00000477_P1293.jsonl,https://dl.fbaipublicfiles.com/seamless_interaction/naturalistic/train/metadata/vad/V03_S0162_I00000477_P1343.jsonl
train,train,V03_S0162_I00000478,V03,0162,00000478,ipc_conversation,naturalistic,stranger,stranger,V03_S0162_I00000478_P1293,V03_S0162_I00000478_P1343,P1293,P1343,https://dl.fbaipublicfiles.com/seamless_interaction/naturalistic/train/audio/V03_S0162_I00000478_P1293.wav,https://dl.fbaipublicfiles.com/seamless_interaction/naturalistic/train/audio/V03_S0162_I00000478_P1343.wav,https://dl.fbaipublicfiles.com/seamless_interaction/naturalistic/train/video/V03_S0162_I00000478_P1293.mp4,https://dl.fbaipublicfiles.com/seamless_interaction/naturalistic/train/video/V03_S0162_I00000478_P1343.mp4,https://dl.fbaipublicfiles.com/seamless_interaction/naturalistic/train/metadata/vad/V03_S0162_I00000478_P1293.jsonl,https://dl.fbaipublicfiles.com/seamless_interaction/naturalistic/train/metadata/vad/V03_S0162_I00000478_P1343.jsonl
train,train,V03_S0162_I00000482,V03,0162,00000482,ipc_conversation,naturalistic,stranger,stranger,V03_S0162_I00000482_P1293,V03_S0162_I00000482_P1343,P1293,P1343,https://dl.fbaipublicfiles.com/seamless_interaction/naturalistic/train/audio/V03_S0162_I00000482_P1293.wav,https://dl.fbaipublicfiles.com/seamless_interaction/naturalistic/train/audio/V03_S0162_I00000482_P1343.wav,https://dl.fbaipublicfiles.com/seamless_interaction/naturalistic/train/video/V03_S0162_I00000482_P1293.mp4,https://dl.fbaipublicfiles.com/seamless_interaction/naturalistic/train/video/V03_S0162_I00000482_P1343.mp4,https://dl.fbaipublicfiles.com/seamless_interaction/naturalistic/train/metadata/vad/V03_S0162_I00000482_P1293.jsonl,https://dl.fbaipublicfiles.com/seamless_interaction/naturalistic/train/metadata/vad/V03_S0162_I00000482_P1343.jsonl
train,train,V03_S0162_I00000500,V03,0162,00000500,ipc_conversation,naturalistic,stranger,stranger,V03_S0162_I00000500_P1293,V03_S0162_I00000500_P1343,P1293,P1343,https://dl.fbaipublicfiles.com/seamless_interaction/naturalistic/train/audio/V03_S0162_I00000500_P1293.wav,https://dl.fbaipublicfiles.com/seamless_interaction/naturalistic/train/audio/V03_S0162_I00000500_P1343.wav,https://dl.fbaipublicfiles.com/seamless_interaction/naturalistic/train/video/V03_S0162_I00000500_P1293.mp4,https://dl.fbaipublicfiles.com/seamless_interaction/naturalistic/train/video/V03_S0162_I00000500_P1343.mp4,https://dl.fbaipublicfiles.com/seamless_interaction/naturalistic/train/metadata/vad/V03_S0162_I00000500_P1293.jsonl,https://dl.fbaipublicfiles.com/seamless_interaction/naturalistic/train/metadata/vad/V03_S0162_I00000500_P1343.jsonl
train,train,V03_S0163_I00000381,V03,0163,00000381,ipc_conversation,naturalistic,familiar,friends,V03_S0163_I00000381_P1352,V03_S0163_I00000381_P1353,P1352,P1353,https://dl.fbaipublicfiles.com/seamless_interaction/naturalistic/train/audio/V03_S0163_I00000381_P1352.wav,https://dl.fbaipublicfiles.com/seamless_interaction/naturalistic/train/audio/V03_S0163_I00000381_P1353.wav,https://dl.fbaipublicfiles.com/seamless_interaction/naturalistic/train/video/V03_S0163_I00000381_P1352.mp4,https://dl.fbaipublicfiles.com/seamless_interaction/naturalistic/train/video/V03_S0163_I00000381_P1353.mp4,https://dl.fbaipublicfiles.com/seamless_interaction/naturalistic/train/metadata/vad/V03_S0163_I00000381_P1352.jsonl,https://dl.fbaipublicfiles.com/seamless_interaction/naturalistic/train/metadata/vad/V03_S0163_I00000381_P1353.jsonl
train,train,V03_S0176_I00000128,V03,0176,00000128,ipc_conversation,naturalistic,familiar,familiar-generic,V03_S0176_I00000128_P1259,V03_S0176_I00000128_P1378,P1259,P1378,https://dl.fbaipublicfiles.com/seamless_interaction/naturalistic/train/audio/V03_S0176_I00000128_P1259.wav,https://dl.fbaipublicfiles.com/seamless_interaction/naturalistic/train/audio/V03_S0176_I00000128_P1378.wav,https://dl.fbaipublicfiles.com/seamless_interaction/naturalistic/train/video/V03_S0176_I00000128_P1259.mp4,https://dl.fbaipublicfiles.com/seamless_interaction/naturalistic/train/video/V03_S0176_I00000128_P1378.mp4,https://dl.fbaipublicfiles.com/seamless_interaction/naturalistic/train/metadata/vad/V03_S0176_I00000128_P1259.jsonl,https://dl.fbaipublicfiles.com/seamless_interaction/naturalistic/train/metadata/vad/V03_S0176_I00000128_P1378.jsonl
train,train,V03_S0176_I00000134,V03,0176,00000134,ipc_conversation,naturalistic,familiar,familiar-generic,V03_S0176_I00000134_P1259,V03_S0176_I00000134_P1378,P1259,P1378,https://dl.fbaipublicfiles.com/seamless_interaction/naturalistic/train/audio/V03_S0176_I00000134_P1259.wav,https://dl.fbaipublicfiles.com/seamless_interaction/naturalistic/train/audio/V03_S0176_I00000134_P1378.wav,https://dl.fbaipublicfiles.com/seamless_interaction/naturalistic/train/video/V03_S0176_I00000134_P1259.mp4,https://dl.fbaipublicfiles.com/seamless_interaction/naturalistic/train/video/V03_S0176_I00000134_P1378.mp4,https://dl.fbaipublicfiles.com/seamless_interaction/naturalistic/train/metadata/vad/V03_S0176_I00000134_P1259.jsonl,https://dl.fbaipublicfiles.com/seamless_interaction/naturalistic/train/metadata/vad/V03_S0176_I00000134_P1378.jsonl
train,train,V03_S0176_I00000307,V03,0176,00000307,ipc_conversation,naturalistic,familiar,familiar-generic,V03_S0176_I00000307_P1259,V03_S0176_I00000307_P1378,P1259,P1378,https://dl.fbaipublicfiles.com/seamless_interaction/naturalistic/train/audio/V03_S0176_I00000307_P1259.wav,https://dl.fbaipublicfiles.com/seamless_interaction/naturalistic/train/audio/V03_S0176_I00000307_P1378.wav,https://dl.fbaipublicfiles.com/seamless_interaction/naturalistic/train/video/V03_S0176_I00000307_P1259.mp4,https://dl.fbaipublicfiles.com/seamless_interaction/naturalistic/train/video/V03_S0176_I00000307_P1378.mp4,https://dl.fbaipublicfiles.com/seamless_interaction/naturalistic/train/metadata/vad/V03_S0176_I00000307_P1259.jsonl,https://dl.fbaipublicfiles.com/seamless_interaction/naturalistic/train/metadata/vad/V03_S0176_I00000307_P1378.jsonl
train,train,V03_S0176_I00000313,V03,0176,00000313,ipc_conversation,naturalistic,familiar,familiar-generic,V03_S0176_I00000313_P1259,V03_S0176_I00000313_P1378,P1259,P1378,https://dl.fbaipublicfiles.com/seamless_interaction/naturalistic/train/audio/V03_S0176_I00000313_P1259.wav,https://dl.fbaipublicfiles.com/seamless_interaction/naturalistic/train/audio/V03_S0176_I00000313_P1378.wav,https://dl.fbaipublicfiles.com/seamless_interaction/naturalistic/train/video/V03_S0176_I00000313_P1259.mp4,https://dl.fbaipublicfiles.com/seamless_interaction/naturalistic/train/video/V03_S0176_I00000313_P1378.mp4,https://dl.fbaipublicfiles.com/seamless_interaction/naturalistic/train/metadata/vad/V03_S0176_I00000313_P1259.jsonl,https://dl.fbaipublicfiles.com/seamless_interaction/naturalistic/train/metadata/vad/V03_S0176_I00000313_P1378.jsonl
train,train,V03_S0176_I00000461,V03,0176,00000461,ipc_conversation,naturalistic,familiar,familiar-generic,V03_S0176_I00000461_P1259,V03_S0176_I00000461_P1378,P1259,P1378,https://dl.fbaipublicfiles.com/seamless_interaction/naturalistic/train/audio/V03_S0176_I00000461_P1259.wav,https://dl.fbaipublicfiles.com/seamless_interaction/naturalistic/train/audio/V03_S0176_I00000461_P1378.wav,https://dl.fbaipublicfiles.com/seamless_interaction/naturalistic/train/video/V03_S0176_I00000461_P1259.mp4,https://dl.fbaipublicfiles.com/seamless_interaction/naturalistic/train/video/V03_S0176_I00000461_P1378.mp4,https://dl.fbaipublicfiles.com/seamless_interaction/naturalistic/train/metadata/vad/V03_S0176_I00000461_P1259.jsonl,https://dl.fbaipublicfiles.com/seamless_interaction/naturalistic/train/metadata/vad/V03_S0176_I00000461_P1378.jsonl
train,train,V03_S0190_I00000477,V03,0190,00000477,ipc_conversation,naturalistic,stranger,stranger,V03_S0190_I00000477_P1125,V03_S0190_I00000477_P1404,P1125,P1404,https://dl.fbaipublicfiles.com/seamless_interaction/naturalistic/train/audio/V03_S0190_I00000477_P1125.wav,https://dl.fbaipublicfiles.com/seamless_interaction/naturalistic/train/audio/V03_S0190_I00000477_P1404.wav,https://dl.fbaipublicfiles.com/seamless_interaction/naturalistic/train/video/V03_S0190_I00000477_P1125.mp4,https://dl.fbaipublicfiles.com/seamless_interaction/naturalistic/train/video/V03_S0190_I00000477_P1404.mp4,https://dl.fbaipublicfiles.com/seamless_interaction/naturalistic/train/metadata/vad/V03_S0190_I00000477_P1125.jsonl,https://dl.fbaipublicfiles.com/seamless_interaction/naturalistic/train/metadata/vad/V03_S0190_I00000477_P1404.jsonl
train,train,V03_S0190_I00000479,V03,0190,00000479,ipc_conversation,naturalistic,stranger,stranger,V03_S0190_I00000479_P1125,V03_S0190_I00000479_P1404,P1125,P1404,https://dl.fbaipublicfiles.com/seamless_interaction/naturalistic/train/audio/V03_S0190_I00000479_P1125.wav,https://dl.fbaipublicfiles.com/seamless_interaction/naturalistic/train/audio/V03_S0190_I00000479_P1404.wav,https://dl.fbaipublicfiles.com/seamless_interaction/naturalistic/train/video/V03_S0190_I00000479_P1125.mp4,https://dl.fbaipublicfiles.com/seamless_interaction/naturalistic/train/video/V03_S0190_I00000479_P1404.mp4,https://dl.fbaipublicfiles.com/seamless_interaction/naturalistic/train/metadata/vad/V03_S0190_I00000479_P1125.jsonl,https://dl.fbaipublicfiles.com/seamless_interaction/naturalistic/train/metadata/vad/V03_S0190_I00000479_P1404.jsonl
train,train,V03_S0190_I00000482,V03,0190,00000482,ipc_conversation,naturalistic,stranger,stranger,V03_S0190_I00000482_P1125,V03_S0190_I00000482_P1404,P1125,P1404,https://dl.fbaipublicfiles.com/seamless_interaction/naturalistic/train/audio/V03_S0190_I00000482_P1125.wav,https://dl.fbaipublicfiles.com/seamless_interaction/naturalistic/train/audio/V03_S0190_I00000482_P1404.wav,https://dl.fbaipublicfiles.com/seamless_interaction/naturalistic/train/video/V03_S0190_I00000482_P1125.mp4,https://dl.fbaipublicfiles.com/seamless_interaction/naturalistic/train/video/V03_S0190_I00000482_P1404.mp4,https://dl.fbaipublicfiles.com/seamless_interaction/naturalistic/train/metadata/vad/V03_S0190_I00000482_P1125.jsonl,https://dl.fbaipublicfiles.com/seamless_interaction/naturalistic/train/metadata/vad/V03_S0190_I00000482_P1404.jsonl
train,train,V03_S0190_I00000483,V03,0190,00000483,ipc_conversation,naturalistic,stranger,stranger,V03_S0190_I00000483_P1125,V03_S0190_I00000483_P1404,P1125,P1404,https://dl.fbaipublicfiles.com/seamless_interaction/naturalistic/train/audio/V03_S0190_I00000483_P1125.wav,https://dl.fbaipublicfiles.com/seamless_interaction/naturalistic/train/audio/V03_S0190_I00000483_P1404.wav,https://dl.fbaipublicfiles.com/seamless_interaction/naturalistic/train/video/V03_S0190_I00000483_P1125.mp4,https://dl.fbaipublicfiles.com/seamless_interaction/naturalistic/train/video/V03_S0190_I00000483_P1404.mp4,https://dl.fbaipublicfiles.com/seamless_interaction/naturalistic/train/metadata/vad/V03_S0190_I00000483_P1125.jsonl,https://dl.fbaipublicfiles.com/seamless_interaction/naturalistic/train/metadata/vad/V03_S0190_I00000483_P1404.jsonl
train,train,V03_S0193_I00000371,V03,0193,00000371,ipc_conversation,naturalistic,stranger,stranger,V03_S0193_I00000371_P1288,V03_S0193_I00000371_P1425,P1288,P1425,https://dl.fbaipublicfiles.com/seamless_interaction/naturalistic/train/audio/V03_S0193_I00000371_P1288.wav,https://dl.fbaipublicfiles.com/seamless_interaction/naturalistic/train/audio/V03_S0193_I00000371_P1425.wav,https://dl.fbaipublicfiles.com/seamless_interaction/naturalistic/train/video/V03_S0193_I00000371_P1288.mp4,https://dl.fbaipublicfiles.com/seamless_interaction/naturalistic/train/video/V03_S0193_I00000371_P1425.mp4,https://dl.fbaipublicfiles.com/seamless_interaction/naturalistic/train/metadata/vad/V03_S0193_I00000371_P1288.jsonl,https://dl.fbaipublicfiles.com/seamless_interaction/naturalistic/train/metadata/vad/V03_S0193_I00000371_P1425.jsonl
train,train,V03_S0193_I00000373,V03,0193,00000373,ipc_conversation,naturalistic,stranger,stranger,V03_S0193_I00000373_P1288,V03_S0193_I00000373_P1425,P1288,P1425,https://dl.fbaipublicfiles.com/seamless_interaction/naturalistic/train/audio/V03_S0193_I00000373_P1288.wav,https://dl.fbaipublicfiles.com/seamless_interaction/naturalistic/train/audio/V03_S0193_I00000373_P1425.wav,https://dl.fbaipublicfiles.com/seamless_interaction/naturalistic/train/video/V03_S0193_I00000373_P1288.mp4,https://dl.fbaipublicfiles.com/seamless_interaction/naturalistic/train/video/V03_S0193_I00000373_P1425.mp4,https://dl.fbaipublicfiles.com/seamless_interaction/naturalistic/train/metadata/vad/V03_S0193_I00000373_P1288.jsonl,https://dl.fbaipublicfiles.com/seamless_interaction/naturalistic/train/metadata/vad/V03_S0193_I00000373_P1425.jsonl
train,train,V03_S0193_I00000374,V03,0193,00000374,ipc_conversation,naturalistic,stranger,stranger,V03_S0193_I00000374_P1288,V03_S0193_I00000374_P1425,P1288,P1425,https://dl.fbaipublicfiles.com/seamless_interaction/naturalistic/train/audio/V03_S0193_I00000374_P1288.wav,https://dl.fbaipublicfiles.com/seamless_interaction/naturalistic/train/audio/V03_S0193_I00000374_P1425.wav,https://dl.fbaipublicfiles.com/seamless_interaction/naturalistic/train/video/V03_S0193_I00000374_P1288.mp4,https://dl.fbaipublicfiles.com/seamless_interaction/naturalistic/train/video/V03_S0193_I00000374_P1425.mp4,https://dl.fbaipublicfiles.com/seamless_interaction/naturalistic/train/metadata/vad/V03_S0193_I00000374_P1288.jsonl,https://dl.fbaipublicfiles.com/seamless_interaction/naturalistic/train/metadata/vad/V03_S0193_I00000374_P1425.jsonl
train,train,V03_S0193_I00000377,V03,0193,00000377,ipc_conversation,naturalistic,stranger,stranger,V03_S0193_I00000377_P1288,V03_S0193_I00000377_P1425,P1288,P1425,https://dl.fbaipublicfiles.com/seamless_interaction/naturalistic/train/audio/V03_S0193_I00000377_P1288.wav,https://dl.fbaipublicfiles.com/seamless_interaction/naturalistic/train/audio/V03_S0193_I00000377_P1425.wav,https://dl.fbaipublicfiles.com/seamless_interaction/naturalistic/train/video/V03_S0193_I00000377_P1288.mp4,https://dl.fbaipublicfiles.com/seamless_interaction/naturalistic/train/video/V03_S0193_I00000377_P1425.mp4,https://dl.fbaipublicfiles.com/seamless_interaction/naturalistic/train/metadata/vad/V03_S0193_I00000377_P1288.jsonl,https://dl.fbaipublicfiles.com/seamless_interaction/naturalistic/train/metadata/vad/V03_S0193_I00000377_P1425.jsonl
train,train,V03_S0194_I00000477,V03,0194,00000477,ipc_conversation,naturalistic,stranger,stranger,V03_S0194_I00000477_P1306,V03_S0194_I00000477_P1411,P1306,P1411,https://dl.fbaipublicfiles.com/seamless_interaction/naturalistic/train/audio/V03_S0194_I00000477_P1306.wav,https://dl.fbaipublicfiles.com/seamless_interaction/naturalistic/train/audio/V03_S0194_I00000477_P1411.wav,https://dl.fbaipublicfiles.com/seamless_interaction/naturalistic/train/video/V03_S0194_I00000477_P1306.mp4,https://dl.fbaipublicfiles.com/seamless_interaction/naturalistic/train/video/V03_S0194_I00000477_P1411.mp4,https://dl.fbaipublicfiles.com/seamless_interaction/naturalistic/train/metadata/vad/V03_S0194_I00000477_P1306.jsonl,https://dl.fbaipublicfiles.com/seamless_interaction/naturalistic/train/metadata/vad/V03_S0194_I00000477_P1411.jsonl
train,train,V03_S0194_I00000478,V03,0194,00000478,ipc_conversation,naturalistic,stranger,stranger,V03_S0194_I00000478_P1306,V03_S0194_I00000478_P1411,P1306,P1411,https://dl.fbaipublicfiles.com/seamless_interaction/naturalistic/train/audio/V03_S0194_I00000478_P1306.wav,https://dl.fbaipublicfiles.com/seamless_interaction/naturalistic/train/audio/V03_S0194_I00000478_P1411.wav,https://dl.fbaipublicfiles.com/seamless_interaction/naturalistic/train/video/V03_S0194_I00000478_P1306.mp4,https://dl.fbaipublicfiles.com/seamless_interaction/naturalistic/train/video/V03_S0194_I00000478_P1411.mp4,https://dl.fbaipublicfiles.com/seamless_interaction/naturalistic/train/metadata/vad/V03_S0194_I00000478_P1306.jsonl,https://dl.fbaipublicfiles.com/seamless_interaction/naturalistic/train/metadata/vad/V03_S0194_I00000478_P1411.jsonl
train,train,V03_S0194_I00000482,V03,0194,00000482,ipc_conversation,naturalistic,stranger,stranger,V03_S0194_I00000482_P1306,V03_S0194_I00000482_P1411,P1306,P1411,https://dl.fbaipublicfiles.com/seamless_interaction/naturalistic/train/audio/V03_S0194_I00000482_P1306.wav,https://dl.fbaipublicfiles.com/seamless_interaction/naturalistic/train/audio/V03_S0194_I00000482_P1411.wav,https://dl.fbaipublicfiles.com/seamless_interaction/naturalistic/train/video/V03_S0194_I00000482_P1306.mp4,https://dl.fbaipublicfiles.com/seamless_interaction/naturalistic/train/video/V03_S0194_I00000482_P1411.mp4,https://dl.fbaipublicfiles.com/seamless_interaction/naturalistic/train/metadata/vad/V03_S0194_I00000482_P1306.jsonl,https://dl.fbaipublicfiles.com/seamless_interaction/naturalistic/train/metadata/vad/V03_S0194_I00000482_P1411.jsonl
train,train,V03_S0194_I00000483,V03,0194,00000483,ipc_conversation,naturalistic,stranger,stranger,V03_S0194_I00000483_P1306,V03_S0194_I00000483_P1411,P1306,P1411,https://dl.fbaipublicfiles.com/seamless_interaction/naturalistic/train/audio/V03_S0194_I00000483_P1306.wav,https://dl.fbaipublicfiles.com/seamless_interaction/naturalistic/train/audio/V03_S0194_I00000483_P1411.wav,https://dl.fbaipublicfiles.com/seamless_interaction/naturalistic/train/video/V03_S0194_I00000483_P1306.mp4,https://dl.fbaipublicfiles.com/seamless_interaction/naturalistic/train/video/V03_S0194_I00000483_P1411.mp4,https://dl.fbaipublicfiles.com/seamless_interaction/naturalistic/train/metadata/vad/V03_S0194_I00000483_P1306.jsonl,https://dl.fbaipublicfiles.com/seamless_interaction/naturalistic/train/metadata/vad/V03_S0194_I00000483_P1411.jsonl
train,train,V03_S0199_I00000125,V03,0199,00000125,ipc_conversation,naturalistic,familiar,familiar-generic,V03_S0199_I00000125_P1259,V03_S0199_I00000125_P1427,P1259,P1427,https://dl.fbaipublicfiles.com/seamless_interaction/naturalistic/train/audio/V03_S0199_I00000125_P1259.wav,https://dl.fbaipublicfiles.com/seamless_interaction/naturalistic/train/audio/V03_S0199_I00000125_P1427.wav,https://dl.fbaipublicfiles.com/seamless_interaction/naturalistic/train/video/V03_S0199_I00000125_P1259.mp4,https://dl.fbaipublicfiles.com/seamless_interaction/naturalistic/train/video/V03_S0199_I00000125_P1427.mp4,https://dl.fbaipublicfiles.com/seamless_interaction/naturalistic/train/metadata/vad/V03_S0199_I00000125_P1259.jsonl,https://dl.fbaipublicfiles.com/seamless_interaction/naturalistic/train/metadata/vad/V03_S0199_I00000125_P1427.jsonl
train,train,V03_S0199_I00000128,V03,0199,00000128,ipc_conversation,naturalistic,familiar,familiar-generic,V03_S0199_I00000128_P1259,V03_S0199_I00000128_P1427,P1259,P1427,https://dl.fbaipublicfiles.com/seamless_interaction/naturalistic/train/audio/V03_S0199_I00000128_P1259.wav,https://dl.fbaipublicfiles.com/seamless_interaction/naturalistic/train/audio/V03_S0199_I00000128_P1427.wav,https://dl.fbaipublicfiles.com/seamless_interaction/naturalistic/train/video/V03_S0199_I00000128_P1259.mp4,https://dl.fbaipublicfiles.com/seamless_interaction/naturalistic/train/video/V03_S0199_I00000128_P1427.mp4,https://dl.fbaipublicfiles.com/seamless_interaction/naturalistic/train/metadata/vad/V03_S0199_I00000128_P1259.jsonl,https://dl.fbaipublicfiles.com/seamless_interaction/naturalistic/train/metadata/vad/V03_S0199_I00000128_P1427.jsonl
train,train,V03_S0199_I00000137,V03,0199,00000137,ipc_conversation,naturalistic,familiar,familiar-generic,V03_S0199_I00000137_P1259,V03_S0199_I00000137_P1427,P1259,P1427,https://dl.fbaipublicfiles.com/seamless_interaction/naturalistic/train/audio/V03_S0199_I00000137_P1259.wav,https://dl.fbaipublicfiles.com/seamless_interaction/naturalistic/train/audio/V03_S0199_I00000137_P1427.wav,https://dl.fbaipublicfiles.com/seamless_interaction/naturalistic/train/video/V03_S0199_I00000137_P1259.mp4,https://dl.fbaipublicfiles.com/seamless_interaction/naturalistic/train/video/V03_S0199_I00000137_P1427.mp4,https://dl.fbaipublicfiles.com/seamless_interaction/naturalistic/train/metadata/vad/V03_S0199_I00000137_P1259.jsonl,https://dl.fbaipublicfiles.com/seamless_interaction/naturalistic/train/metadata/vad/V03_S0199_I00000137_P1427.jsonl
train,train,V03_S0199_I00000138,V03,0199,00000138,ipc_conversation,naturalistic,familiar,familiar-generic,V03_S0199_I00000138_P1259,V03_S0199_I00000138_P1427,P1259,P1427,https://dl.fbaipublicfiles.com/seamless_interaction/naturalistic/train/audio/V03_S0199_I00000138_P1259.wav,https://dl.fbaipublicfiles.com/seamless_interaction/naturalistic/train/audio/V03_S0199_I00000138_P1427.wav,https://dl.fbaipublicfiles.com/seamless_interaction/naturalistic/train/video/V03_S0199_I00000138_P1259.mp4,https://dl.fbaipublicfiles.com/seamless_interaction/naturalistic/train/video/V03_S0199_I00000138_P1427.mp4,https://dl.fbaipublicfiles.com/seamless_interaction/naturalistic/train/metadata/vad/V03_S0199_I00000138_P1259.jsonl,https://dl.fbaipublicfiles.com/seamless_interaction/naturalistic/train/metadata/vad/V03_S0199_I00000138_P1427.jsonl
train,train,V03_S0199_I00000307,V03,0199,00000307,ipc_conversation,naturalistic,familiar,familiar-generic,V03_S0199_I00000307_P1259,V03_S0199_I00000307_P1427,P1259,P1427,https://dl.fbaipublicfiles.com/seamless_interaction/naturalistic/train/audio/V03_S0199_I00000307_P1259.wav,https://dl.fbaipublicfiles.com/seamless_interaction/naturalistic/train/audio/V03_S0199_I00000307_P1427.wav,https://dl.fbaipublicfiles.com/seamless_interaction/naturalistic/train/video/V03_S0199_I00000307_P1259.mp4,https://dl.fbaipublicfiles.com/seamless_interaction/naturalistic/train/video/V03_S0199_I00000307_P1427.mp4,https://dl.fbaipublicfiles.com/seamless_interaction/naturalistic/train/metadata/vad/V03_S0199_I00000307_P1259.jsonl,https://dl.fbaipublicfiles.com/seamless_interaction/naturalistic/train/metadata/vad/V03_S0199_I00000307_P1427.jsonl
train,train,V03_S0199_I00000309,V03,0199,00000309,ipc_conversation,naturalistic,familiar,familiar-generic,V03_S0199_I00000309_P1259,V03_S0199_I00000309_P1427,P1259,P1427,https://dl.fbaipublicfiles.com/seamless_interaction/naturalistic/train/audio/V03_S0199_I00000309_P1259.wav,https://dl.fbaipublicfiles.com/seamless_interaction/naturalistic/train/audio/V03_S0199_I00000309_P1427.wav,https://dl.fbaipublicfiles.com/seamless_interaction/naturalistic/train/video/V03_S0199_I00000309_P1259.mp4,https://dl.fbaipublicfiles.com/seamless_interaction/naturalistic/train/video/V03_S0199_I00000309_P1427.mp4,https://dl.fbaipublicfiles.com/seamless_interaction/naturalistic/train/metadata/vad/V03_S0199_I00000309_P1259.jsonl,https://dl.fbaipublicfiles.com/seamless_interaction/naturalistic/train/metadata/vad/V03_S0199_I00000309_P1427.jsonl
train,train,V03_S0199_I00000461,V03,0199,00000461,ipc_conversation,naturalistic,familiar,familiar-generic,V03_S0199_I00000461_P1259,V03_S0199_I00000461_P1427,P1259,P1427,https://dl.fbaipublicfiles.com/seamless_interaction/naturalistic/train/audio/V03_S0199_I00000461_P1259.wav,https://dl.fbaipublicfiles.com/seamless_interaction/naturalistic/train/audio/V03_S0199_I00000461_P1427.wav,https://dl.fbaipublicfiles.com/seamless_interaction/naturalistic/train/video/V03_S0199_I00000461_P1259.mp4,https://dl.fbaipublicfiles.com/seamless_interaction/naturalistic/train/video/V03_S0199_I00000461_P1427.mp4,https://dl.fbaipublicfiles.com/seamless_interaction/naturalistic/train/metadata/vad/V03_S0199_I00000461_P1259.jsonl,https://dl.fbaipublicfiles.com/seamless_interaction/naturalistic/train/metadata/vad/V03_S0199_I00000461_P1427.jsonl
train,train,V03_S0202_I00000126,V03,0202,00000126,ipc_conversation,naturalistic,stranger,stranger,V03_S0202_I00000126_P1288,V03_S0202_I00000126_P1429,P1288,P1429,https://dl.fbaipublicfiles.com/seamless_interaction/naturalistic/train/audio/V03_S0202_I00000126_P1288.wav,https://dl.fbaipublicfiles.com/seamless_interaction/naturalistic/train/audio/V03_S0202_I00000126_P1429.wav,https://dl.fbaipublicfiles.com/seamless_interaction/naturalistic/train/video/V03_S0202_I00000126_P1288.mp4,https://dl.fbaipublicfiles.com/seamless_interaction/naturalistic/train/video/V03_S0202_I00000126_P1429.mp4,https://dl.fbaipublicfiles.com/seamless_interaction/naturalistic/train/metadata/vad/V03_S0202_I00000126_P1288.jsonl,https://dl.fbaipublicfiles.com/seamless_interaction/naturalistic/train/metadata/vad/V03_S0202_I00000126_P1429.jsonl
train,train,V03_S0202_I00000130,V03,0202,00000130,ipc_conversation,naturalistic,stranger,stranger,V03_S0202_I00000130_P1288,V03_S0202_I00000130_P1429,P1288,P1429,https://dl.fbaipublicfiles.com/seamless_interaction/naturalistic/train/audio/V03_S0202_I00000130_P1288.wav,https://dl.fbaipublicfiles.com/seamless_interaction/naturalistic/train/audio/V03_S0202_I00000130_P1429.wav,https://dl.fbaipublicfiles.com/seamless_interaction/naturalistic/train/video/V03_S0202_I00000130_P1288.mp4,https://dl.fbaipublicfiles.com/seamless_interaction/naturalistic/train/video/V03_S0202_I00000130_P1429.mp4,https://dl.fbaipublicfiles.com/seamless_interaction/naturalistic/train/metadata/vad/V03_S0202_I00000130_P1288.jsonl,https://dl.fbaipublicfiles.com/seamless_interaction/naturalistic/train/metadata/vad/V03_S0202_I00000130_P1429.jsonl
train,train,V03_S0202_I00000138,V03,0202,00000138,ipc_conversation,naturalistic,stranger,stranger,V03_S0202_I00000138_P1288,V03_S0202_I00000138_P1429,P1288,P1429,https://dl.fbaipublicfiles.com/seamless_interaction/naturalistic/train/audio/V03_S0202_I00000138_P1288.wav,https://dl.fbaipublicfiles.com/seamless_interaction/naturalistic/train/audio/V03_S0202_I00000138_P1429.wav,https://dl.fbaipublicfiles.com/seamless_interaction/naturalistic/train/video/V03_S0202_I00000138_P1288.mp4,https://dl.fbaipublicfiles.com/seamless_interaction/naturalistic/train/video/V03_S0202_I00000138_P1429.mp4,https://dl.fbaipublicfiles.com/seamless_interaction/naturalistic/train/metadata/vad/V03_S0202_I00000138_P1288.jsonl,https://dl.fbaipublicfiles.com/seamless_interaction/naturalistic/train/metadata/vad/V03_S0202_I00000138_P1429.jsonl
train,train,V03_S0202_I00000307,V03,0202,00000307,ipc_conversation,naturalistic,stranger,stranger,V03_S0202_I00000307_P1288,V03_S0202_I00000307_P1429,P1288,P1429,https://dl.fbaipublicfiles.com/seamless_interaction/naturalistic/train/audio/V03_S0202_I00000307_P1288.wav,https://dl.fbaipublicfiles.com/seamless_interaction/naturalistic/train/audio/V03_S0202_I00000307_P1429.wav,https://dl.fbaipublicfiles.com/seamless_interaction/naturalistic/train/video/V03_S0202_I00000307_P1288.mp4,https://dl.fbaipublicfiles.com/seamless_interaction/naturalistic/train/video/V03_S0202_I00000307_P1429.mp4,https://dl.fbaipublicfiles.com/seamless_interaction/naturalistic/train/metadata/vad/V03_S0202_I00000307_P1288.jsonl,https://dl.fbaipublicfiles.com/seamless_interaction/naturalistic/train/metadata/vad/V03_S0202_I00000307_P1429.jsonl
train,train,V03_S0202_I00000309,V03,0202,00000309,ipc_conversation,naturalistic,stranger,stranger,V03_S0202_I00000309_P1288,V03_S0202_I00000309_P1429,P1288,P1429,https://dl.fbaipublicfiles.com/seamless_interaction/naturalistic/train/audio/V03_S0202_I00000309_P1288.wav,https://dl.fbaipublicfiles.com/seamless_interaction/naturalistic/train/audio/V03_S0202_I00000309_P1429.wav,https://dl.fbaipublicfiles.com/seamless_interaction/naturalistic/train/video/V03_S0202_I00000309_P1288.mp4,https://dl.fbaipublicfiles.com/seamless_interaction/naturalistic/train/video/V03_S0202_I00000309_P1429.mp4,https://dl.fbaipublicfiles.com/seamless_interaction/naturalistic/train/metadata/vad/V03_S0202_I00000309_P1288.jsonl,https://dl.fbaipublicfiles.com/seamless_interaction/naturalistic/train/metadata/vad/V03_S0202_I00000309_P1429.jsonl
train,train,V03_S0205_I00000372,V03,0205,00000372,ipc_conversation,naturalistic,stranger,stranger,V03_S0205_I00000372_P1211,V03_S0205_I00000372_P1449,P1211,P1449,https://dl.fbaipublicfiles.com/seamless_interaction/naturalistic/train/audio/V03_S0205_I00000372_P1211.wav,https://dl.fbaipublicfiles.com/seamless_interaction/naturalistic/train/audio/V03_S0205_I00000372_P1449.wav,https://dl.fbaipublicfiles.com/seamless_interaction/naturalistic/train/video/V03_S0205_I00000372_P1211.mp4,https://dl.fbaipublicfiles.com/seamless_interaction/naturalistic/train/video/V03_S0205_I00000372_P1449.mp4,https://dl.fbaipublicfiles.com/seamless_interaction/naturalistic/train/metadata/vad/V03_S0205_I00000372_P1211.jsonl,https://dl.fbaipublicfiles.com/seamless_interaction/naturalistic/train/metadata/vad/V03_S0205_I00000372_P1449.jsonl
train,train,V03_S0205_I00000382,V03,0205,00000382,ipc_conversation,naturalistic,stranger,stranger,V03_S0205_I00000382_P1211,V03_S0205_I00000382_P1449,P1211,P1449,https://dl.fbaipublicfiles.com/seamless_interaction/naturalistic/train/audio/V03_S0205_I00000382_P1211.wav,https://dl.fbaipublicfiles.com/seamless_interaction/naturalistic/train/audio/V03_S0205_I00000382_P1449.wav,https://dl.fbaipublicfiles.com/seamless_interaction/naturalistic/train/video/V03_S0205_I00000382_P1211.mp4,https://dl.fbaipublicfiles.com/seamless_interaction/naturalistic/train/video/V03_S0205_I00000382_P1449.mp4,https://dl.fbaipublicfiles.com/seamless_interaction/naturalistic/train/metadata/vad/V03_S0205_I00000382_P1211.jsonl,https://dl.fbaipublicfiles.com/seamless_interaction/naturalistic/train/metadata/vad/V03_S0205_I00000382_P1449.jsonl
train,train,V03_S0205_I00000502,V03,0205,00000502,ipc_conversation,naturalistic,stranger,stranger,V03_S0205_I00000502_P1211,V03_S0205_I00000502_P1449,P1211,P1449,https://dl.fbaipublicfiles.com/seamless_interaction/naturalistic/train/audio/V03_S0205_I00000502_P1211.wav,https://dl.fbaipublicfiles.com/seamless_interaction/naturalistic/train/audio/V03_S0205_I00000502_P1449.wav,https://dl.fbaipublicfiles.com/seamless_interaction/naturalistic/train/video/V03_S0205_I00000502_P1211.mp4,https://dl.fbaipublicfiles.com/seamless_interaction/naturalistic/train/video/V03_S0205_I00000502_P1449.mp4,https://dl.fbaipublicfiles.com/seamless_interaction/naturalistic/train/metadata/vad/V03_S0205_I00000502_P1211.jsonl,https://dl.fbaipublicfiles.com/seamless_interaction/naturalistic/train/metadata/vad/V03_S0205_I00000502_P1449.jsonl
train,train,V03_S0205_I00000504,V03,0205,00000504,ipc_conversation,naturalistic,stranger,stranger,V03_S0205_I00000504_P1211,V03_S0205_I00000504_P1449,P1211,P1449,https://dl.fbaipublicfiles.com/seamless_interaction/naturalistic/train/audio/V03_S0205_I00000504_P1211.wav,https://dl.fbaipublicfiles.com/seamless_interaction/naturalistic/train/audio/V03_S0205_I00000504_P1449.wav,https://dl.fbaipublicfiles.com/seamless_interaction/naturalistic/train/video/V03_S0205_I00000504_P1211.mp4,https://dl.fbaipublicfiles.com/seamless_interaction/naturalistic/train/video/V03_S0205_I00000504_P1449.mp4,https://dl.fbaipublicfiles.com/seamless_interaction/naturalistic/train/metadata/vad/V03_S0205_I00000504_P1211.jsonl,https://dl.fbaipublicfiles.com/seamless_interaction/naturalistic/train/metadata/vad/V03_S0205_I00000504_P1449.jsonl
train,train,V03_S0217_I00000486,V03,0217,00000486,ipc_conversation,naturalistic,stranger,stranger,V03_S0217_I00000486_P1313,V03_S0217_I00000486_P1480,P1313,P1480,https://dl.fbaipublicfiles.com/seamless_interaction/naturalistic/train/audio/V03_S0217_I00000486_P1313.wav,https://dl.fbaipublicfiles.com/seamless_interaction/naturalistic/train/audio/V03_S0217_I00000486_P1480.wav,https://dl.fbaipublicfiles.com/seamless_interaction/naturalistic/train/video/V03_S0217_I00000486_P1313.mp4,https://dl.fbaipublicfiles.com/seamless_interaction/naturalistic/train/video/V03_S0217_I00000486_P1480.mp4,https://dl.fbaipublicfiles.com/seamless_interaction/naturalistic/train/metadata/vad/V03_S0217_I00000486_P1313.jsonl,https://dl.fbaipublicfiles.com/seamless_interaction/naturalistic/train/metadata/vad/V03_S0217_I00000486_P1480.jsonl
train,train,V03_S0217_I00000487,V03,0217,00000487,ipc_conversation,naturalistic,stranger,stranger,V03_S0217_I00000487_P1313,V03_S0217_I00000487_P1480,P1313,P1480,https://dl.fbaipublicfiles.com/seamless_interaction/naturalistic/train/audio/V03_S0217_I00000487_P1313.wav,https://dl.fbaipublicfiles.com/seamless_interaction/naturalistic/train/audio/V03_S0217_I00000487_P1480.wav,https://dl.fbaipublicfiles.com/seamless_interaction/naturalistic/train/video/V03_S0217_I00000487_P1313.mp4,https://dl.fbaipublicfiles.com/seamless_interaction/naturalistic/train/video/V03_S0217_I00000487_P1480.mp4,https://dl.fbaipublicfiles.com/seamless_interaction/naturalistic/train/metadata/vad/V03_S0217_I00000487_P1313.jsonl,https://dl.fbaipublicfiles.com/seamless_interaction/naturalistic/train/metadata/vad/V03_S0217_I00000487_P1480.jsonl
train,train,V03_S0217_I00000500,V03,0217,00000500,ipc_conversation,naturalistic,stranger,stranger,V03_S0217_I00000500_P1313,V03_S0217_I00000500_P1480,P1313,P1480,https://dl.fbaipublicfiles.com/seamless_interaction/naturalistic/train/audio/V03_S0217_I00000500_P1313.wav,https://dl.fbaipublicfiles.com/seamless_interaction/naturalistic/train/audio/V03_S0217_I00000500_P1480.wav,https://dl.fbaipublicfiles.com/seamless_interaction/naturalistic/train/video/V03_S0217_I00000500_P1313.mp4,https://dl.fbaipublicfiles.com/seamless_interaction/naturalistic/train/video/V03_S0217_I00000500_P1480.mp4,https://dl.fbaipublicfiles.com/seamless_interaction/naturalistic/train/metadata/vad/V03_S0217_I00000500_P1313.jsonl,https://dl.fbaipublicfiles.com/seamless_interaction/naturalistic/train/metadata/vad/V03_S0217_I00000500_P1480.jsonl
train,train,V03_S0220_I00000371,V03,0220,00000371,ipc_conversation,naturalistic,stranger,stranger,V03_S0220_I00000371_P1488,V03_S0220_I00000371_P1489,P1488,P1489,https://dl.fbaipublicfiles.com/seamless_interaction/naturalistic/train/audio/V03_S0220_I00000371_P1488.wav,https://dl.fbaipublicfiles.com/seamless_interaction/naturalistic/train/audio/V03_S0220_I00000371_P1489.wav,https://dl.fbaipublicfiles.com/seamless_interaction/naturalistic/train/video/V03_S0220_I00000371_P1488.mp4,https://dl.fbaipublicfiles.com/seamless_interaction/naturalistic/train/video/V03_S0220_I00000371_P1489.mp4,https://dl.fbaipublicfiles.com/seamless_interaction/naturalistic/train/metadata/vad/V03_S0220_I00000371_P1488.jsonl,https://dl.fbaipublicfiles.com/seamless_interaction/naturalistic/train/metadata/vad/V03_S0220_I00000371_P1489.jsonl
train,train,V03_S0220_I00000374,V03,0220,00000374,ipc_conversation,naturalistic,stranger,stranger,V03_S0220_I00000374_P1488,V03_S0220_I00000374_P1489,P1488,P1489,https://dl.fbaipublicfiles.com/seamless_interaction/naturalistic/train/audio/V03_S0220_I00000374_P1488.wav,https://dl.fbaipublicfiles.com/seamless_interaction/naturalistic/train/audio/V03_S0220_I00000374_P1489.wav,https://dl.fbaipublicfiles.com/seamless_interaction/naturalistic/train/video/V03_S0220_I00000374_P1488.mp4,https://dl.fbaipublicfiles.com/seamless_interaction/naturalistic/train/video/V03_S0220_I00000374_P1489.mp4,https://dl.fbaipublicfiles.com/seamless_interaction/naturalistic/train/metadata/vad/V03_S0220_I00000374_P1488.jsonl,https://dl.fbaipublicfiles.com/seamless_interaction/naturalistic/train/metadata/vad/V03_S0220_I00000374_P1489.jsonl
train,train,V03_S0220_I00000498,V03,0220,00000498,ipc_conversation,naturalistic,stranger,stranger,V03_S0220_I00000498_P1488,V03_S0220_I00000498_P1489,P1488,P1489,https://dl.fbaipublicfiles.com/seamless_interaction/naturalistic/train/audio/V03_S0220_I00000498_P1488.wav,https://dl.fbaipublicfiles.com/seamless_interaction/naturalistic/train/audio/V03_S0220_I00000498_P1489.wav,https://dl.fbaipublicfiles.com/seamless_interaction/naturalistic/train/video/V03_S0220_I00000498_P1488.mp4,https://dl.fbaipublicfiles.com/seamless_interaction/naturalistic/train/video/V03_S0220_I00000498_P1489.mp4,https://dl.fbaipublicfiles.com/seamless_interaction/naturalistic/train/metadata/vad/V03_S0220_I00000498_P1488.jsonl,https://dl.fbaipublicfiles.com/seamless_interaction/naturalistic/train/metadata/vad/V03_S0220_I00000498_P1489.jsonl
train,train,V03_S0221_I00000135,V03,0221,00000135,collaborative_storytelling,naturalistic,stranger,stranger,V03_S0221_I00000135_P1422,V03_S0221_I00000135_P1488,P1422,P1488,https://dl.fbaipublicfiles.com/seamless_interaction/naturalistic/train/audio/V03_S0221_I00000135_P1422.wav,https://dl.fbaipublicfiles.com/seamless_interaction/naturalistic/train/audio/V03_S0221_I00000135_P1488.wav,https://dl.fbaipublicfiles.com/seamless_interaction/naturalistic/train/video/V03_S0221_I00000135_P1422.mp4,https://dl.fbaipublicfiles.com/seamless_interaction/naturalistic/train/video/V03_S0221_I00000135_P1488.mp4,https://dl.fbaipublicfiles.com/seamless_interaction/naturalistic/train/metadata/vad/V03_S0221_I00000135_P1422.jsonl,https://dl.fbaipublicfiles.com/seamless_interaction/naturalistic/train/metadata/vad/V03_S0221_I00000135_P1488.jsonl
train,train,V03_S0221_I00000377,V03,0221,00000377,ipc_conversation,naturalistic,stranger,stranger,V03_S0221_I00000377_P1422,V03_S0221_I00000377_P1488,P1422,P1488,https://dl.fbaipublicfiles.com/seamless_interaction/naturalistic/train/audio/V03_S0221_I00000377_P1422.wav,https://dl.fbaipublicfiles.com/seamless_interaction/naturalistic/train/audio/V03_S0221_I00000377_P1488.wav,https://dl.fbaipublicfiles.com/seamless_interaction/naturalistic/train/video/V03_S0221_I00000377_P1422.mp4,https://dl.fbaipublicfiles.com/seamless_interaction/naturalistic/train/video/V03_S0221_I00000377_P1488.mp4,https://dl.fbaipublicfiles.com/seamless_interaction/naturalistic/train/metadata/vad/V03_S0221_I00000377_P1422.jsonl,https://dl.fbaipublicfiles.com/seamless_interaction/naturalistic/train/metadata/vad/V03_S0221_I00000377_P1488.jsonl
train,train,V03_S0221_I00000480,V03,0221,00000480,ipc_conversation,naturalistic,stranger,stranger,V03_S0221_I00000480_P1422,V03_S0221_I00000480_P1488,P1422,P1488,https://dl.fbaipublicfiles.com/seamless_interaction/naturalistic/train/audio/V03_S0221_I00000480_P1422.wav,https://dl.fbaipublicfiles.com/seamless_interaction/naturalistic/train/audio/V03_S0221_I00000480_P1488.wav,https://dl.fbaipublicfiles.com/seamless_interaction/naturalistic/train/video/V03_S0221_I00000480_P1422.mp4,https://dl.fbaipublicfiles.com/seamless_interaction/naturalistic/train/video/V03_S0221_I00000480_P1488.mp4,https://dl.fbaipublicfiles.com/seamless_interaction/naturalistic/train/metadata/vad/V03_S0221_I00000480_P1422.jsonl,https://dl.fbaipublicfiles.com/seamless_interaction/naturalistic/train/metadata/vad/V03_S0221_I00000480_P1488.jsonl
train,train,V03_S0221_I00000486,V03,0221,00000486,ipc_conversation,naturalistic,stranger,stranger,V03_S0221_I00000486_P1422,V03_S0221_I00000486_P1488,P1422,P1488,https://dl.fbaipublicfiles.com/seamless_interaction/naturalistic/train/audio/V03_S0221_I00000486_P1422.wav,https://dl.fbaipublicfiles.com/seamless_interaction/naturalistic/train/audio/V03_S0221_I00000486_P1488.wav,https://dl.fbaipublicfiles.com/seamless_interaction/naturalistic/train/video/V03_S0221_I00000486_P1422.mp4,https://dl.fbaipublicfiles.com/seamless_interaction/naturalistic/train/video/V03_S0221_I00000486_P1488.mp4,https://dl.fbaipublicfiles.com/seamless_interaction/naturalistic/train/metadata/vad/V03_S0221_I00000486_P1422.jsonl,https://dl.fbaipublicfiles.com/seamless_interaction/naturalistic/train/metadata/vad/V03_S0221_I00000486_P1488.jsonl
train,train,V03_S0221_I00000495,V03,0221,00000495,ipc_conversation,naturalistic,stranger,stranger,V03_S0221_I00000495_P1422,V03_S0221_I00000495_P1488,P1422,P1488,https://dl.fbaipublicfiles.com/seamless_interaction/naturalistic/train/audio/V03_S0221_I00000495_P1422.wav,https://dl.fbaipublicfiles.com/seamless_interaction/naturalistic/train/audio/V03_S0221_I00000495_P1488.wav,https://dl.fbaipublicfiles.com/seamless_interaction/naturalistic/train/video/V03_S0221_I00000495_P1422.mp4,https://dl.fbaipublicfiles.com/seamless_interaction/naturalistic/train/video/V03_S0221_I00000495_P1488.mp4,https://dl.fbaipublicfiles.com/seamless_interaction/naturalistic/train/metadata/vad/V03_S0221_I00000495_P1422.jsonl,https://dl.fbaipublicfiles.com/seamless_interaction/naturalistic/train/metadata/vad/V03_S0221_I00000495_P1488.jsonl
train,test,V03_S0225_I00000373,V03,0225,00000373,ipc_conversation,naturalistic,familiar,dating/spouse/romantic_partner,V03_S0225_I00000373_P1518,V03_S0225_I00000373_P1519,P1518,P1519,https://dl.fbaipublicfiles.com/seamless_interaction/naturalistic/test/audio/V03_S0225_I00000373_P1518.wav,https://dl.fbaipublicfiles.com/seamless_interaction/naturalistic/test/audio/V03_S0225_I00000373_P1519.wav,https://dl.fbaipublicfiles.com/seamless_interaction/naturalistic/test/video/V03_S0225_I00000373_P1518.mp4,https://dl.fbaipublicfiles.com/seamless_interaction/naturalistic/test/video/V03_S0225_I00000373_P1519.mp4,https://dl.fbaipublicfiles.com/seamless_interaction/naturalistic/test/metadata/vad/V03_S0225_I00000373_P1518.jsonl,https://dl.fbaipublicfiles.com/seamless_interaction/naturalistic/test/metadata/vad/V03_S0225_I00000373_P1519.jsonl
train,test,V03_S0225_I00000374,V03,0225,00000374,ipc_conversation,naturalistic,familiar,dating/spouse/romantic_partner,V03_S0225_I00000374_P1518,V03_S0225_I00000374_P1519,P1518,P1519,https://dl.fbaipublicfiles.com/seamless_interaction/naturalistic/test/audio/V03_S0225_I00000374_P1518.wav,https://dl.fbaipublicfiles.com/seamless_interaction/naturalistic/test/audio/V03_S0225_I00000374_P1519.wav,https://dl.fbaipublicfiles.com/seamless_interaction/naturalistic/test/video/V03_S0225_I00000374_P1518.mp4,https://dl.fbaipublicfiles.com/seamless_interaction/naturalistic/test/video/V03_S0225_I00000374_P1519.mp4,https://dl.fbaipublicfiles.com/seamless_interaction/naturalistic/test/metadata/vad/V03_S0225_I00000374_P1518.jsonl,https://dl.fbaipublicfiles.com/seamless_interaction/naturalistic/test/metadata/vad/V03_S0225_I00000374_P1519.jsonl
train,train,V03_S0226_I00000139,V03,0226,00000139,ipc_conversation,naturalistic,stranger,stranger,V03_S0226_I00000139_P1437,V03_S0226_I00000139_P1524,P1437,P1524,https://dl.fbaipublicfiles.com/seamless_interaction/naturalistic/train/audio/V03_S0226_I00000139_P1437.wav,https://dl.fbaipublicfiles.com/seamless_interaction/naturalistic/train/audio/V03_S0226_I00000139_P1524.wav,https://dl.fbaipublicfiles.com/seamless_interaction/naturalistic/train/video/V03_S0226_I00000139_P1437.mp4,https://dl.fbaipublicfiles.com/seamless_interaction/naturalistic/train/video/V03_S0226_I00000139_P1524.mp4,https://dl.fbaipublicfiles.com/seamless_interaction/naturalistic/train/metadata/vad/V03_S0226_I00000139_P1437.jsonl,https://dl.fbaipublicfiles.com/seamless_interaction/naturalistic/train/metadata/vad/V03_S0226_I00000139_P1524.jsonl
train,train,V03_S0226_I00000140,V03,0226,00000140,ipc_conversation,naturalistic,stranger,stranger,V03_S0226_I00000140_P1437,V03_S0226_I00000140_P1524,P1437,P1524,https://dl.fbaipublicfiles.com/seamless_interaction/naturalistic/train/audio/V03_S0226_I00000140_P1437.wav,https://dl.fbaipublicfiles.com/seamless_interaction/naturalistic/train/audio/V03_S0226_I00000140_P1524.wav,https://dl.fbaipublicfiles.com/seamless_interaction/naturalistic/train/video/V03_S0226_I00000140_P1437.mp4,https://dl.fbaipublicfiles.com/seamless_interaction/naturalistic/train/video/V03_S0226_I00000140_P1524.mp4,https://dl.fbaipublicfiles.com/seamless_interaction/naturalistic/train/metadata/vad/V03_S0226_I00000140_P1437.jsonl,https://dl.fbaipublicfiles.com/seamless_interaction/naturalistic/train/metadata/vad/V03_S0226_I00000140_P1524.jsonl
train,train,V03_S0241_I00000140,V03,0241,00000140,ipc_conversation,naturalistic,stranger,stranger,V03_S0241_I00000140_P1259,V03_S0241_I00000140_P1576,P1259,P1576,https://dl.fbaipublicfiles.com/seamless_interaction/naturalistic/train/audio/V03_S0241_I00000140_P1259.wav,https://dl.fbaipublicfiles.com/seamless_interaction/naturalistic/train/audio/V03_S0241_I00000140_P1576.wav,https://dl.fbaipublicfiles.com/seamless_interaction/naturalistic/train/video/V03_S0241_I00000140_P1259.mp4,https://dl.fbaipublicfiles.com/seamless_interaction/naturalistic/train/video/V03_S0241_I00000140_P1576.mp4,https://dl.fbaipublicfiles.com/seamless_interaction/naturalistic/train/metadata/vad/V03_S0241_I00000140_P1259.jsonl,https://dl.fbaipublicfiles.com/seamless_interaction/naturalistic/train/metadata/vad/V03_S0241_I00000140_P1576.jsonl
train,train,V03_S0241_I00000373,V03,0241,00000373,ipc_conversation,naturalistic,stranger,stranger,V03_S0241_I00000373_P1259,V03_S0241_I00000373_P1576,P1259,P1576,https://dl.fbaipublicfiles.com/seamless_interaction/naturalistic/train/audio/V03_S0241_I00000373_P1259.wav,https://dl.fbaipublicfiles.com/seamless_interaction/naturalistic/train/audio/V03_S0241_I00000373_P1576.wav,https://dl.fbaipublicfiles.com/seamless_interaction/naturalistic/train/video/V03_S0241_I00000373_P1259.mp4,https://dl.fbaipublicfiles.com/seamless_interaction/naturalistic/train/video/V03_S0241_I00000373_P1576.mp4,https://dl.fbaipublicfiles.com/seamless_interaction/naturalistic/train/metadata/vad/V03_S0241_I00000373_P1259.jsonl,https://dl.fbaipublicfiles.com/seamless_interaction/naturalistic/train/metadata/vad/V03_S0241_I00000373_P1576.jsonl
train,train,V03_S0243_I00000477,V03,0243,00000477,ipc_conversation,naturalistic,stranger,stranger,V03_S0243_I00000477_P1306,V03_S0243_I00000477_P1550,P1306,P1550,https://dl.fbaipublicfiles.com/seamless_interaction/naturalistic/train/audio/V03_S0243_I00000477_P1306.wav,https://dl.fbaipublicfiles.com/seamless_interaction/naturalistic/train/audio/V03_S0243_I00000477_P1550.wav,https://dl.fbaipublicfiles.com/seamless_interaction/naturalistic/train/video/V03_S0243_I00000477_P1306.mp4,https://dl.fbaipublicfiles.com/seamless_interaction/naturalistic/train/video/V03_S0243_I00000477_P1550.mp4,https://dl.fbaipublicfiles.com/seamless_interaction/naturalistic/train/metadata/vad/V03_S0243_I00000477_P1306.jsonl,https://dl.fbaipublicfiles.com/seamless_interaction/naturalistic/train/metadata/vad/V03_S0243_I00000477_P1550.jsonl
train,train,V03_S0243_I00000482,V03,0243,00000482,ipc_conversation,naturalistic,stranger,stranger,V03_S0243_I00000482_P1306,V03_S0243_I00000482_P1550,P1306,P1550,https://dl.fbaipublicfiles.com/seamless_interaction/naturalistic/train/audio/V03_S0243_I00000482_P1306.wav,https://dl.fbaipublicfiles.com/seamless_interaction/naturalistic/train/audio/V03_S0243_I00000482_P1550.wav,https://dl.fbaipublicfiles.com/seamless_interaction/naturalistic/train/video/V03_S0243_I00000482_P1306.mp4,https://dl.fbaipublicfiles.com/seamless_interaction/naturalistic/train/video/V03_S0243_I00000482_P1550.mp4,https://dl.fbaipublicfiles.com/seamless_interaction/naturalistic/train/metadata/vad/V03_S0243_I00000482_P1306.jsonl,https://dl.fbaipublicfiles.com/seamless_interaction/naturalistic/train/metadata/vad/V03_S0243_I00000482_P1550.jsonl
train,train,V03_S0243_I00000483,V03,0243,00000483,ipc_conversation,naturalistic,stranger,stranger,V03_S0243_I00000483_P1306,V03_S0243_I00000483_P1550,P1306,P1550,https://dl.fbaipublicfiles.com/seamless_interaction/naturalistic/train/audio/V03_S0243_I00000483_P1306.wav,https://dl.fbaipublicfiles.com/seamless_interaction/naturalistic/train/audio/V03_S0243_I00000483_P1550.wav,https://dl.fbaipublicfiles.com/seamless_interaction/naturalistic/train/video/V03_S0243_I00000483_P1306.mp4,https://dl.fbaipublicfiles.com/seamless_interaction/naturalistic/train/video/V03_S0243_I00000483_P1550.mp4,https://dl.fbaipublicfiles.com/seamless_interaction/naturalistic/train/metadata/vad/V03_S0243_I00000483_P1306.jsonl,https://dl.fbaipublicfiles.com/seamless_interaction/naturalistic/train/metadata/vad/V03_S0243_I00000483_P1550.jsonl
train,train,V03_S0262_I00000126,V03,0262,00000126,ipc_conversation,naturalistic,stranger,stranger,V03_S0262_I00000126_P1636,V03_S0262_I00000126_P1637,P1636,P1637,https://dl.fbaipublicfiles.com/seamless_interaction/naturalistic/train/audio/V03_S0262_I00000126_P1636.wav,https://dl.fbaipublicfiles.com/seamless_interaction/naturalistic/train/audio/V03_S0262_I00000126_P1637.wav,https://dl.fbaipublicfiles.com/seamless_interaction/naturalistic/train/video/V03_S0262_I00000126_P1636.mp4,https://dl.fbaipublicfiles.com/seamless_interaction/naturalistic/train/video/V03_S0262_I00000126_P1637.mp4,https://dl.fbaipublicfiles.com/seamless_interaction/naturalistic/train/metadata/vad/V03_S0262_I00000126_P1636.jsonl,https://dl.fbaipublicfiles.com/seamless_interaction/naturalistic/train/metadata/vad/V03_S0262_I00000126_P1637.jsonl
train,train,V03_S0262_I00000131,V03,0262,00000131,ipc_conversation,naturalistic,stranger,stranger,V03_S0262_I00000131_P1636,V03_S0262_I00000131_P1637,P1636,P1637,https://dl.fbaipublicfiles.com/seamless_interaction/naturalistic/train/audio/V03_S0262_I00000131_P1636.wav,https://dl.fbaipublicfiles.com/seamless_interaction/naturalistic/train/audio/V03_S0262_I00000131_P1637.wav,https://dl.fbaipublicfiles.com/seamless_interaction/naturalistic/train/video/V03_S0262_I00000131_P1636.mp4,https://dl.fbaipublicfiles.com/seamless_interaction/naturalistic/train/video/V03_S0262_I00000131_P1637.mp4,https://dl.fbaipublicfiles.com/seamless_interaction/naturalistic/train/metadata/vad/V03_S0262_I00000131_P1636.jsonl,https://dl.fbaipublicfiles.com/seamless_interaction/naturalistic/train/metadata/vad/V03_S0262_I00000131_P1637.jsonl
train,train,V03_S0262_I00000309,V03,0262,00000309,ipc_conversation,naturalistic,stranger,stranger,V03_S0262_I00000309_P1636,V03_S0262_I00000309_P1637,P1636,P1637,https://dl.fbaipublicfiles.com/seamless_interaction/naturalistic/train/audio/V03_S0262_I00000309_P1636.wav,https://dl.fbaipublicfiles.com/seamless_interaction/naturalistic/train/audio/V03_S0262_I00000309_P1637.wav,https://dl.fbaipublicfiles.com/seamless_interaction/naturalistic/train/video/V03_S0262_I00000309_P1636.mp4,https://dl.fbaipublicfiles.com/seamless_interaction/naturalistic/train/video/V03_S0262_I00000309_P1637.mp4,https://dl.fbaipublicfiles.com/seamless_interaction/naturalistic/train/metadata/vad/V03_S0262_I00000309_P1636.jsonl,https://dl.fbaipublicfiles.com/seamless_interaction/naturalistic/train/metadata/vad/V03_S0262_I00000309_P1637.jsonl
train,train,V03_S0263_I00000125,V03,0263,00000125,ipc_conversation,naturalistic,stranger,stranger,V03_S0263_I00000125_P1288,V03_S0263_I00000125_P1639,P1288,P1639,https://dl.fbaipublicfiles.com/seamless_interaction/naturalistic/train/audio/V03_S0263_I00000125_P1288.wav,https://dl.fbaipublicfiles.com/seamless_interaction/naturalistic/train/audio/V03_S0263_I00000125_P1639.wav,https://dl.fbaipublicfiles.com/seamless_interaction/naturalistic/train/video/V03_S0263_I00000125_P1288.mp4,https://dl.fbaipublicfiles.com/seamless_interaction/naturalistic/train/video/V03_S0263_I00000125_P1639.mp4,https://dl.fbaipublicfiles.com/seamless_interaction/naturalistic/train/metadata/vad/V03_S0263_I00000125_P1288.jsonl,https://dl.fbaipublicfiles.com/seamless_interaction/naturalistic/train/metadata/vad/V03_S0263_I00000125_P1639.jsonl
train,train,V03_S0263_I00000135,V03,0263,00000135,collaborative_storytelling,naturalistic,stranger,stranger,V03_S0263_I00000135_P1288,V03_S0263_I00000135_P1639,P1288,P1639,https://dl.fbaipublicfiles.com/seamless_interaction/naturalistic/train/audio/V03_S0263_I00000135_P1288.wav,https://dl.fbaipublicfiles.com/seamless_interaction/naturalistic/train/audio/V03_S0263_I00000135_P1639.wav,https://dl.fbaipublicfiles.com/seamless_interaction/naturalistic/train/video/V03_S0263_I00000135_P1288.mp4,https://dl.fbaipublicfiles.com/seamless_interaction/naturalistic/train/video/V03_S0263_I00000135_P1639.mp4,https://dl.fbaipublicfiles.com/seamless_interaction/naturalistic/train/metadata/vad/V03_S0263_I00000135_P1288.jsonl,https://dl.fbaipublicfiles.com/seamless_interaction/naturalistic/train/metadata/vad/V03_S0263_I00000135_P1639.jsonl
train,train,V03_S0275_I00000377,V03,0275,00000377,ipc_conversation,naturalistic,stranger,stranger,V03_S0275_I00000377_P1429,V03_S0275_I00000377_P1529,P1429,P1529,https://dl.fbaipublicfiles.com/seamless_interaction/naturalistic/train/audio/V03_S0275_I00000377_P1429.wav,https://dl.fbaipublicfiles.com/seamless_interaction/naturalistic/train/audio/V03_S0275_I00000377_P1529.wav,https://dl.fbaipublicfiles.com/seamless_interaction/naturalistic/train/video/V03_S0275_I00000377_P1429.mp4,https://dl.fbaipublicfiles.com/seamless_interaction/naturalistic/train/video/V03_S0275_I00000377_P1529.mp4,https://dl.fbaipublicfiles.com/seamless_interaction/naturalistic/train/metadata/vad/V03_S0275_I00000377_P1429.jsonl,https://dl.fbaipublicfiles.com/seamless_interaction/naturalistic/train/metadata/vad/V03_S0275_I00000377_P1529.jsonl
train,train,V03_S0275_I00000478,V03,0275,00000478,ipc_conversation,naturalistic,stranger,stranger,V03_S0275_I00000478_P1429,V03_S0275_I00000478_P1529,P1429,P1529,https://dl.fbaipublicfiles.com/seamless_interaction/naturalistic/train/audio/V03_S0275_I00000478_P1429.wav,https://dl.fbaipublicfiles.com/seamless_interaction/naturalistic/train/audio/V03_S0275_I00000478_P1529.wav,https://dl.fbaipublicfiles.com/seamless_interaction/naturalistic/train/video/V03_S0275_I00000478_P1429.mp4,https://dl.fbaipublicfiles.com/seamless_interaction/naturalistic/train/video/V03_S0275_I00000478_P1529.mp4,https://dl.fbaipublicfiles.com/seamless_interaction/naturalistic/train/metadata/vad/V03_S0275_I00000478_P1429.jsonl,https://dl.fbaipublicfiles.com/seamless_interaction/naturalistic/train/metadata/vad/V03_S0275_I00000478_P1529.jsonl
train,train,V03_S0292_I00000414,V03,0292,00000414,ipc_conversation,naturalistic,stranger,stranger,V03_S0292_I00000414_P1291,V03_S0292_I00000414_P1529,P1291,P1529,https://dl.fbaipublicfiles.com/seamless_interaction/naturalistic/train/audio/V03_S0292_I00000414_P1291.wav,https://dl.fbaipublicfiles.com/seamless_interaction/naturalistic/train/audio/V03_S0292_I00000414_P1529.wav,https://dl.fbaipublicfiles.com/seamless_interaction/naturalistic/train/video/V03_S0292_I00000414_P1291.mp4,https://dl.fbaipublicfiles.com/seamless_interaction/naturalistic/train/video/V03_S0292_I00000414_P1529.mp4,https://dl.fbaipublicfiles.com/seamless_interaction/naturalistic/train/metadata/vad/V03_S0292_I00000414_P1291.jsonl,https://dl.fbaipublicfiles.com/seamless_interaction/naturalistic/train/metadata/vad/V03_S0292_I00000414_P1529.jsonl
train,train,V03_S0292_I00000416,V03,0292,00000416,ipc_conversation,naturalistic,stranger,stranger,V03_S0292_I00000416_P1291,V03_S0292_I00000416_P1529,P1291,P1529,https://dl.fbaipublicfiles.com/seamless_interaction/naturalistic/train/audio/V03_S0292_I00000416_P1291.wav,https://dl.fbaipublicfiles.com/seamless_interaction/naturalistic/train/audio/V03_S0292_I00000416_P1529.wav,https://dl.fbaipublicfiles.com/seamless_interaction/naturalistic/train/video/V03_S0292_I00000416_P1291.mp4,https://dl.fbaipublicfiles.com/seamless_interaction/naturalistic/train/video/V03_S0292_I00000416_P1529.mp4,https://dl.fbaipublicfiles.com/seamless_interaction/naturalistic/train/metadata/vad/V03_S0292_I00000416_P1291.jsonl,https://dl.fbaipublicfiles.com/seamless_interaction/naturalistic/train/metadata/vad/V03_S0292_I00000416_P1529.jsonl
val,dev,V00_S0691_I00000482,V00,0691,00000482,ipc_conversation,naturalistic,stranger,stranger,V00_S0691_I00000482_P0500,V00_S0691_I00000482_P0840,P0500,P0840,https://dl.fbaipublicfiles.com/seamless_interaction/naturalistic/dev/audio/V00_S0691_I00000482_P0500.wav,https://dl.fbaipublicfiles.com/seamless_interaction/naturalistic/dev/audio/V00_S0691_I00000482_P0840.wav,https://dl.fbaipublicfiles.com/seamless_interaction/naturalistic/dev/video/V00_S0691_I00000482_P0500.mp4,https://dl.fbaipublicfiles.com/seamless_interaction/naturalistic/dev/video/V00_S0691_I00000482_P0840.mp4,https://dl.fbaipublicfiles.com/seamless_interaction/naturalistic/dev/metadata/vad/V00_S0691_I00000482_P0500.jsonl,https://dl.fbaipublicfiles.com/seamless_interaction/naturalistic/dev/metadata/vad/V00_S0691_I00000482_P0840.jsonl
val,train,V00_S1297_I00000197,V00,1297,00000197,ipc_conversation,naturalistic,familiar,friends,V00_S1297_I00000197_P1019,V00_S1297_I00000197_P1123,P1019,P1123,https://dl.fbaipublicfiles.com/seamless_interaction/naturalistic/train/audio/V00_S1297_I00000197_P1019.wav,https://dl.fbaipublicfiles.com/seamless_interaction/naturalistic/train/audio/V00_S1297_I00000197_P1123.wav,https://dl.fbaipublicfiles.com/seamless_interaction/naturalistic/train/video/V00_S1297_I00000197_P1019.mp4,https://dl.fbaipublicfiles.com/seamless_interaction/naturalistic/train/video/V00_S1297_I00000197_P1123.mp4,https://dl.fbaipublicfiles.com/seamless_interaction/naturalistic/train/metadata/vad/V00_S1297_I00000197_P1019.jsonl,https://dl.fbaipublicfiles.com/seamless_interaction/naturalistic/train/metadata/vad/V00_S1297_I00000197_P1123.jsonl
val,train,V00_S1297_I00000200,V00,1297,00000200,ipc_conversation,naturalistic,familiar,friends,V00_S1297_I00000200_P1019,V00_S1297_I00000200_P1123,P1019,P1123,https://dl.fbaipublicfiles.com/seamless_interaction/naturalistic/train/audio/V00_S1297_I00000200_P1019.wav,https://dl.fbaipublicfiles.com/seamless_interaction/naturalistic/train/audio/V00_S1297_I00000200_P1123.wav,https://dl.fbaipublicfiles.com/seamless_interaction/naturalistic/train/video/V00_S1297_I00000200_P1019.mp4,https://dl.fbaipublicfiles.com/seamless_interaction/naturalistic/train/video/V00_S1297_I00000200_P1123.mp4,https://dl.fbaipublicfiles.com/seamless_interaction/naturalistic/train/metadata/vad/V00_S1297_I00000200_P1019.jsonl,https://dl.fbaipublicfiles.com/seamless_interaction/naturalistic/train/metadata/vad/V00_S1297_I00000200_P1123.jsonl
val,train,V00_S1297_I00000201,V00,1297,00000201,ipc_conversation,naturalistic,familiar,friends,V00_S1297_I00000201_P1019,V00_S1297_I00000201_P1123,P1019,P1123,https://dl.fbaipublicfiles.com/seamless_interaction/naturalistic/train/audio/V00_S1297_I00000201_P1019.wav,https://dl.fbaipublicfiles.com/seamless_interaction/naturalistic/train/audio/V00_S1297_I00000201_P1123.wav,https://dl.fbaipublicfiles.com/seamless_interaction/naturalistic/train/video/V00_S1297_I00000201_P1019.mp4,https://dl.fbaipublicfiles.com/seamless_interaction/naturalistic/train/video/V00_S1297_I00000201_P1123.mp4,https://dl.fbaipublicfiles.com/seamless_interaction/naturalistic/train/metadata/vad/V00_S1297_I00000201_P1019.jsonl,https://dl.fbaipublicfiles.com/seamless_interaction/naturalistic/train/metadata/vad/V00_S1297_I00000201_P1123.jsonl
val,train,V00_S1297_I00000202,V00,1297,00000202,ipc_conversation,naturalistic,familiar,friends,V00_S1297_I00000202_P1019,V00_S1297_I00000202_P1123,P1019,P1123,https://dl.fbaipublicfiles.com/seamless_interaction/naturalistic/train/audio/V00_S1297_I00000202_P1019.wav,https://dl.fbaipublicfiles.com/seamless_interaction/naturalistic/train/audio/V00_S1297_I00000202_P1123.wav,https://dl.fbaipublicfiles.com/seamless_interaction/naturalistic/train/video/V00_S1297_I00000202_P1019.mp4,https://dl.fbaipublicfiles.com/seamless_interaction/naturalistic/train/video/V00_S1297_I00000202_P1123.mp4,https://dl.fbaipublicfiles.com/seamless_interaction/naturalistic/train/metadata/vad/V00_S1297_I00000202_P1019.jsonl,https://dl.fbaipublicfiles.com/seamless_interaction/naturalistic/train/metadata/vad/V00_S1297_I00000202_P1123.jsonl
val,train,V00_S1297_I00000204,V00,1297,00000204,ipc_conversation,naturalistic,familiar,friends,V00_S1297_I00000204_P1019,V00_S1297_I00000204_P1123,P1019,P1123,https://dl.fbaipublicfiles.com/seamless_interaction/naturalistic/train/audio/V00_S1297_I00000204_P1019.wav,https://dl.fbaipublicfiles.com/seamless_interaction/naturalistic/train/audio/V00_S1297_I00000204_P1123.wav,https://dl.fbaipublicfiles.com/seamless_interaction/naturalistic/train/video/V00_S1297_I00000204_P1019.mp4,https://dl.fbaipublicfiles.com/seamless_interaction/naturalistic/train/video/V00_S1297_I00000204_P1123.mp4,https://dl.fbaipublicfiles.com/seamless_interaction/naturalistic/train/metadata/vad/V00_S1297_I00000204_P1019.jsonl,https://dl.fbaipublicfiles.com/seamless_interaction/naturalistic/train/metadata/vad/V00_S1297_I00000204_P1123.jsonl
val,train,V00_S1297_I00000205,V00,1297,00000205,ipc_conversation,naturalistic,familiar,friends,V00_S1297_I00000205_P1019,V00_S1297_I00000205_P1123,P1019,P1123,https://dl.fbaipublicfiles.com/seamless_interaction/naturalistic/train/audio/V00_S1297_I00000205_P1019.wav,https://dl.fbaipublicfiles.com/seamless_interaction/naturalistic/train/audio/V00_S1297_I00000205_P1123.wav,https://dl.fbaipublicfiles.com/seamless_interaction/naturalistic/train/video/V00_S1297_I00000205_P1019.mp4,https://dl.fbaipublicfiles.com/seamless_interaction/naturalistic/train/video/V00_S1297_I00000205_P1123.mp4,https://dl.fbaipublicfiles.com/seamless_interaction/naturalistic/train/metadata/vad/V00_S1297_I00000205_P1019.jsonl,https://dl.fbaipublicfiles.com/seamless_interaction/naturalistic/train/metadata/vad/V00_S1297_I00000205_P1123.jsonl
val,train,V00_S1297_I00000226,V00,1297,00000226,ipc_conversation,naturalistic,familiar,friends,V00_S1297_I00000226_P1019,V00_S1297_I00000226_P1123,P1019,P1123,https://dl.fbaipublicfiles.com/seamless_interaction/naturalistic/train/audio/V00_S1297_I00000226_P1019.wav,https://dl.fbaipublicfiles.com/seamless_interaction/naturalistic/train/audio/V00_S1297_I00000226_P1123.wav,https://dl.fbaipublicfiles.com/seamless_interaction/naturalistic/train/video/V00_S1297_I00000226_P1019.mp4,https://dl.fbaipublicfiles.com/seamless_interaction/naturalistic/train/video/V00_S1297_I00000226_P1123.mp4,https://dl.fbaipublicfiles.com/seamless_interaction/naturalistic/train/metadata/vad/V00_S1297_I00000226_P1019.jsonl,https://dl.fbaipublicfiles.com/seamless_interaction/naturalistic/train/metadata/vad/V00_S1297_I00000226_P1123.jsonl
val,train,V01_S0325_I00000314,V01,0325,00000314,ipc_conversation,naturalistic,stranger,stranger,V01_S0325_I00000314_P1666,V01_S0325_I00000314_P1667,P1666,P1667,https://dl.fbaipublicfiles.com/seamless_interaction/naturalistic/train/audio/V01_S0325_I00000314_P1666.wav,https://dl.fbaipublicfiles.com/seamless_interaction/naturalistic/train/audio/V01_S0325_I00000314_P1667.wav,https://dl.fbaipublicfiles.com/seamless_interaction/naturalistic/train/video/V01_S0325_I00000314_P1666.mp4,https://dl.fbaipublicfiles.com/seamless_interaction/naturalistic/train/video/V01_S0325_I00000314_P1667.mp4,https://dl.fbaipublicfiles.com/seamless_interaction/naturalistic/train/metadata/vad/V01_S0325_I00000314_P1666.jsonl,https://dl.fbaipublicfiles.com/seamless_interaction/naturalistic/train/metadata/vad/V01_S0325_I00000314_P1667.jsonl
val,train,V02_S3653_I00000055,V02,3653,00000055,ipc_conversation,naturalistic,stranger,stranger,V02_S3653_I00000055_P4257,V02_S3653_I00000055_P4261,P4257,P4261,https://dl.fbaipublicfiles.com/seamless_interaction/naturalistic/train/audio/V02_S3653_I00000055_P4257.wav,https://dl.fbaipublicfiles.com/seamless_interaction/naturalistic/train/audio/V02_S3653_I00000055_P4261.wav,https://dl.fbaipublicfiles.com/seamless_interaction/naturalistic/train/video/V02_S3653_I00000055_P4257.mp4,https://dl.fbaipublicfiles.com/seamless_interaction/naturalistic/train/video/V02_S3653_I00000055_P4261.mp4,https://dl.fbaipublicfiles.com/seamless_interaction/naturalistic/train/metadata/vad/V02_S3653_I00000055_P4257.jsonl,https://dl.fbaipublicfiles.com/seamless_interaction/naturalistic/train/metadata/vad/V02_S3653_I00000055_P4261.jsonl
val,train,V02_S5262_I00000293,V02,5262,00000293,ipc_conversation,naturalistic,familiar,family-generic,V02_S5262_I00000293_P5262,V02_S5262_I00000293_P5263,P5262,P5263,https://dl.fbaipublicfiles.com/seamless_interaction/naturalistic/train/audio/V02_S5262_I00000293_P5262.wav,https://dl.fbaipublicfiles.com/seamless_interaction/naturalistic/train/audio/V02_S5262_I00000293_P5263.wav,https://dl.fbaipublicfiles.com/seamless_interaction/naturalistic/train/video/V02_S5262_I00000293_P5262.mp4,https://dl.fbaipublicfiles.com/seamless_interaction/naturalistic/train/video/V02_S5262_I00000293_P5263.mp4,https://dl.fbaipublicfiles.com/seamless_interaction/naturalistic/train/metadata/vad/V02_S5262_I00000293_P5262.jsonl,https://dl.fbaipublicfiles.com/seamless_interaction/naturalistic/train/metadata/vad/V02_S5262_I00000293_P5263.jsonl
val,train,V03_S0154_I00000127,V03,0154,00000127,ipc_conversation,naturalistic,stranger,stranger,V03_S0154_I00000127_P1330,V03_S0154_I00000127_P1331,P1330,P1331,https://dl.fbaipublicfiles.com/seamless_interaction/naturalistic/train/audio/V03_S0154_I00000127_P1330.wav,https://dl.fbaipublicfiles.com/seamless_interaction/naturalistic/train/audio/V03_S0154_I00000127_P1331.wav,https://dl.fbaipublicfiles.com/seamless_interaction/naturalistic/train/video/V03_S0154_I00000127_P1330.mp4,https://dl.fbaipublicfiles.com/seamless_interaction/naturalistic/train/video/V03_S0154_I00000127_P1331.mp4,https://dl.fbaipublicfiles.com/seamless_interaction/naturalistic/train/metadata/vad/V03_S0154_I00000127_P1330.jsonl,https://dl.fbaipublicfiles.com/seamless_interaction/naturalistic/train/metadata/vad/V03_S0154_I00000127_P1331.jsonl
val,train,V03_S0154_I00000128,V03,0154,00000128,ipc_conversation,naturalistic,stranger,stranger,V03_S0154_I00000128_P1330,V03_S0154_I00000128_P1331,P1330,P1331,https://dl.fbaipublicfiles.com/seamless_interaction/naturalistic/train/audio/V03_S0154_I00000128_P1330.wav,https://dl.fbaipublicfiles.com/seamless_interaction/naturalistic/train/audio/V03_S0154_I00000128_P1331.wav,https://dl.fbaipublicfiles.com/seamless_interaction/naturalistic/train/video/V03_S0154_I00000128_P1330.mp4,https://dl.fbaipublicfiles.com/seamless_interaction/naturalistic/train/video/V03_S0154_I00000128_P1331.mp4,https://dl.fbaipublicfiles.com/seamless_interaction/naturalistic/train/metadata/vad/V03_S0154_I00000128_P1330.jsonl,https://dl.fbaipublicfiles.com/seamless_interaction/naturalistic/train/metadata/vad/V03_S0154_I00000128_P1331.jsonl
val,train,V03_S0154_I00000131,V03,0154,00000131,ipc_conversation,naturalistic,stranger,stranger,V03_S0154_I00000131_P1330,V03_S0154_I00000131_P1331,P1330,P1331,https://dl.fbaipublicfiles.com/seamless_interaction/naturalistic/train/audio/V03_S0154_I00000131_P1330.wav,https://dl.fbaipublicfiles.com/seamless_interaction/naturalistic/train/audio/V03_S0154_I00000131_P1331.wav,https://dl.fbaipublicfiles.com/seamless_interaction/naturalistic/train/video/V03_S0154_I00000131_P1330.mp4,https://dl.fbaipublicfiles.com/seamless_interaction/naturalistic/train/video/V03_S0154_I00000131_P1331.mp4,https://dl.fbaipublicfiles.com/seamless_interaction/naturalistic/train/metadata/vad/V03_S0154_I00000131_P1330.jsonl,https://dl.fbaipublicfiles.com/seamless_interaction/naturalistic/train/metadata/vad/V03_S0154_I00000131_P1331.jsonl
val,train,V03_S0154_I00000307,V03,0154,00000307,ipc_conversation,naturalistic,stranger,stranger,V03_S0154_I00000307_P1330,V03_S0154_I00000307_P1331,P1330,P1331,https://dl.fbaipublicfiles.com/seamless_interaction/naturalistic/train/audio/V03_S0154_I00000307_P1330.wav,https://dl.fbaipublicfiles.com/seamless_interaction/naturalistic/train/audio/V03_S0154_I00000307_P1331.wav,https://dl.fbaipublicfiles.com/seamless_interaction/naturalistic/train/video/V03_S0154_I00000307_P1330.mp4,https://dl.fbaipublicfiles.com/seamless_interaction/naturalistic/train/video/V03_S0154_I00000307_P1331.mp4,https://dl.fbaipublicfiles.com/seamless_interaction/naturalistic/train/metadata/vad/V03_S0154_I00000307_P1330.jsonl,https://dl.fbaipublicfiles.com/seamless_interaction/naturalistic/train/metadata/vad/V03_S0154_I00000307_P1331.jsonl
val,train,V03_S0164_I00000371,V03,0164,00000371,ipc_conversation,naturalistic,stranger,stranger,V03_S0164_I00000371_P1322,V03_S0164_I00000371_P1354,P1322,P1354,https://dl.fbaipublicfiles.com/seamless_interaction/naturalistic/train/audio/V03_S0164_I00000371_P1322.wav,https://dl.fbaipublicfiles.com/seamless_interaction/naturalistic/train/audio/V03_S0164_I00000371_P1354.wav,https://dl.fbaipublicfiles.com/seamless_interaction/naturalistic/train/video/V03_S0164_I00000371_P1322.mp4,https://dl.fbaipublicfiles.com/seamless_interaction/naturalistic/train/video/V03_S0164_I00000371_P1354.mp4,https://dl.fbaipublicfiles.com/seamless_interaction/naturalistic/train/metadata/vad/V03_S0164_I00000371_P1322.jsonl,https://dl.fbaipublicfiles.com/seamless_interaction/naturalistic/train/metadata/vad/V03_S0164_I00000371_P1354.jsonl
val,train,V03_S0164_I00000375,V03,0164,00000375,ipc_conversation,naturalistic,stranger,stranger,V03_S0164_I00000375_P1322,V03_S0164_I00000375_P1354,P1322,P1354,https://dl.fbaipublicfiles.com/seamless_interaction/naturalistic/train/audio/V03_S0164_I00000375_P1322.wav,https://dl.fbaipublicfiles.com/seamless_interaction/naturalistic/train/audio/V03_S0164_I00000375_P1354.wav,https://dl.fbaipublicfiles.com/seamless_interaction/naturalistic/train/video/V03_S0164_I00000375_P1322.mp4,https://dl.fbaipublicfiles.com/seamless_interaction/naturalistic/train/video/V03_S0164_I00000375_P1354.mp4,https://dl.fbaipublicfiles.com/seamless_interaction/naturalistic/train/metadata/vad/V03_S0164_I00000375_P1322.jsonl,https://dl.fbaipublicfiles.com/seamless_interaction/naturalistic/train/metadata/vad/V03_S0164_I00000375_P1354.jsonl
val,train,V03_S0166_I00000375,V03,0166,00000375,ipc_conversation,naturalistic,familiar,siblings,V03_S0166_I00000375_P1358,V03_S0166_I00000375_P1359,P1358,P1359,https://dl.fbaipublicfiles.com/seamless_interaction/naturalistic/train/audio/V03_S0166_I00000375_P1358.wav,https://dl.fbaipublicfiles.com/seamless_interaction/naturalistic/train/audio/V03_S0166_I00000375_P1359.wav,https://dl.fbaipublicfiles.com/seamless_interaction/naturalistic/train/video/V03_S0166_I00000375_P1358.mp4,https://dl.fbaipublicfiles.com/seamless_interaction/naturalistic/train/video/V03_S0166_I00000375_P1359.mp4,https://dl.fbaipublicfiles.com/seamless_interaction/naturalistic/train/metadata/vad/V03_S0166_I00000375_P1358.jsonl,https://dl.fbaipublicfiles.com/seamless_interaction/naturalistic/train/metadata/vad/V03_S0166_I00000375_P1359.jsonl
val,train,V03_S0201_I00000371,V03,0201,00000371,ipc_conversation,naturalistic,stranger,stranger,V03_S0201_I00000371_P1432,V03_S0201_I00000371_P1433,P1432,P1433,https://dl.fbaipublicfiles.com/seamless_interaction/naturalistic/train/audio/V03_S0201_I00000371_P1432.wav,https://dl.fbaipublicfiles.com/seamless_interaction/naturalistic/train/audio/V03_S0201_I00000371_P1433.wav,https://dl.fbaipublicfiles.com/seamless_interaction/naturalistic/train/video/V03_S0201_I00000371_P1432.mp4,https://dl.fbaipublicfiles.com/seamless_interaction/naturalistic/train/video/V03_S0201_I00000371_P1433.mp4,https://dl.fbaipublicfiles.com/seamless_interaction/naturalistic/train/metadata/vad/V03_S0201_I00000371_P1432.jsonl,https://dl.fbaipublicfiles.com/seamless_interaction/naturalistic/train/metadata/vad/V03_S0201_I00000371_P1433.jsonl
val,train,V03_S0201_I00000374,V03,0201,00000374,ipc_conversation,naturalistic,stranger,stranger,V03_S0201_I00000374_P1432,V03_S0201_I00000374_P1433,P1432,P1433,https://dl.fbaipublicfiles.com/seamless_interaction/naturalistic/train/audio/V03_S0201_I00000374_P1432.wav,https://dl.fbaipublicfiles.com/seamless_interaction/naturalistic/train/audio/V03_S0201_I00000374_P1433.wav,https://dl.fbaipublicfiles.com/seamless_interaction/naturalistic/train/video/V03_S0201_I00000374_P1432.mp4,https://dl.fbaipublicfiles.com/seamless_interaction/naturalistic/train/video/V03_S0201_I00000374_P1433.mp4,https://dl.fbaipublicfiles.com/seamless_interaction/naturalistic/train/metadata/vad/V03_S0201_I00000374_P1432.jsonl,https://dl.fbaipublicfiles.com/seamless_interaction/naturalistic/train/metadata/vad/V03_S0201_I00000374_P1433.jsonl
val,train,V03_S0201_I00000375,V03,0201,00000375,ipc_conversation,naturalistic,stranger,stranger,V03_S0201_I00000375_P1432,V03_S0201_I00000375_P1433,P1432,P1433,https://dl.fbaipublicfiles.com/seamless_interaction/naturalistic/train/audio/V03_S0201_I00000375_P1432.wav,https://dl.fbaipublicfiles.com/seamless_interaction/naturalistic/train/audio/V03_S0201_I00000375_P1433.wav,https://dl.fbaipublicfiles.com/seamless_interaction/naturalistic/train/video/V03_S0201_I00000375_P1432.mp4,https://dl.fbaipublicfiles.com/seamless_interaction/naturalistic/train/video/V03_S0201_I00000375_P1433.mp4,https://dl.fbaipublicfiles.com/seamless_interaction/naturalistic/train/metadata/vad/V03_S0201_I00000375_P1432.jsonl,https://dl.fbaipublicfiles.com/seamless_interaction/naturalistic/train/metadata/vad/V03_S0201_I00000375_P1433.jsonl
val,train,V03_S0201_I00000382,V03,0201,00000382,ipc_conversation,naturalistic,stranger,stranger,V03_S0201_I00000382_P1432,V03_S0201_I00000382_P1433,P1432,P1433,https://dl.fbaipublicfiles.com/seamless_interaction/naturalistic/train/audio/V03_S0201_I00000382_P1432.wav,https://dl.fbaipublicfiles.com/seamless_interaction/naturalistic/train/audio/V03_S0201_I00000382_P1433.wav,https://dl.fbaipublicfiles.com/seamless_interaction/naturalistic/train/video/V03_S0201_I00000382_P1432.mp4,https://dl.fbaipublicfiles.com/seamless_interaction/naturalistic/train/video/V03_S0201_I00000382_P1433.mp4,https://dl.fbaipublicfiles.com/seamless_interaction/naturalistic/train/metadata/vad/V03_S0201_I00000382_P1432.jsonl,https://dl.fbaipublicfiles.com/seamless_interaction/naturalistic/train/metadata/vad/V03_S0201_I00000382_P1433.jsonl
val,train,V03_S0201_I00000502,V03,0201,00000502,ipc_conversation,naturalistic,stranger,stranger,V03_S0201_I00000502_P1432,V03_S0201_I00000502_P1433,P1432,P1433,https://dl.fbaipublicfiles.com/seamless_interaction/naturalistic/train/audio/V03_S0201_I00000502_P1432.wav,https://dl.fbaipublicfiles.com/seamless_interaction/naturalistic/train/audio/V03_S0201_I00000502_P1433.wav,https://dl.fbaipublicfiles.com/seamless_interaction/naturalistic/train/video/V03_S0201_I00000502_P1432.mp4,https://dl.fbaipublicfiles.com/seamless_interaction/naturalistic/train/video/V03_S0201_I00000502_P1433.mp4,https://dl.fbaipublicfiles.com/seamless_interaction/naturalistic/train/metadata/vad/V03_S0201_I00000502_P1432.jsonl,https://dl.fbaipublicfiles.com/seamless_interaction/naturalistic/train/metadata/vad/V03_S0201_I00000502_P1433.jsonl
val,test,V03_S0213_I00000125,V03,0213,00000125,ipc_conversation,naturalistic,familiar,familiar-generic,V03_S0213_I00000125_P1466,V03_S0213_I00000125_P1467,P1466,P1467,https://dl.fbaipublicfiles.com/seamless_interaction/naturalistic/test/audio/V03_S0213_I00000125_P1466.wav,https://dl.fbaipublicfiles.com/seamless_interaction/naturalistic/test/audio/V03_S0213_I00000125_P1467.wav,https://dl.fbaipublicfiles.com/seamless_interaction/naturalistic/test/video/V03_S0213_I00000125_P1466.mp4,https://dl.fbaipublicfiles.com/seamless_interaction/naturalistic/test/video/V03_S0213_I00000125_P1467.mp4,https://dl.fbaipublicfiles.com/seamless_interaction/naturalistic/test/metadata/vad/V03_S0213_I00000125_P1466.jsonl,https://dl.fbaipublicfiles.com/seamless_interaction/naturalistic/test/metadata/vad/V03_S0213_I00000125_P1467.jsonl
val,test,V03_S0213_I00000130,V03,0213,00000130,ipc_conversation,naturalistic,familiar,familiar-generic,V03_S0213_I00000130_P1466,V03_S0213_I00000130_P1467,P1466,P1467,https://dl.fbaipublicfiles.com/seamless_interaction/naturalistic/test/audio/V03_S0213_I00000130_P1466.wav,https://dl.fbaipublicfiles.com/seamless_interaction/naturalistic/test/audio/V03_S0213_I00000130_P1467.wav,https://dl.fbaipublicfiles.com/seamless_interaction/naturalistic/test/video/V03_S0213_I00000130_P1466.mp4,https://dl.fbaipublicfiles.com/seamless_interaction/naturalistic/test/video/V03_S0213_I00000130_P1467.mp4,https://dl.fbaipublicfiles.com/seamless_interaction/naturalistic/test/metadata/vad/V03_S0213_I00000130_P1466.jsonl,https://dl.fbaipublicfiles.com/seamless_interaction/naturalistic/test/metadata/vad/V03_S0213_I00000130_P1467.jsonl
val,test,V03_S0213_I00000461,V03,0213,00000461,ipc_conversation,naturalistic,familiar,familiar-generic,V03_S0213_I00000461_P1466,V03_S0213_I00000461_P1467,P1466,P1467,https://dl.fbaipublicfiles.com/seamless_interaction/naturalistic/test/audio/V03_S0213_I00000461_P1466.wav,https://dl.fbaipublicfiles.com/seamless_interaction/naturalistic/test/audio/V03_S0213_I00000461_P1467.wav,https://dl.fbaipublicfiles.com/seamless_interaction/naturalistic/test/video/V03_S0213_I00000461_P1466.mp4,https://dl.fbaipublicfiles.com/seamless_interaction/naturalistic/test/video/V03_S0213_I00000461_P1467.mp4,https://dl.fbaipublicfiles.com/seamless_interaction/naturalistic/test/metadata/vad/V03_S0213_I00000461_P1466.jsonl,https://dl.fbaipublicfiles.com/seamless_interaction/naturalistic/test/metadata/vad/V03_S0213_I00000461_P1467.jsonl
val,train,V03_S0214_I00000480,V03,0214,00000480,ipc_conversation,naturalistic,stranger,stranger,V03_S0214_I00000480_P1286,V03_S0214_I00000480_P1358,P1286,P1358,https://dl.fbaipublicfiles.com/seamless_interaction/naturalistic/train/audio/V03_S0214_I00000480_P1286.wav,https://dl.fbaipublicfiles.com/seamless_interaction/naturalistic/train/audio/V03_S0214_I00000480_P1358.wav,https://dl.fbaipublicfiles.com/seamless_interaction/naturalistic/train/video/V03_S0214_I00000480_P1286.mp4,https://dl.fbaipublicfiles.com/seamless_interaction/naturalistic/train/video/V03_S0214_I00000480_P1358.mp4,https://dl.fbaipublicfiles.com/seamless_interaction/naturalistic/train/metadata/vad/V03_S0214_I00000480_P1286.jsonl,https://dl.fbaipublicfiles.com/seamless_interaction/naturalistic/train/metadata/vad/V03_S0214_I00000480_P1358.jsonl
val,train,V03_S0259_I00000495,V03,0259,00000495,ipc_conversation,naturalistic,stranger,stranger,V03_S0259_I00000495_P1626,V03_S0259_I00000495_P1627,P1626,P1627,https://dl.fbaipublicfiles.com/seamless_interaction/naturalistic/train/audio/V03_S0259_I00000495_P1626.wav,https://dl.fbaipublicfiles.com/seamless_interaction/naturalistic/train/audio/V03_S0259_I00000495_P1627.wav,https://dl.fbaipublicfiles.com/seamless_interaction/naturalistic/train/video/V03_S0259_I00000495_P1626.mp4,https://dl.fbaipublicfiles.com/seamless_interaction/naturalistic/train/video/V03_S0259_I00000495_P1627.mp4,https://dl.fbaipublicfiles.com/seamless_interaction/naturalistic/train/metadata/vad/V03_S0259_I00000495_P1626.jsonl,https://dl.fbaipublicfiles.com/seamless_interaction/naturalistic/train/metadata/vad/V03_S0259_I00000495_P1627.jsonl
val,train,V03_S0260_I00000126,V03,0260,00000126,ipc_conversation,naturalistic,stranger,stranger,V03_S0260_I00000126_P1628,V03_S0260_I00000126_P1629,P1628,P1629,https://dl.fbaipublicfiles.com/seamless_interaction/naturalistic/train/audio/V03_S0260_I00000126_P1628.wav,https://dl.fbaipublicfiles.com/seamless_interaction/naturalistic/train/audio/V03_S0260_I00000126_P1629.wav,https://dl.fbaipublicfiles.com/seamless_interaction/naturalistic/train/video/V03_S0260_I00000126_P1628.mp4,https://dl.fbaipublicfiles.com/seamless_interaction/naturalistic/train/video/V03_S0260_I00000126_P1629.mp4,https://dl.fbaipublicfiles.com/seamless_interaction/naturalistic/train/metadata/vad/V03_S0260_I00000126_P1628.jsonl,https://dl.fbaipublicfiles.com/seamless_interaction/naturalistic/train/metadata/vad/V03_S0260_I00000126_P1629.jsonl
val,train,V03_S0260_I00000132,V03,0260,00000132,ipc_conversation,naturalistic,stranger,stranger,V03_S0260_I00000132_P1628,V03_S0260_I00000132_P1629,P1628,P1629,https://dl.fbaipublicfiles.com/seamless_interaction/naturalistic/train/audio/V03_S0260_I00000132_P1628.wav,https://dl.fbaipublicfiles.com/seamless_interaction/naturalistic/train/audio/V03_S0260_I00000132_P1629.wav,https://dl.fbaipublicfiles.com/seamless_interaction/naturalistic/train/video/V03_S0260_I00000132_P1628.mp4,https://dl.fbaipublicfiles.com/seamless_interaction/naturalistic/train/video/V03_S0260_I00000132_P1629.mp4,https://dl.fbaipublicfiles.com/seamless_interaction/naturalistic/train/metadata/vad/V03_S0260_I00000132_P1628.jsonl,https://dl.fbaipublicfiles.com/seamless_interaction/naturalistic/train/metadata/vad/V03_S0260_I00000132_P1629.jsonl
val,train,V03_S0260_I00000135,V03,0260,00000135,collaborative_storytelling,naturalistic,stranger,stranger,V03_S0260_I00000135_P1628,V03_S0260_I00000135_P1629,P1628,P1629,https://dl.fbaipublicfiles.com/seamless_interaction/naturalistic/train/audio/V03_S0260_I00000135_P1628.wav,https://dl.fbaipublicfiles.com/seamless_interaction/naturalistic/train/audio/V03_S0260_I00000135_P1629.wav,https://dl.fbaipublicfiles.com/seamless_interaction/naturalistic/train/video/V03_S0260_I00000135_P1628.mp4,https://dl.fbaipublicfiles.com/seamless_interaction/naturalistic/train/video/V03_S0260_I00000135_P1629.mp4,https://dl.fbaipublicfiles.com/seamless_interaction/naturalistic/train/metadata/vad/V03_S0260_I00000135_P1628.jsonl,https://dl.fbaipublicfiles.com/seamless_interaction/naturalistic/train/metadata/vad/V03_S0260_I00000135_P1629.jsonl
val,train,V03_S0260_I00000309,V03,0260,00000309,ipc_conversation,naturalistic,stranger,stranger,V03_S0260_I00000309_P1628,V03_S0260_I00000309_P1629,P1628,P1629,https://dl.fbaipublicfiles.com/seamless_interaction/naturalistic/train/audio/V03_S0260_I00000309_P1628.wav,https://dl.fbaipublicfiles.com/seamless_interaction/naturalistic/train/audio/V03_S0260_I00000309_P1629.wav,https://dl.fbaipublicfiles.com/seamless_interaction/naturalistic/train/video/V03_S0260_I00000309_P1628.mp4,https://dl.fbaipublicfiles.com/seamless_interaction/naturalistic/train/video/V03_S0260_I00000309_P1629.mp4,https://dl.fbaipublicfiles.com/seamless_interaction/naturalistic/train/metadata/vad/V03_S0260_I00000309_P1628.jsonl,https://dl.fbaipublicfiles.com/seamless_interaction/naturalistic/train/metadata/vad/V03_S0260_I00000309_P1629.jsonl
val,train,V03_S0261_I00000374,V03,0261,00000374,ipc_conversation,naturalistic,familiar,familiar-generic,V03_S0261_I00000374_P1490,V03_S0261_I00000374_P1634,P1490,P1634,https://dl.fbaipublicfiles.com/seamless_interaction/naturalistic/train/audio/V03_S0261_I00000374_P1490.wav,https://dl.fbaipublicfiles.com/seamless_interaction/naturalistic/train/audio/V03_S0261_I00000374_P1634.wav,https://dl.fbaipublicfiles.com/seamless_interaction/naturalistic/train/video/V03_S0261_I00000374_P1490.mp4,https://dl.fbaipublicfiles.com/seamless_interaction/naturalistic/train/video/V03_S0261_I00000374_P1634.mp4,https://dl.fbaipublicfiles.com/seamless_interaction/naturalistic/train/metadata/vad/V03_S0261_I00000374_P1490.jsonl,https://dl.fbaipublicfiles.com/seamless_interaction/naturalistic/train/metadata/vad/V03_S0261_I00000374_P1634.jsonl
test,train,V00_S1295_I00000280,V00,1295,00000280,ipc_conversation,naturalistic,familiar,friends,V00_S1295_I00000280_P0518,V00_S1295_I00000280_P1122,P0518,P1122,https://dl.fbaipublicfiles.com/seamless_interaction/naturalistic/train/audio/V00_S1295_I00000280_P0518.wav,https://dl.fbaipublicfiles.com/seamless_interaction/naturalistic/train/audio/V00_S1295_I00000280_P1122.wav,https://dl.fbaipublicfiles.com/seamless_interaction/naturalistic/train/video/V00_S1295_I00000280_P0518.mp4,https://dl.fbaipublicfiles.com/seamless_interaction/naturalistic/train/video/V00_S1295_I00000280_P1122.mp4,https://dl.fbaipublicfiles.com/seamless_interaction/naturalistic/train/metadata/vad/V00_S1295_I00000280_P0518.jsonl,https://dl.fbaipublicfiles.com/seamless_interaction/naturalistic/train/metadata/vad/V00_S1295_I00000280_P1122.jsonl
test,train,V00_S1295_I00000281,V00,1295,00000281,ipc_conversation,naturalistic,familiar,friends,V00_S1295_I00000281_P0518,V00_S1295_I00000281_P1122,P0518,P1122,https://dl.fbaipublicfiles.com/seamless_interaction/naturalistic/train/audio/V00_S1295_I00000281_P0518.wav,https://dl.fbaipublicfiles.com/seamless_interaction/naturalistic/train/audio/V00_S1295_I00000281_P1122.wav,https://dl.fbaipublicfiles.com/seamless_interaction/naturalistic/train/video/V00_S1295_I00000281_P0518.mp4,https://dl.fbaipublicfiles.com/seamless_interaction/naturalistic/train/video/V00_S1295_I00000281_P1122.mp4,https://dl.fbaipublicfiles.com/seamless_interaction/naturalistic/train/metadata/vad/V00_S1295_I00000281_P0518.jsonl,https://dl.fbaipublicfiles.com/seamless_interaction/naturalistic/train/metadata/vad/V00_S1295_I00000281_P1122.jsonl
test,train,V00_S1295_I00000282,V00,1295,00000282,ipc_conversation,naturalistic,familiar,friends,V00_S1295_I00000282_P0518,V00_S1295_I00000282_P1122,P0518,P1122,https://dl.fbaipublicfiles.com/seamless_interaction/naturalistic/train/audio/V00_S1295_I00000282_P0518.wav,https://dl.fbaipublicfiles.com/seamless_interaction/naturalistic/train/audio/V00_S1295_I00000282_P1122.wav,https://dl.fbaipublicfiles.com/seamless_interaction/naturalistic/train/video/V00_S1295_I00000282_P0518.mp4,https://dl.fbaipublicfiles.com/seamless_interaction/naturalistic/train/video/V00_S1295_I00000282_P1122.mp4,https://dl.fbaipublicfiles.com/seamless_interaction/naturalistic/train/metadata/vad/V00_S1295_I00000282_P0518.jsonl,https://dl.fbaipublicfiles.com/seamless_interaction/naturalistic/train/metadata/vad/V00_S1295_I00000282_P1122.jsonl
test,train,V00_S1295_I00000286,V00,1295,00000286,ipc_conversation,naturalistic,familiar,friends,V00_S1295_I00000286_P0518,V00_S1295_I00000286_P1122,P0518,P1122,https://dl.fbaipublicfiles.com/seamless_interaction/naturalistic/train/audio/V00_S1295_I00000286_P0518.wav,https://dl.fbaipublicfiles.com/seamless_interaction/naturalistic/train/audio/V00_S1295_I00000286_P1122.wav,https://dl.fbaipublicfiles.com/seamless_interaction/naturalistic/train/video/V00_S1295_I00000286_P0518.mp4,https://dl.fbaipublicfiles.com/seamless_interaction/naturalistic/train/video/V00_S1295_I00000286_P1122.mp4,https://dl.fbaipublicfiles.com/seamless_interaction/naturalistic/train/metadata/vad/V00_S1295_I00000286_P0518.jsonl,https://dl.fbaipublicfiles.com/seamless_interaction/naturalistic/train/metadata/vad/V00_S1295_I00000286_P1122.jsonl
test,train,V00_S1295_I00000287,V00,1295,00000287,ipc_conversation,naturalistic,familiar,friends,V00_S1295_I00000287_P0518,V00_S1295_I00000287_P1122,P0518,P1122,https://dl.fbaipublicfiles.com/seamless_interaction/naturalistic/train/audio/V00_S1295_I00000287_P0518.wav,https://dl.fbaipublicfiles.com/seamless_interaction/naturalistic/train/audio/V00_S1295_I00000287_P1122.wav,https://dl.fbaipublicfiles.com/seamless_interaction/naturalistic/train/video/V00_S1295_I00000287_P0518.mp4,https://dl.fbaipublicfiles.com/seamless_interaction/naturalistic/train/video/V00_S1295_I00000287_P1122.mp4,https://dl.fbaipublicfiles.com/seamless_interaction/naturalistic/train/metadata/vad/V00_S1295_I00000287_P0518.jsonl,https://dl.fbaipublicfiles.com/seamless_interaction/naturalistic/train/metadata/vad/V00_S1295_I00000287_P1122.jsonl
test,train,V00_S1295_I00000297,V00,1295,00000297,ipc_conversation,naturalistic,familiar,friends,V00_S1295_I00000297_P0518,V00_S1295_I00000297_P1122,P0518,P1122,https://dl.fbaipublicfiles.com/seamless_interaction/naturalistic/train/audio/V00_S1295_I00000297_P0518.wav,https://dl.fbaipublicfiles.com/seamless_interaction/naturalistic/train/audio/V00_S1295_I00000297_P1122.wav,https://dl.fbaipublicfiles.com/seamless_interaction/naturalistic/train/video/V00_S1295_I00000297_P0518.mp4,https://dl.fbaipublicfiles.com/seamless_interaction/naturalistic/train/video/V00_S1295_I00000297_P1122.mp4,https://dl.fbaipublicfiles.com/seamless_interaction/naturalistic/train/metadata/vad/V00_S1295_I00000297_P0518.jsonl,https://dl.fbaipublicfiles.com/seamless_interaction/naturalistic/train/metadata/vad/V00_S1295_I00000297_P1122.jsonl
test,train,V00_S1295_I00000298,V00,1295,00000298,ipc_conversation,naturalistic,familiar,friends,V00_S1295_I00000298_P0518,V00_S1295_I00000298_P1122,P0518,P1122,https://dl.fbaipublicfiles.com/seamless_interaction/naturalistic/train/audio/V00_S1295_I00000298_P0518.wav,https://dl.fbaipublicfiles.com/seamless_interaction/naturalistic/train/audio/V00_S1295_I00000298_P1122.wav,https://dl.fbaipublicfiles.com/seamless_interaction/naturalistic/train/video/V00_S1295_I00000298_P0518.mp4,https://dl.fbaipublicfiles.com/seamless_interaction/naturalistic/train/video/V00_S1295_I00000298_P1122.mp4,https://dl.fbaipublicfiles.com/seamless_interaction/naturalistic/train/metadata/vad/V00_S1295_I00000298_P0518.jsonl,https://dl.fbaipublicfiles.com/seamless_interaction/naturalistic/train/metadata/vad/V00_S1295_I00000298_P1122.jsonl
test,dev,V01_S0283_I00000266,V01,0283,00000266,ipc_conversation,naturalistic,familiar,friends,V01_S0283_I00000266_P1603,V01_S0283_I00000266_P1604,P1603,P1604,https://dl.fbaipublicfiles.com/seamless_interaction/naturalistic/dev/audio/V01_S0283_I00000266_P1603.wav,https://dl.fbaipublicfiles.com/seamless_interaction/naturalistic/dev/audio/V01_S0283_I00000266_P1604.wav,https://dl.fbaipublicfiles.com/seamless_interaction/naturalistic/dev/video/V01_S0283_I00000266_P1603.mp4,https://dl.fbaipublicfiles.com/seamless_interaction/naturalistic/dev/video/V01_S0283_I00000266_P1604.mp4,https://dl.fbaipublicfiles.com/seamless_interaction/naturalistic/dev/metadata/vad/V01_S0283_I00000266_P1603.jsonl,https://dl.fbaipublicfiles.com/seamless_interaction/naturalistic/dev/metadata/vad/V01_S0283_I00000266_P1604.jsonl
test,train,V02_S3447_I00000082,V02,3447,00000082,ipc_conversation,naturalistic,stranger,stranger,V02_S3447_I00000082_P4200,V02_S3447_I00000082_P4202,P4200,P4202,https://dl.fbaipublicfiles.com/seamless_interaction/naturalistic/train/audio/V02_S3447_I00000082_P4200.wav,https://dl.fbaipublicfiles.com/seamless_interaction/naturalistic/train/audio/V02_S3447_I00000082_P4202.wav,https://dl.fbaipublicfiles.com/seamless_interaction/naturalistic/train/video/V02_S3447_I00000082_P4200.mp4,https://dl.fbaipublicfiles.com/seamless_interaction/naturalistic/train/video/V02_S3447_I00000082_P4202.mp4,https://dl.fbaipublicfiles.com/seamless_interaction/naturalistic/train/metadata/vad/V02_S3447_I00000082_P4200.jsonl,https://dl.fbaipublicfiles.com/seamless_interaction/naturalistic/train/metadata/vad/V02_S3447_I00000082_P4202.jsonl
test,train,V02_S3613_I00000053,V02,3613,00000053,ipc_conversation,naturalistic,familiar,friends,V02_S3613_I00000053_P4135,V02_S3613_I00000053_P4245,P4135,P4245,https://dl.fbaipublicfiles.com/seamless_interaction/naturalistic/train/audio/V02_S3613_I00000053_P4135.wav,https://dl.fbaipublicfiles.com/seamless_interaction/naturalistic/train/audio/V02_S3613_I00000053_P4245.wav,https://dl.fbaipublicfiles.com/seamless_interaction/naturalistic/train/video/V02_S3613_I00000053_P4135.mp4,https://dl.fbaipublicfiles.com/seamless_interaction/naturalistic/train/video/V02_S3613_I00000053_P4245.mp4,https://dl.fbaipublicfiles.com/seamless_interaction/naturalistic/train/metadata/vad/V02_S3613_I00000053_P4135.jsonl,https://dl.fbaipublicfiles.com/seamless_interaction/naturalistic/train/metadata/vad/V02_S3613_I00000053_P4245.jsonl
test,dev,V03_S0120_I00000131,V03,0120,00000131,ipc_conversation,naturalistic,stranger,stranger,V03_S0120_I00000131_P1264,V03_S0120_I00000131_P1265,P1264,P1265,https://dl.fbaipublicfiles.com/seamless_interaction/naturalistic/dev/audio/V03_S0120_I00000131_P1264.wav,https://dl.fbaipublicfiles.com/seamless_interaction/naturalistic/dev/audio/V03_S0120_I00000131_P1265.wav,https://dl.fbaipublicfiles.com/seamless_interaction/naturalistic/dev/video/V03_S0120_I00000131_P1264.mp4,https://dl.fbaipublicfiles.com/seamless_interaction/naturalistic/dev/video/V03_S0120_I00000131_P1265.mp4,https://dl.fbaipublicfiles.com/seamless_interaction/naturalistic/dev/metadata/vad/V03_S0120_I00000131_P1264.jsonl,https://dl.fbaipublicfiles.com/seamless_interaction/naturalistic/dev/metadata/vad/V03_S0120_I00000131_P1265.jsonl
test,train,V03_S0142_I00000126,V03,0142,00000126,ipc_conversation,naturalistic,stranger,stranger,V03_S0142_I00000126_P1308,V03_S0142_I00000126_P1309,P1308,P1309,https://dl.fbaipublicfiles.com/seamless_interaction/naturalistic/train/audio/V03_S0142_I00000126_P1308.wav,https://dl.fbaipublicfiles.com/seamless_interaction/naturalistic/train/audio/V03_S0142_I00000126_P1309.wav,https://dl.fbaipublicfiles.com/seamless_interaction/naturalistic/train/video/V03_S0142_I00000126_P1308.mp4,https://dl.fbaipublicfiles.com/seamless_interaction/naturalistic/train/video/V03_S0142_I00000126_P1309.mp4,https://dl.fbaipublicfiles.com/seamless_interaction/naturalistic/train/metadata/vad/V03_S0142_I00000126_P1308.jsonl,https://dl.fbaipublicfiles.com/seamless_interaction/naturalistic/train/metadata/vad/V03_S0142_I00000126_P1309.jsonl
test,train,V03_S0142_I00000128,V03,0142,00000128,ipc_conversation,naturalistic,stranger,stranger,V03_S0142_I00000128_P1308,V03_S0142_I00000128_P1309,P1308,P1309,https://dl.fbaipublicfiles.com/seamless_interaction/naturalistic/train/audio/V03_S0142_I00000128_P1308.wav,https://dl.fbaipublicfiles.com/seamless_interaction/naturalistic/train/audio/V03_S0142_I00000128_P1309.wav,https://dl.fbaipublicfiles.com/seamless_interaction/naturalistic/train/video/V03_S0142_I00000128_P1308.mp4,https://dl.fbaipublicfiles.com/seamless_interaction/naturalistic/train/video/V03_S0142_I00000128_P1309.mp4,https://dl.fbaipublicfiles.com/seamless_interaction/naturalistic/train/metadata/vad/V03_S0142_I00000128_P1308.jsonl,https://dl.fbaipublicfiles.com/seamless_interaction/naturalistic/train/metadata/vad/V03_S0142_I00000128_P1309.jsonl
test,train,V03_S0146_I00000371,V03,0146,00000371,ipc_conversation,naturalistic,stranger,stranger,V03_S0146_I00000371_P1208,V03_S0146_I00000371_P1315,P1208,P1315,https://dl.fbaipublicfiles.com/seamless_interaction/naturalistic/train/audio/V03_S0146_I00000371_P1208.wav,https://dl.fbaipublicfiles.com/seamless_interaction/naturalistic/train/audio/V03_S0146_I00000371_P1315.wav,https://dl.fbaipublicfiles.com/seamless_interaction/naturalistic/train/video/V03_S0146_I00000371_P1208.mp4,https://dl.fbaipublicfiles.com/seamless_interaction/naturalistic/train/video/V03_S0146_I00000371_P1315.mp4,https://dl.fbaipublicfiles.com/seamless_interaction/naturalistic/train/metadata/vad/V03_S0146_I00000371_P1208.jsonl,https://dl.fbaipublicfiles.com/seamless_interaction/naturalistic/train/metadata/vad/V03_S0146_I00000371_P1315.jsonl
test,train,V03_S0146_I00000373,V03,0146,00000373,ipc_conversation,naturalistic,stranger,stranger,V03_S0146_I00000373_P1208,V03_S0146_I00000373_P1315,P1208,P1315,https://dl.fbaipublicfiles.com/seamless_interaction/naturalistic/train/audio/V03_S0146_I00000373_P1208.wav,https://dl.fbaipublicfiles.com/seamless_interaction/naturalistic/train/audio/V03_S0146_I00000373_P1315.wav,https://dl.fbaipublicfiles.com/seamless_interaction/naturalistic/train/video/V03_S0146_I00000373_P1208.mp4,https://dl.fbaipublicfiles.com/seamless_interaction/naturalistic/train/video/V03_S0146_I00000373_P1315.mp4,https://dl.fbaipublicfiles.com/seamless_interaction/naturalistic/train/metadata/vad/V03_S0146_I00000373_P1208.jsonl,https://dl.fbaipublicfiles.com/seamless_interaction/naturalistic/train/metadata/vad/V03_S0146_I00000373_P1315.jsonl
test,train,V03_S0191_I00000126,V03,0191,00000126,ipc_conversation,naturalistic,stranger,stranger,V03_S0191_I00000126_P1388,V03_S0191_I00000126_P1407,P1388,P1407,https://dl.fbaipublicfiles.com/seamless_interaction/naturalistic/train/audio/V03_S0191_I00000126_P1388.wav,https://dl.fbaipublicfiles.com/seamless_interaction/naturalistic/train/audio/V03_S0191_I00000126_P1407.wav,https://dl.fbaipublicfiles.com/seamless_interaction/naturalistic/train/video/V03_S0191_I00000126_P1388.mp4,https://dl.fbaipublicfiles.com/seamless_interaction/naturalistic/train/video/V03_S0191_I00000126_P1407.mp4,https://dl.fbaipublicfiles.com/seamless_interaction/naturalistic/train/metadata/vad/V03_S0191_I00000126_P1388.jsonl,https://dl.fbaipublicfiles.com/seamless_interaction/naturalistic/train/metadata/vad/V03_S0191_I00000126_P1407.jsonl
test,train,V03_S0191_I00000130,V03,0191,00000130,ipc_conversation,naturalistic,stranger,stranger,V03_S0191_I00000130_P1388,V03_S0191_I00000130_P1407,P1388,P1407,https://dl.fbaipublicfiles.com/seamless_interaction/naturalistic/train/audio/V03_S0191_I00000130_P1388.wav,https://dl.fbaipublicfiles.com/seamless_interaction/naturalistic/train/audio/V03_S0191_I00000130_P1407.wav,https://dl.fbaipublicfiles.com/seamless_interaction/naturalistic/train/video/V03_S0191_I00000130_P1388.mp4,https://dl.fbaipublicfiles.com/seamless_interaction/naturalistic/train/video/V03_S0191_I00000130_P1407.mp4,https://dl.fbaipublicfiles.com/seamless_interaction/naturalistic/train/metadata/vad/V03_S0191_I00000130_P1388.jsonl,https://dl.fbaipublicfiles.com/seamless_interaction/naturalistic/train/metadata/vad/V03_S0191_I00000130_P1407.jsonl
test,train,V03_S0191_I00000135,V03,0191,00000135,collaborative_storytelling,naturalistic,stranger,stranger,V03_S0191_I00000135_P1388,V03_S0191_I00000135_P1407,P1388,P1407,https://dl.fbaipublicfiles.com/seamless_interaction/naturalistic/train/audio/V03_S0191_I00000135_P1388.wav,https://dl.fbaipublicfiles.com/seamless_interaction/naturalistic/train/audio/V03_S0191_I00000135_P1407.wav,https://dl.fbaipublicfiles.com/seamless_interaction/naturalistic/train/video/V03_S0191_I00000135_P1388.mp4,https://dl.fbaipublicfiles.com/seamless_interaction/naturalistic/train/video/V03_S0191_I00000135_P1407.mp4,https://dl.fbaipublicfiles.com/seamless_interaction/naturalistic/train/metadata/vad/V03_S0191_I00000135_P1388.jsonl,https://dl.fbaipublicfiles.com/seamless_interaction/naturalistic/train/metadata/vad/V03_S0191_I00000135_P1407.jsonl
test,test,V03_S0208_I00000478,V03,0208,00000478,ipc_conversation,naturalistic,stranger,stranger,V03_S0208_I00000478_P1454,V03_S0208_I00000478_P1455,P1454,P1455,https://dl.fbaipublicfiles.com/seamless_interaction/naturalistic/test/audio/V03_S0208_I00000478_P1454.wav,https://dl.fbaipublicfiles.com/seamless_interaction/naturalistic/test/audio/V03_S0208_I00000478_P1455.wav,https://dl.fbaipublicfiles.com/seamless_interaction/naturalistic/test/video/V03_S0208_I00000478_P1454.mp4,https://dl.fbaipublicfiles.com/seamless_interaction/naturalistic/test/video/V03_S0208_I00000478_P1455.mp4,https://dl.fbaipublicfiles.com/seamless_interaction/naturalistic/test/metadata/vad/V03_S0208_I00000478_P1454.jsonl,https://dl.fbaipublicfiles.com/seamless_interaction/naturalistic/test/metadata/vad/V03_S0208_I00000478_P1455.jsonl
test,test,V03_S0208_I00000480,V03,0208,00000480,ipc_conversation,naturalistic,stranger,stranger,V03_S0208_I00000480_P1454,V03_S0208_I00000480_P1455,P1454,P1455,https://dl.fbaipublicfiles.com/seamless_interaction/naturalistic/test/audio/V03_S0208_I00000480_P1454.wav,https://dl.fbaipublicfiles.com/seamless_interaction/naturalistic/test/audio/V03_S0208_I00000480_P1455.wav,https://dl.fbaipublicfiles.com/seamless_interaction/naturalistic/test/video/V03_S0208_I00000480_P1454.mp4,https://dl.fbaipublicfiles.com/seamless_interaction/naturalistic/test/video/V03_S0208_I00000480_P1455.mp4,https://dl.fbaipublicfiles.com/seamless_interaction/naturalistic/test/metadata/vad/V03_S0208_I00000480_P1454.jsonl,https://dl.fbaipublicfiles.com/seamless_interaction/naturalistic/test/metadata/vad/V03_S0208_I00000480_P1455.jsonl
test,test,V03_S0208_I00000482,V03,0208,00000482,ipc_conversation,naturalistic,stranger,stranger,V03_S0208_I00000482_P1454,V03_S0208_I00000482_P1455,P1454,P1455,https://dl.fbaipublicfiles.com/seamless_interaction/naturalistic/test/audio/V03_S0208_I00000482_P1454.wav,https://dl.fbaipublicfiles.com/seamless_interaction/naturalistic/test/audio/V03_S0208_I00000482_P1455.wav,https://dl.fbaipublicfiles.com/seamless_interaction/naturalistic/test/video/V03_S0208_I00000482_P1454.mp4,https://dl.fbaipublicfiles.com/seamless_interaction/naturalistic/test/video/V03_S0208_I00000482_P1455.mp4,https://dl.fbaipublicfiles.com/seamless_interaction/naturalistic/test/metadata/vad/V03_S0208_I00000482_P1454.jsonl,https://dl.fbaipublicfiles.com/seamless_interaction/naturalistic/test/metadata/vad/V03_S0208_I00000482_P1455.jsonl
test,train,V03_S0210_I00000377,V03,0210,00000377,ipc_conversation,naturalistic,familiar,parent_child,V03_S0210_I00000377_P1556,V03_S0210_I00000377_P1557,P1556,P1557,https://dl.fbaipublicfiles.com/seamless_interaction/naturalistic/train/audio/V03_S0210_I00000377_P1556.wav,https://dl.fbaipublicfiles.com/seamless_interaction/naturalistic/train/audio/V03_S0210_I00000377_P1557.wav,https://dl.fbaipublicfiles.com/seamless_interaction/naturalistic/train/video/V03_S0210_I00000377_P1556.mp4,https://dl.fbaipublicfiles.com/seamless_interaction/naturalistic/train/video/V03_S0210_I00000377_P1557.mp4,https://dl.fbaipublicfiles.com/seamless_interaction/naturalistic/train/metadata/vad/V03_S0210_I00000377_P1556.jsonl,https://dl.fbaipublicfiles.com/seamless_interaction/naturalistic/train/metadata/vad/V03_S0210_I00000377_P1557.jsonl
test,train,V03_S0210_I00000378,V03,0210,00000378,ipc_conversation,naturalistic,familiar,parent_child,V03_S0210_I00000378_P1556,V03_S0210_I00000378_P1557,P1556,P1557,https://dl.fbaipublicfiles.com/seamless_interaction/naturalistic/train/audio/V03_S0210_I00000378_P1556.wav,https://dl.fbaipublicfiles.com/seamless_interaction/naturalistic/train/audio/V03_S0210_I00000378_P1557.wav,https://dl.fbaipublicfiles.com/seamless_interaction/naturalistic/train/video/V03_S0210_I00000378_P1556.mp4,https://dl.fbaipublicfiles.com/seamless_interaction/naturalistic/train/video/V03_S0210_I00000378_P1557.mp4,https://dl.fbaipublicfiles.com/seamless_interaction/naturalistic/train/metadata/vad/V03_S0210_I00000378_P1556.jsonl,https://dl.fbaipublicfiles.com/seamless_interaction/naturalistic/train/metadata/vad/V03_S0210_I00000378_P1557.jsonl
test,train,V03_S0210_I00000382,V03,0210,00000382,ipc_conversation,naturalistic,familiar,parent_child,V03_S0210_I00000382_P1556,V03_S0210_I00000382_P1557,P1556,P1557,https://dl.fbaipublicfiles.com/seamless_interaction/naturalistic/train/audio/V03_S0210_I00000382_P1556.wav,https://dl.fbaipublicfiles.com/seamless_interaction/naturalistic/train/audio/V03_S0210_I00000382_P1557.wav,https://dl.fbaipublicfiles.com/seamless_interaction/naturalistic/train/video/V03_S0210_I00000382_P1556.mp4,https://dl.fbaipublicfiles.com/seamless_interaction/naturalistic/train/video/V03_S0210_I00000382_P1557.mp4,https://dl.fbaipublicfiles.com/seamless_interaction/naturalistic/train/metadata/vad/V03_S0210_I00000382_P1556.jsonl,https://dl.fbaipublicfiles.com/seamless_interaction/naturalistic/train/metadata/vad/V03_S0210_I00000382_P1557.jsonl
test,train,V03_S0210_I00000383,V03,0210,00000383,ipc_conversation,naturalistic,familiar,parent_child,V03_S0210_I00000383_P1556,V03_S0210_I00000383_P1557,P1556,P1557,https://dl.fbaipublicfiles.com/seamless_interaction/naturalistic/train/audio/V03_S0210_I00000383_P1556.wav,https://dl.fbaipublicfiles.com/seamless_interaction/naturalistic/train/audio/V03_S0210_I00000383_P1557.wav,https://dl.fbaipublicfiles.com/seamless_interaction/naturalistic/train/video/V03_S0210_I00000383_P1556.mp4,https://dl.fbaipublicfiles.com/seamless_interaction/naturalistic/train/video/V03_S0210_I00000383_P1557.mp4,https://dl.fbaipublicfiles.com/seamless_interaction/naturalistic/train/metadata/vad/V03_S0210_I00000383_P1556.jsonl,https://dl.fbaipublicfiles.com/seamless_interaction/naturalistic/train/metadata/vad/V03_S0210_I00000383_P1557.jsonl
test,train,V03_S0212_I00000377,V03,0212,00000377,ipc_conversation,naturalistic,familiar,parent_child,V03_S0212_I00000377_P1388,V03_S0212_I00000377_P1464,P1388,P1464,https://dl.fbaipublicfiles.com/seamless_interaction/naturalistic/train/audio/V03_S0212_I00000377_P1388.wav,https://dl.fbaipublicfiles.com/seamless_interaction/naturalistic/train/audio/V03_S0212_I00000377_P1464.wav,https://dl.fbaipublicfiles.com/seamless_interaction/naturalistic/train/video/V03_S0212_I00000377_P1388.mp4,https://dl.fbaipublicfiles.com/seamless_interaction/naturalistic/train/video/V03_S0212_I00000377_P1464.mp4,https://dl.fbaipublicfiles.com/seamless_interaction/naturalistic/train/metadata/vad/V03_S0212_I00000377_P1388.jsonl,https://dl.fbaipublicfiles.com/seamless_interaction/naturalistic/train/metadata/vad/V03_S0212_I00000377_P1464.jsonl
test,train,V03_S0212_I00000482,V03,0212,00000482,ipc_conversation,naturalistic,familiar,parent_child,V03_S0212_I00000482_P1388,V03_S0212_I00000482_P1464,P1388,P1464,https://dl.fbaipublicfiles.com/seamless_interaction/naturalistic/train/audio/V03_S0212_I00000482_P1388.wav,https://dl.fbaipublicfiles.com/seamless_interaction/naturalistic/train/audio/V03_S0212_I00000482_P1464.wav,https://dl.fbaipublicfiles.com/seamless_interaction/naturalistic/train/video/V03_S0212_I00000482_P1388.mp4,https://dl.fbaipublicfiles.com/seamless_interaction/naturalistic/train/video/V03_S0212_I00000482_P1464.mp4,https://dl.fbaipublicfiles.com/seamless_interaction/naturalistic/train/metadata/vad/V03_S0212_I00000482_P1388.jsonl,https://dl.fbaipublicfiles.com/seamless_interaction/naturalistic/train/metadata/vad/V03_S0212_I00000482_P1464.jsonl
test,train,V03_S0212_I00000487,V03,0212,00000487,ipc_conversation,naturalistic,familiar,parent_child,V03_S0212_I00000487_P1388,V03_S0212_I00000487_P1464,P1388,P1464,https://dl.fbaipublicfiles.com/seamless_interaction/naturalistic/train/audio/V03_S0212_I00000487_P1388.wav,https://dl.fbaipublicfiles.com/seamless_interaction/naturalistic/train/audio/V03_S0212_I00000487_P1464.wav,https://dl.fbaipublicfiles.com/seamless_interaction/naturalistic/train/video/V03_S0212_I00000487_P1388.mp4,https://dl.fbaipublicfiles.com/seamless_interaction/naturalistic/train/video/V03_S0212_I00000487_P1464.mp4,https://dl.fbaipublicfiles.com/seamless_interaction/naturalistic/train/metadata/vad/V03_S0212_I00000487_P1388.jsonl,https://dl.fbaipublicfiles.com/seamless_interaction/naturalistic/train/metadata/vad/V03_S0212_I00000487_P1464.jsonl
test,train,V03_S0212_I00000488,V03,0212,00000488,ipc_conversation,naturalistic,familiar,parent_child,V03_S0212_I00000488_P1388,V03_S0212_I00000488_P1464,P1388,P1464,https://dl.fbaipublicfiles.com/seamless_interaction/naturalistic/train/audio/V03_S0212_I00000488_P1388.wav,https://dl.fbaipublicfiles.com/seamless_interaction/naturalistic/train/audio/V03_S0212_I00000488_P1464.wav,https://dl.fbaipublicfiles.com/seamless_interaction/naturalistic/train/video/V03_S0212_I00000488_P1388.mp4,https://dl.fbaipublicfiles.com/seamless_interaction/naturalistic/train/video/V03_S0212_I00000488_P1464.mp4,https://dl.fbaipublicfiles.com/seamless_interaction/naturalistic/train/metadata/vad/V03_S0212_I00000488_P1388.jsonl,https://dl.fbaipublicfiles.com/seamless_interaction/naturalistic/train/metadata/vad/V03_S0212_I00000488_P1464.jsonl
test,train,V03_S0242_I00000372,V03,0242,00000372,ipc_conversation,naturalistic,stranger,stranger,V03_S0242_I00000372_P1209,V03_S0242_I00000372_P1477,P1209,P1477,https://dl.fbaipublicfiles.com/seamless_interaction/naturalistic/train/audio/V03_S0242_I00000372_P1209.wav,https://dl.fbaipublicfiles.com/seamless_interaction/naturalistic/train/audio/V03_S0242_I00000372_P1477.wav,https://dl.fbaipublicfiles.com/seamless_interaction/naturalistic/train/video/V03_S0242_I00000372_P1209.mp4,https://dl.fbaipublicfiles.com/seamless_interaction/naturalistic/train/video/V03_S0242_I00000372_P1477.mp4,https://dl.fbaipublicfiles.com/seamless_interaction/naturalistic/train/metadata/vad/V03_S0242_I00000372_P1209.jsonl,https://dl.fbaipublicfiles.com/seamless_interaction/naturalistic/train/metadata/vad/V03_S0242_I00000372_P1477.jsonl
test,train,V03_S0242_I00000502,V03,0242,00000502,ipc_conversation,naturalistic,stranger,stranger,V03_S0242_I00000502_P1209,V03_S0242_I00000502_P1477,P1209,P1477,https://dl.fbaipublicfiles.com/seamless_interaction/naturalistic/train/audio/V03_S0242_I00000502_P1209.wav,https://dl.fbaipublicfiles.com/seamless_interaction/naturalistic/train/audio/V03_S0242_I00000502_P1477.wav,https://dl.fbaipublicfiles.com/seamless_interaction/naturalistic/train/video/V03_S0242_I00000502_P1209.mp4,https://dl.fbaipublicfiles.com/seamless_interaction/naturalistic/train/video/V03_S0242_I00000502_P1477.mp4,https://dl.fbaipublicfiles.com/seamless_interaction/naturalistic/train/metadata/vad/V03_S0242_I00000502_P1209.jsonl,https://dl.fbaipublicfiles.com/seamless_interaction/naturalistic/train/metadata/vad/V03_S0242_I00000502_P1477.jsonl
test,train,V03_S0258_I00000137,V03,0258,00000137,ipc_conversation,naturalistic,stranger,stranger,V03_S0258_I00000137_P1565,V03_S0258_I00000137_P1623,P1565,P1623,https://dl.fbaipublicfiles.com/seamless_interaction/naturalistic/train/audio/V03_S0258_I00000137_P1565.wav,https://dl.fbaipublicfiles.com/seamless_interaction/naturalistic/train/audio/V03_S0258_I00000137_P1623.wav,https://dl.fbaipublicfiles.com/seamless_interaction/naturalistic/train/video/V03_S0258_I00000137_P1565.mp4,https://dl.fbaipublicfiles.com/seamless_interaction/naturalistic/train/video/V03_S0258_I00000137_P1623.mp4,https://dl.fbaipublicfiles.com/seamless_interaction/naturalistic/train/metadata/vad/V03_S0258_I00000137_P1565.jsonl,https://dl.fbaipublicfiles.com/seamless_interaction/naturalistic/train/metadata/vad/V03_S0258_I00000137_P1623.jsonl
test,train,V03_S0258_I00000140,V03,0258,00000140,ipc_conversation,naturalistic,stranger,stranger,V03_S0258_I00000140_P1565,V03_S0258_I00000140_P1623,P1565,P1623,https://dl.fbaipublicfiles.com/seamless_interaction/naturalistic/train/audio/V03_S0258_I00000140_P1565.wav,https://dl.fbaipublicfiles.com/seamless_interaction/naturalistic/train/audio/V03_S0258_I00000140_P1623.wav,https://dl.fbaipublicfiles.com/seamless_interaction/naturalistic/train/video/V03_S0258_I00000140_P1565.mp4,https://dl.fbaipublicfiles.com/seamless_interaction/naturalistic/train/video/V03_S0258_I00000140_P1623.mp4,https://dl.fbaipublicfiles.com/seamless_interaction/naturalistic/train/metadata/vad/V03_S0258_I00000140_P1565.jsonl,https://dl.fbaipublicfiles.com/seamless_interaction/naturalistic/train/metadata/vad/V03_S0258_I00000140_P1623.jsonl
test,train,V03_S0281_I00000484,V03,0281,00000484,ipc_conversation,naturalistic,familiar,familiar-generic,V03_S0281_I00000484_P1446,V03_S0281_I00000484_P1447,P1446,P1447,https://dl.fbaipublicfiles.com/seamless_interaction/naturalistic/train/audio/V03_S0281_I00000484_P1446.wav,https://dl.fbaipublicfiles.com/seamless_interaction/naturalistic/train/audio/V03_S0281_I00000484_P1447.wav,https://dl.fbaipublicfiles.com/seamless_interaction/naturalistic/train/video/V03_S0281_I00000484_P1446.mp4,https://dl.fbaipublicfiles.com/seamless_interaction/naturalistic/train/video/V03_S0281_I00000484_P1447.mp4,https://dl.fbaipublicfiles.com/seamless_interaction/naturalistic/train/metadata/vad/V03_S0281_I00000484_P1446.jsonl,https://dl.fbaipublicfiles.com/seamless_interaction/naturalistic/train/metadata/vad/V03_S0281_I00000484_P1447.jsonl
