interaction_id,annotated_participant,non_annotated_participant,event_speaker,participant_a,participant_b,start_moi,end_moi,moi_duration,pre_window_start,pre_window_end,pre_overlap,post_window_start,post_window_end,post_overlap,pre_n_frames,pre_pearson_r_dim0,pre_pearson_r_dim1,pre_pearson_r_mean,pre_cosine_dist_mean,pre_cosine_dist_std,pre_cosine_dist_min,pre_cosine_dist_max,pre_xcorr_peak,pre_xcorr_peak_lag_s,moi_n_frames,moi_pearson_r_dim0,moi_pearson_r_dim1,moi_pearson_r_mean,moi_cosine_dist_mean,moi_cosine_dist_std,moi_cosine_dist_min,moi_cosine_dist_max,moi_xcorr_peak,moi_xcorr_peak_lag_s,post_n_frames,post_pearson_r_dim0,post_pearson_r_dim1,post_pearson_r_mean,post_cosine_dist_mean,post_cosine_dist_std,post_cosine_dist_min,post_cosine_dist_max,post_xcorr_peak,post_xcorr_peak_lag_s
V00_S1132_I00000333,P1093,P0737,P0737,P0737,P1093,26,28,2,0.0,33.438,True,0.0,33.438,True,1003.0,0.05137228866553822,0.0031194481795129517,0.027245868422525583,0.8552878763628331,0.7718597951355166,2.8817085429011513e-07,1.9999996387114916,-0.0017663242190286282,1.4,60,0.1836580417386218,-0.028991318440102387,0.0773333616492597,0.29017332638877896,0.5597253038624386,7.538404407647636e-05,1.9556829777984306,-0.0615876208368184,0.41666666666666663,1003.0,0.05137228866553822,0.0031194481795129517,0.027245868422525583,0.8552878763628331,0.7718597951355166,2.8817085429011513e-07,1.9999996387114916,-0.0017663242190286282,1.4
V00_S1132_I00000333,P0737,P1093,P1093,P0737,P1093,50,52,2,33.634,55.422,True,33.634,55.422,True,654.0,0.011197279717414904,-0.041313141877994654,-0.015057931080289876,0.9690667228162267,0.7371670699555075,2.035882959716684e-05,1.9996077579633047,-0.17309630665727194,0.7000000000000001,60,-0.24037076431471593,-0.35904369954724097,-0.2997072319309785,1.1397664675277543,0.7802829099566528,8.444471679014409e-05,1.9996077579633047,-0.3960535356622445,0.5166666666666667,654.0,0.011197279717414904,-0.041313141877994654,-0.015057931080289876,0.9690667228162267,0.7371670699555075,2.035882959716684e-05,1.9996077579633047,-0.17309630665727194,0.7000000000000001
V00_S1132_I00000333,P0737,P1093,P0737,P0737,P1093,62,66,4,56.322,59.614000000000004,False,81.41,83.22999999999999,False,98.0,-0.017158960084880128,0.030719196844020802,0.006780118379570337,0.6069175078360194,0.6416155212815997,7.255120442195562e-07,1.9638617424421096,0.3595669510408,0.41666666666666663,120,-0.36166334207512074,-0.29222035696884363,-0.3269418495219822,1.1464624560666672,0.8192799141795426,7.753203905447315e-06,1.9999695844481384,-0.45251407366027263,-0.3666666666666667,55.0,0.5326179401058571,0.5063824419957226,0.5195001910507898,0.9283565816614003,0.7358140075660965,0.007977329482786066,1.9987756259147216,-0.06304659537008833,0.3333333333333333
V00_S1132_I00000333,P1093,P0737,P0737,P0737,P1093,126,127,1,117.666,126.494,True,128.29,143.55,False,265.0,-0.0789606705278289,0.1514212753651934,0.03623030241868225,0.9998756163750957,0.7262693331043424,3.687828204079757e-05,1.9999093780174588,-0.11119813499205489,1.25,30,0.4060556906751313,-0.08727150680536179,0.15939209193488477,0.7093489976043131,0.7504193491664019,0.004624928916413751,1.9564714196552968,0.6649014549986887,0.35,457.0,0.03832308200564528,-0.07485388388629796,-0.018265400940326342,0.6284639041693082,0.6670004032652076,0.00014778018275485305,1.9998586609702176,-0.2953764303709776,0.8166666666666667
V00_S1132_I00000333,P0737,P1093,P0737,P0737,P1093,204,206,2,194.402,200.062,False,209.058,210.07799999999997,False,170.0,-0.03658313179741773,-0.0888942502535046,-0.06273869102546116,0.4405438717312396,0.4297277194340404,1.5047162077452825e-06,1.688099477195553,0.30974875012037095,0.85,60,0.18650487147042064,-0.3854309707400582,-0.09946304963481879,1.8888956356008328,0.25172180728208293,0.011969814155662561,1.9975377476108827,0.4780853376217764,-0.8333333333333334,30.0,-0.06010318733713625,0.15381152802964188,0.04685417034625281,0.34046451969619035,0.4647091295405185,2.0182531290657835e-06,1.4843618573260309,-0.3602316680324067,-0.31666666666666665
V00_S1132_I00000333,P1093,P0737,P0737,P0737,P1093,208,214,6,200.67399999999998,208.894,True,209.41000000000003,217.05399999999997,True,247.0,0.3674889712872738,0.20330506791559566,0.2853970196014347,1.0777024441290897,0.8505897605576054,2.5344420995221384e-07,1.9995704723205945,0.3833487506948423,-0.6666666666666667,180,0.3145666426346636,-0.2060721781040325,0.054247232265315554,0.7037905765842692,0.7213559894928941,2.0182531290657835e-06,1.9999999416484868,0.035985855806196565,0.2833333333333333,230.0,0.1575800509209788,-0.13935249108862552,0.009113779916176637,0.6845790654235283,0.736965076609127,0.00015576687368612507,1.9999999416484868,-0.21598848636090626,-1.3833333333333333
V00_S1132_I00000333,P1093,P0737,P0737,P0737,P1093,240,243,3,222.69,243.166,True,222.69,243.166,True,614.0,-0.24727029320769672,0.23248990577023815,-0.007390193718729288,1.254380031000125,0.7491905056080229,2.259547012828378e-07,1.99999997353286,0.002226443529050215,-0.08333333333333333,90,0.04232019200260881,-0.31886042745132553,-0.13827011772435838,0.7637768175194569,0.7607121017051265,4.2054817296355296e-06,1.9973861810819182,-0.03503255123588614,-0.18333333333333332,614.0,-0.24727029320769672,0.23248990577023815,-0.007390193718729288,1.254380031000125,0.7491905056080229,2.259547012828378e-07,1.99999997353286,0.002226443529050215,-0.08333333333333333
V00_S1132_I00000335,P0737,P1093,P0737,P0737,P1093,136,141,5,94.64200000000005,95.21400000000006,False,158.35400000000004,208.39800000000002,False,17.0,-0.3709557840469175,-0.06296816304325145,-0.21696197354508445,0.3111578509298678,0.2197228825299162,0.0063950450528635905,0.8054928377290622,-0.07837279836537145,-0.18333333333333332,150,0.29077207369751157,0.3082364657563799,0.29950426972694577,1.621301432633197,0.5801742717430284,0.00020541843878485455,1.9999981961128024,0.3079149281385467,0.31666666666666665,1501.0,-0.08950706058639922,0.09834800901252982,0.004420474213065302,0.8358079789912835,0.6746068174643813,3.241506910334202e-06,1.9999858147019816,0.013277907914831168,0.55
V00_S1132_I00000335,P0737,P1093,P1093,P0737,P1093,164,165,1,158.35400000000004,208.39800000000002,True,158.35400000000004,208.39800000000002,True,1501.0,-0.08950706058639922,0.09834800901252982,0.004420474213065302,0.8358079789912835,0.6746068174643813,3.241506910334202e-06,1.9999858147019816,0.013277907914831168,0.55,30,0.2742250240503386,-0.39887209778942645,-0.06232353686954392,0.4351469686161661,0.47765713295660506,0.0003160760137953522,1.6644999195634196,0.08448248078787979,0.7333333333333334,1501.0,-0.08950706058639922,0.09834800901252982,0.004420474213065302,0.8358079789912835,0.6746068174643813,3.241506910334202e-06,1.9999858147019816,0.013277907914831168,0.55
V00_S1132_I00000335,P1093,P0737,P1093,P0737,P1093,189,190,1,95.73000000000002,157.80600000000004,False,208.49800000000005,209.038,False,1862.0,-0.0716818541488925,0.0005403698859718942,-0.0355707421314603,1.0242208426703692,0.7572083793498764,1.1089417722986994e-06,1.9999981961128024,-0.11751606113595453,1.9333333333333333,30,0.05293473952605458,-0.016415024573809934,0.018259857476122326,0.9613566919607381,0.6845866831195012,0.016224488753204924,1.9709411238586776,0.22653828264676268,-0.31666666666666665,16.0,0.7545604630910709,-0.4907644062231621,0.13189802843395443,0.21471231403087163,0.17482609684740152,0.010361120175599536,0.6950944651468236,0.10049311161329089,0.016666666666666666
V00_S1132_I00000335,P1093,P0737,P0737,P0737,P1093,215,217,2,212.65800000000002,219.21400000000006,True,212.65800000000002,219.21400000000006,True,196.0,-0.043907585956938666,0.27093419032092886,0.1135133021819951,0.8899151333334775,0.7000513928696693,1.4950877110675442e-05,1.997766934046665,-0.001050131940239174,0.2,60,0.21629481197271785,0.6881596710223855,0.45222724149755167,0.8688751477727842,0.6416847019766732,0.005853128005584907,1.9406603636523156,0.5349000730262212,-0.5166666666666667,196.0,-0.043907585956938666,0.27093419032092886,0.1135133021819951,0.8899151333334775,0.7000513928696693,1.4950877110675442e-05,1.997766934046665,-0.001050131940239174,0.2
V00_S1132_I00000335,P1093,P0737,P1093,P0737,P1093,221,225,4,219.69799999999998,222.35000000000002,True,224.274,225.966,True,80.0,0.06589188026817085,0.43188124991722976,0.2488865650927003,0.6880204371322278,0.7448231794177473,7.315222322779036e-06,1.9970560460013078,0.09500339339984545,-0.6833333333333333,120,-0.006301576208350733,0.15779977185472202,0.07574909782318565,0.7573988228463527,0.6255106269948231,7.315222322779036e-06,1.999121041307426,0.0319488272624391,-0.7166666666666667,51.0,-0.02702462848528187,-0.2803951602496318,-0.15370989436745683,0.8962176489433319,0.35081475718153704,0.2724508682017779,1.9708957524711717,0.5343327134710245,0.06666666666666665
V00_S1132_I00000336,P0737,P1093,P0737,P0737,P1093,54,55,1,,,False,199.56999999999994,207.27800000000002,False,,,,,,,,,,,30,-0.29941754269794635,-0.07302014929684728,-0.1862188459973968,0.3796996334827242,0.33893052031990156,0.000355096908218111,1.2312828754075458,-0.0993834444000431,0.2,231.0,0.2673245232685173,-0.11829689564116849,0.0745138138136744,0.9557388526441001,0.5637508607242939,7.18533037802338e-06,1.9999442324780607,0.34527976480786177,0.8999999999999999
V00_S1132_I00000336,P1093,P0737,P0737,P0737,P1093,70,71,1,0.0,199.30999999999995,True,0.0,199.30999999999995,True,5979.0,-0.04363509685966994,0.06433075949042887,0.010347831315379464,0.8889239763077186,0.7198557195131546,3.913062101013054e-07,1.9999999964372681,0.002437614861769414,-0.15,30,0.024441929352815677,-0.1113377450409002,-0.04344790784404226,0.6361201188975377,0.554249390640485,0.004855929488004729,1.663039708079518,0.002981448702282341,0.3833333333333333,5979.0,-0.04363509685966994,0.06433075949042887,0.010347831315379464,0.8889239763077186,0.7198557195131546,3.913062101013054e-07,1.9999999964372681,0.002437614861769414,-0.15
V00_S1132_I00000336,P0737,P1093,P0737,P0737,P1093,121,122,1,,,False,199.56999999999994,207.27800000000002,False,,,,,,,,,,,30,-0.5387895902783062,0.1029409023580664,-0.2179243439601199,0.5150056509797928,0.6012933205701159,0.00409580495256856,1.8348287350607433,-0.6541369058079687,-0.016666666666666663,231.0,0.2673245232685173,-0.11829689564116849,0.0745138138136744,0.9557388526441001,0.5637508607242939,7.18533037802338e-06,1.9999442324780607,0.34527976480786177,0.8999999999999999
V00_S1132_I00000336,P0737,P1093,P0737,P0737,P1093,272,276,4,265.874,266.318,False,274.8979999999999,276.3019999999999,True,14.0,0.36149985077653923,0.6803042695618415,0.5209020601691904,0.4852932752907536,0.6024874699872386,3.1032009479847744e-06,1.5384264943006694,-0.6660896241046375,0.0,120,0.11196526671911829,-0.0014737085128760533,0.05524577910312112,0.5689336245883293,0.5461165883153889,7.410896821880009e-06,1.789934017212619,0.08735784009137196,-1.0,42.0,0.09775416354127794,-0.3231569537693629,-0.11270139511404247,0.5933340730161051,0.6075484132411226,0.0022815199467627334,1.8670439157494867,0.5579076139462892,0.7666666666666666
V00_S1132_I00000336,P1093,P0737,P1093,P0737,P1093,306,311,5,300.49800000000005,300.87799999999993,False,333.7460000000001,335.1500000000001,False,11.0,0.3256311504146435,-0.5625645768689111,-0.11846671322713381,0.5066353976036968,0.6061304518134907,0.005700143895820409,1.7119994285311726,-0.051179939311860434,0.26666666666666666,150,0.30915517045997426,-0.18279461162613006,0.0631802794169221,1.0883036441479559,0.7998751133727958,6.921818710092786e-06,1.999891858455375,-0.01829671501546659,-0.4,43.0,0.3225129091346874,0.09520664350069447,0.20885977631769093,1.6991987403834614,0.42778732185436813,0.14416984961064883,1.9998587364744722,0.4685974879803425,-0.06666666666666667
V00_S1132_I00000336,P1093,P0737,P1093,P0737,P1093,331,336,5,300.49800000000005,300.87799999999993,False,335.8900000000001,336.462,True,11.0,0.3256311504146435,-0.5625645768689111,-0.11846671322713381,0.5066353976036968,0.6061304518134907,0.005700143895820409,1.7119994285311726,-0.051179939311860434,0.26666666666666666,150,0.025990135016356327,-0.11068440410732587,-0.04234713454548477,1.1657618144346578,0.7130951865112184,0.0002097752594169,1.9998587364744722,-0.2836115612042799,-0.9833333333333334,17.0,-0.23589093582321408,0.7392556368077747,0.2516823504922803,0.9751285526868491,0.706571368070625,0.00643700304407957,1.8595331134743764,0.6419507138240204,0.15
V00_S1132_I00000337,P0737,P1093,P1093,P0737,P1093,13,23,10,7.730000000000018,25.86999999999989,True,7.730000000000018,25.86999999999989,True,544.0,0.20851243233690067,0.265113332238344,0.23681288228762232,0.7891378473558028,0.703368812818565,3.889222062547493e-05,1.9999342339947193,0.29571162745728874,-0.16666666666666666,300,0.27360865078807906,-0.06216060342928586,0.1057240236793966,1.0708476635721265,0.7284616332282134,6.515470008172652e-05,1.9999342339947193,0.07383246282580357,-0.09999999999999998,544.0,0.20851243233690067,0.265113332238344,0.23681288228762232,0.7891378473558028,0.703368812818565,3.889222062547493e-05,1.9999342339947193,0.29571162745728874,-0.16666666666666666
V00_S1132_I00000337,P1093,P0737,P0737,P0737,P1093,25,31,6,6.5779999999999745,7.5340000000001055,False,30.097999999999956,31.534000000000106,True,29.0,-0.13951521826447594,-0.5106418010144876,-0.3250785096394818,0.3718854639162139,0.31249933392346874,0.06025332922935833,1.2290443358570031,0.7187807619632474,-0.48333333333333334,180,-0.3374120263376529,0.3714580489650508,0.01702301131369896,0.6335218166865313,0.7599914809215622,7.791745893603874e-06,1.999977620092995,0.04560677134408328,-0.13333333333333333,43.0,0.35708929913850157,-0.44547173922897804,-0.04419122004523823,1.135340173155519,0.7407244192225944,0.02080576901494058,1.900164478519073,0.02616046061526997,-0.04999999999999999
V00_S1132_I00000337,P1093,P0737,P0737,P0737,P1093,80,84,4,69.298,105.03800000000001,True,69.298,105.03800000000001,True,1072.0,0.10430402489999666,0.1020962578487005,0.10320014137434858,0.6056958480485125,0.6879980110300532,2.883713342338723e-06,1.9999900862506066,0.1744267597631454,0.48333333333333334,120,-0.021138819278662027,-0.33973985121929723,-0.18043933524897962,0.41452357768210246,0.4804137243011989,2.883713342338723e-06,1.998270648007272,0.066752422250038,0.43333333333333335,1072.0,0.10430402489999666,0.1020962578487005,0.10320014137434858,0.6056958480485125,0.6879980110300532,2.883713342338723e-06,1.9999900862506066,0.1744267597631454,0.48333333333333334
V00_S1132_I00000352,P1093,P0737,P1093,P0737,P1093,14,21,7,,,False,119.13799999999992,132.73399999999992,False,,,,,,,,,,,210,-0.22912808521245523,0.11277619308901678,-0.058175946061719226,1.1679143875605151,0.6555556125283174,0.00031705258924130675,1.9997233331693316,0.013288245197080745,0.7999999999999999,408.0,0.003379791537536062,0.07081292290671572,0.03709635722212589,1.0466501326166002,0.7599904569368346,0.00014465290910392614,1.99998615727801,0.20894388733048247,-1.0
V00_S1132_I00000352,P0737,P1093,P1093,P0737,P1093,22,24,2,9.730000000000018,117.5340000000001,True,9.730000000000018,117.5340000000001,True,3234.0,-0.049293127519597774,0.00842744814362941,-0.02043283968798418,0.8969914582269602,0.6715381586483408,7.401653434602196e-08,1.9999979843923241,-0.0096574548574168,-0.033333333333333326,60,,,,,,,,,,3234.0,-0.049293127519597774,0.00842744814362941,-0.02043283968798418,0.8969914582269602,0.6715381586483408,7.401653434602196e-08,1.9999979843923241,-0.0096574548574168,-0.033333333333333326
V00_S1132_I00000352,P1093,P0737,P1093,P0737,P1093,67,70,3,,,False,119.13799999999992,132.73399999999992,False,,,,,,,,,,,90,0.26916438658835273,0.07790654118232343,0.17353546388533808,0.8688097388611263,0.5628853275791219,0.004842964980898201,1.9999927079581379,-0.005840737013299818,-0.35000000000000003,408.0,0.003379791537536062,0.07081292290671572,0.03709635722212589,1.0466501326166002,0.7599904569368346,0.00014465290910392614,1.99998615727801,0.20894388733048247,-1.0
V00_S1132_I00000352,P0737,P1093,P1093,P0737,P1093,92,96,4,9.730000000000018,117.5340000000001,True,9.730000000000018,117.5340000000001,True,3234.0,-0.049293127519597774,0.00842744814362941,-0.02043283968798418,0.8969914582269602,0.6715381586483408,7.401653434602196e-08,1.9999979843923241,-0.0096574548574168,-0.033333333333333326,120,-0.032403888682836314,-0.00023377775059227625,-0.016318833216714294,0.9271648306548957,0.6049798913161654,0.00023380582154608476,1.9972155403197958,-0.010789001791771502,-1.15,3234.0,-0.049293127519597774,0.00842744814362941,-0.02043283968798418,0.8969914582269602,0.6715381586483408,7.401653434602196e-08,1.9999979843923241,-0.0096574548574168,-0.033333333333333326
V00_S1132_I00000352,P0737,P1093,P1093,P0737,P1093,105,109,4,9.730000000000018,117.5340000000001,True,9.730000000000018,117.5340000000001,True,3234.0,-0.049293127519597774,0.00842744814362941,-0.02043283968798418,0.8969914582269602,0.6715381586483408,7.401653434602196e-08,1.9999979843923241,-0.0096574548574168,-0.033333333333333326,120,-0.17343019747951405,-0.03245119635247032,-0.10294069691599218,1.346819151883622,0.5528308937389794,0.027720328730518773,1.996628580122586,0.29564318174608906,-0.7333333333333334,3234.0,-0.049293127519597774,0.00842744814362941,-0.02043283968798418,0.8969914582269602,0.6715381586483408,7.401653434602196e-08,1.9999979843923241,-0.0096574548574168,-0.033333333333333326
V00_S1132_I00000352,P0737,P1093,P0737,P0737,P1093,118,123,5,9.730000000000018,117.5340000000001,False,132.7059999999999,133.02199999999993,False,3234.0,-0.049293127519597774,0.00842744814362941,-0.02043283968798418,0.8969914582269602,0.6715381586483408,7.401653434602196e-08,1.9999979843923241,-0.0096574548574168,-0.033333333333333326,150,-0.1481626903266653,0.15439471133494473,0.0031160105041397185,1.3750829042043673,0.764012640062431,0.00014465290910392614,1.9999734241972524,0.09522419936237556,0.6833333333333333,10.0,-0.7431852052407366,-0.4222482133654886,-0.5827167093031126,1.062140603419351,0.5599844352395953,0.1924216860807043,1.8718934625335781,-0.7918380911855888,0.016666666666666666
V00_S1132_I00000352,P1093,P0737,P0737,P0737,P1093,133,135,2,119.13799999999992,132.73399999999992,False,133.058,143.23000000000002,True,408.0,0.003379791537536062,0.07081292290671572,0.03709635722212589,1.0466501326166002,0.7599904569368346,0.00014465290910392614,1.99998615727801,0.20894388733048247,-1.0,60,-0.24741575908330443,-0.04741618648512214,-0.14741597278421328,1.8621704812221056,0.20354284353659025,0.780999794496952,1.9999980217680096,0.011341270321554908,-0.8666666666666666,305.0,-0.01297890133815052,0.19709246637885092,0.0920567825203502,1.0633829391170024,0.7729620171037431,3.3441825031399475e-07,1.9999980217680096,0.11043432241848204,-0.2833333333333333
V00_S1132_I00000360,P1093,P0737,P1093,P0737,P1093,21,23,2,,,False,108.27399999999989,110.2539999999999,False,,,,,,,,,,,60,0.01978825914616365,0.3534118529951146,0.18660005607063912,0.34473541810297686,0.4459181205721526,3.478695218017691e-05,1.9862121136274,-0.030035381672567696,0.35,60.0,-0.031789676225984734,-0.016968984626462916,-0.024379330426223825,0.6965896940325306,0.5377180830103686,0.0008741635547155902,1.7045872812209255,-0.005687728754461691,0.33333333333333337
V00_S1132_I00000360,P0737,P1093,P1093,P0737,P1093,48,51,3,8.5300000000002,107.98199999999997,True,8.5300000000002,107.98199999999997,True,2983.0,-0.011770356911600704,0.08675698372843998,0.03749331340841964,0.7810575049291494,0.654563588008005,6.542270469811484e-08,1.999999939649477,0.0528523772504903,-0.31666666666666665,90,-0.3140470814975888,0.07195898204973605,-0.12104404972392638,0.991086608244771,0.5404423316928116,0.022758015878500015,1.998692555476669,0.045709691519104756,-1.35,2983.0,-0.011770356911600704,0.08675698372843998,0.03749331340841964,0.7810575049291494,0.654563588008005,6.542270469811484e-08,1.999999939649477,0.0528523772504903,-0.31666666666666665
V00_S1132_I00000360,P1093,P0737,P1093,P0737,P1093,76,79,3,,,False,108.27399999999989,110.2539999999999,False,,,,,,,,,,,90,0.2168194420752618,-0.1910500676834246,0.012884687195918593,1.236388674741196,0.5255767486242005,0.099063134128351,1.9998149420216724,-0.010859797661345011,0.3166666666666667,60.0,-0.031789676225984734,-0.016968984626462916,-0.024379330426223825,0.6965896940325306,0.5377180830103686,0.0008741635547155902,1.7045872812209255,-0.005687728754461691,0.33333333333333337
V00_S1132_I00000360,P0737,P1093,P0737,P0737,P1093,161,163,2,158.67399999999998,159.1819999999998,False,173.8420000000001,190.92599999999993,False,15.0,0.4747679343800223,0.06066181429931781,0.26771487433967006,0.10676881192017054,0.09124333185218966,2.455956049940422e-05,0.25143471019728036,-0.015154236866940451,-0.3,60,0.048754627368378683,0.23222904175931533,0.140491834563847,1.0471552985853463,0.8161121545475432,0.013371107228309698,1.999554272314481,0.09149037518788473,0.5833333333333333,513.0,-0.08705857761673842,0.005503593673737644,-0.040777491971500386,0.9225219788072094,0.5859655387478303,1.8980271037305485e-05,1.9998813965384254,0.010100685486554337,-0.45
V00_S1132_I00000360,P0737,P1093,P1093,P0737,P1093,180,184,4,173.8420000000001,190.92599999999993,True,173.8420000000001,190.92599999999993,True,513.0,-0.08705857761673842,0.005503593673737644,-0.040777491971500386,0.9225219788072094,0.5859655387478303,1.8980271037305485e-05,1.9998813965384254,0.010100685486554337,-0.45,120,-0.08449884321778407,-0.10252804596910499,-0.09351344459344453,0.7037326059679625,0.5366509765518154,0.0012153945435559033,1.9059077039397119,-0.28360559314565986,-0.18333333333333335,513.0,-0.08705857761673842,0.005503593673737644,-0.040777491971500386,0.9225219788072094,0.5859655387478303,1.8980271037305485e-05,1.9998813965384254,0.010100685486554337,-0.45
V00_S1132_I00000361,P1093,P0737,P0737,P0737,P1093,16,22,6,13.617999999999938,29.197999999999865,True,13.617999999999938,29.197999999999865,True,467.0,0.013044824955957619,-0.06758953258392573,-0.02727235381398406,0.7020663587252141,0.6582141223964113,1.9249031215640144e-06,1.9999567570610517,-0.18056175551200576,-1.15,180,-0.3498430133423621,-0.24189853689052163,-0.2958707751164419,0.6622718018506776,0.7026568270257887,5.331607143888029e-06,1.9978513146275731,-0.06292830222018952,1.6166666666666667,467.0,0.013044824955957619,-0.06758953258392573,-0.02727235381398406,0.7020663587252141,0.6582141223964113,1.9249031215640144e-06,1.9999567570610517,-0.18056175551200576,-1.15
V00_S1132_I00000361,P0737,P1093,P0737,P0737,P1093,17,22,5,6.0340000000001055,13.358000000000175,False,28.722000000000207,38.0619999999999,False,220.0,0.15107440246475526,0.26934520224933384,0.21020980235704456,0.9039750886694887,0.8204357297925547,6.5741110508721334e-06,1.9997375991546127,0.3683808595365025,1.2166666666666668,150,-0.49371350328027186,-0.31839220136499685,-0.40605285232263433,0.7735137693896037,0.7250839358946033,9.138055793156408e-05,1.9978513146275731,-0.061345869797024694,0.9833333333333333,280.0,0.08065005918128751,0.20301715288766134,0.14183360603447442,0.7722279296078903,0.6434400939388607,1.4677880201596771e-05,1.99999786311921,0.394846460355324,0.10000000000000003
V00_S1132_I00000361,P1093,P0737,P1093,P0737,P1093,60,61,1,54.19399999999996,57.26200000000017,False,61.585999999999785,74.54199999999992,False,92.0,0.14108003956658682,-0.05162926634505116,0.04472538661076783,1.1469163540914489,0.7616172124877014,0.0002282196688396798,1.9982856766924275,0.010924883791194079,0.26666666666666666,30,-0.05807970812324063,0.04619757738904231,-0.005941065367099159,0.5428781898622183,0.525963245429301,0.004553664342801245,1.9394535849367425,-0.48832930912741507,-0.4,388.0,0.15702498024776437,-0.10728430552683813,0.024870337360463124,1.1351405328950774,0.7075104413798298,3.2868028017607465e-05,1.9999939965347444,-0.009154777509902706,-0.43333333333333335
V00_S1132_I00000361,P0737,P1093,P1093,P0737,P1093,101,107,6,97.8420000000001,127.72600000000011,True,97.8420000000001,127.72600000000011,True,897.0,-0.0831749147817339,0.007852201595404196,-0.03766135659316485,1.005566159436171,0.7074338222453781,1.5193255822110174e-05,1.9999999981913221,-0.0029799045598493806,-0.4666666666666667,180,-0.14711217717697994,0.32850900358364254,0.0906984132033313,0.7996018393225925,0.6925611022329722,0.000227746218898095,1.9999999535712958,0.3420811654958371,-1.05,897.0,-0.0831749147817339,0.007852201595404196,-0.03766135659316485,1.005566159436171,0.7074338222453781,1.5193255822110174e-05,1.9999999981913221,-0.0029799045598493806,-0.4666666666666667
V00_S1204_I00000198,P1109,P1110,P1109,P1109,P1110,2,13,11,,,False,33.98599999999999,34.398000000000025,False,,,,,,,,,,,330,0.0808884333590434,0.06105517244213105,0.07097180290058723,0.22308789962815972,0.2958409040915674,4.228265571004641e-08,1.9815784951863664,-0.003063407192218398,-0.3833333333333333,12.0,0.33513591323884695,-0.176959541781577,0.07908818572863498,0.07160869399966815,0.07982857428314705,0.00054513768791975,0.26581968033974734,0.020764745247195515,0.01666666666666667
V00_S1204_I00000198,P1110,P1109,P1109,P1109,P1110,59,61,2,43.138000000000034,59.23000000000002,True,61.05799999999999,64.798,False,483.0,-0.007196263377699491,-0.13410529095376575,-0.07065077716573262,0.19232926372837916,0.256836890441072,3.0293016750615465e-07,1.4079551247785678,-0.15278717303606693,-1.1166666666666667,60,-0.676553147841954,-0.19796883955977665,-0.4372609937008653,0.14660134218254972,0.1440563596279781,0.0001172897525052452,0.7766683930054347,-0.08698832292109526,-0.31666666666666665,112.0,0.2758434199172911,0.8413764938337321,0.5586099568755116,0.11920080397876259,0.14053514584819443,0.00014201459737772648,0.6335612770521861,0.5718531882585279,0.18333333333333332
V00_S1204_I00000201,P1109,P1110,P1109,P1109,P1110,0,17,17,,,False,50.01800000000003,50.33400000000006,False,,,,,,,,,,,510,-0.08136554652890314,-0.09920789411786937,-0.09028672032338625,0.31636592624309734,0.4420519529405539,1.1271430903070367e-06,1.4501088259711516,-0.13557031481290036,1.4833333333333334,9.0,0.2137947656147807,-0.7768061006185047,-0.281505667501862,0.22485338999844323,0.12548902277454568,0.000791298243102978,0.464148203925313,-0.6973557887431167,0.06666666666666667
V00_S1204_I00000201,P1110,P1109,P1109,P1109,P1110,0,17,17,,,False,0.35400000000004184,60.28600000000006,True,,,,,,,,,,,510,-0.08136554652890314,-0.09920789411786937,-0.09028672032338625,0.31636592624309734,0.4420519529405539,1.1271430903070367e-06,1.4501088259711516,-0.13557031481290036,1.4833333333333334,1798.0,-0.006701899254735699,0.005489329170771611,-0.0006062850419820444,0.26331488279960713,0.41771186055874066,1.6354240306437617e-07,1.997108107988093,-0.08784063486390617,-0.1166666666666667
V00_S1204_I00000201,P1110,P1109,P1109,P1109,P1110,127,129,2,115.106,133.78999999999996,True,115.106,133.78999999999996,True,561.0,0.061671407881582416,0.2244842562962742,0.1430778320889283,0.08833196437408385,0.15439162721457345,2.3338122545624174e-09,1.0884344373969563,0.23278346829375895,-1.3333333333333335,60,-0.21806817481078766,0.6795897730497764,0.23076079911949438,0.38448512144744035,0.3387615860527933,0.00023222844551107347,1.0884344373969563,0.6306916491505711,-0.43333333333333335,561.0,0.061671407881582416,0.2244842562962742,0.1430778320889283,0.08833196437408385,0.15439162721457345,2.3338122545624174e-09,1.0884344373969563,0.23278346829375895,-1.3333333333333335
V00_S1204_I00000201,P1109,P1110,P1110,P1109,P1110,139,150,11,114.27399999999989,114.58999999999992,False,139.32999999999993,220.99,True,10.0,,,,,,,,,,330,0.08596244490228049,0.07230645995983065,0.07913445243105557,0.38599383117806546,0.4093575946031841,7.416873939458668e-07,1.8845053111210768,0.28879820040629534,-0.8500000000000001,2450.0,0.08131183665471794,0.002065914038438033,0.04168887534657799,0.263300661842812,0.3915059534549271,5.56233619164459e-08,1.9364088641754007,0.056780827014281665,-0.15000000000000002
V00_S1204_I00000201,P1110,P1109,P1110,P1109,P1110,150,166,16,115.106,133.78999999999996,False,223.01,223.83799999999997,False,561.0,0.061671407881582416,0.2244842562962742,0.1430778320889283,0.08833196437408385,0.15439162721457345,2.3338122545624174e-09,1.0884344373969563,0.23278346829375895,-1.3333333333333335,480,0.04241024989125206,0.006090771163069934,0.024250510527161,0.19588492966838625,0.32739628444166763,5.56233619164459e-08,1.5388472704433158,0.0033378729304022886,0.7000000000000001,25.0,-0.16582762691441227,0.431198007456581,0.13268519027108436,0.4411157911218567,0.34660461292330247,0.021012646955238745,1.3358650713647926,-0.510543272390729,-0.08333333333333334
V00_S1204_I00000201,P1110,P1109,P1109,P1109,P1110,266,270,4,264.0340000000001,269.182,True,285.2180000000001,287.1980000000001,False,154.0,0.050229812141719614,0.1165623295487689,0.08339607084524425,0.1681125587357835,0.2591102642802319,1.746440318495246e-05,1.44809888023676,0.0033273831075087967,0.6666666666666667,120,0.3998497714410552,0.30349266679201786,0.35167121911653654,0.18926066417074844,0.30579839628144856,7.374826830852665e-05,1.44809888023676,0.043341116903769406,-0.16666666666666666,59.0,-0.06500777046629794,0.7610752141679065,0.3480337218508043,0.19365325475075784,0.12108747481245792,0.03874744748433645,0.4352336020614458,0.14018022897612417,-0.016666666666666663
V00_S1204_I00000201,P1109,P1110,P1110,P1109,P1110,271,276,5,270.818,284.09400000000005,True,270.818,284.09400000000005,True,398.0,-0.0021710025199705224,-0.17703188824563096,-0.08960144538280074,0.12697974509038848,0.1978030884340797,6.267150563954438e-06,1.6029067175473934,-0.22240926673440212,0.39999999999999997,150,0.11597188322813824,0.13266184776310286,0.12431686549562054,0.11967334834817502,0.164448954519534,3.076650173383655e-05,1.2458801337558114,0.3460135865503583,0.31666666666666665,398.0,-0.0021710025199705224,-0.17703188824563096,-0.08960144538280074,0.12697974509038848,0.1978030884340797,6.267150563954438e-06,1.6029067175473934,-0.22240926673440212,0.39999999999999997
V00_S1204_I00000201,P1110,P1109,P1109,P1109,P1110,288,293,5,285.2180000000001,287.1980000000001,False,304.5139999999999,307.71000000000004,False,59.0,-0.06500777046629794,0.7610752141679065,0.3480337218508043,0.19365325475075784,0.12108747481245792,0.03874744748433645,0.4352336020614458,0.14018022897612417,-0.016666666666666663,150,-0.34091702307303856,0.08746005350190336,-0.12672848478556759,0.23385769000725,0.3960254553472348,7.331231653973092e-07,1.8653871039460639,-0.01750297671969822,0.016666666666666663,96.0,-0.3367476322292151,-0.03810985634021968,-0.1874287442847174,0.15543287034073253,0.2501402849854368,1.2808348767601174e-05,0.9842060454775376,0.14455722179362293,-0.8833333333333333
V00_S1204_I00000201,P1109,P1110,P1110,P1109,P1110,362,363,1,358.8499999999999,361.1500000000001,False,362.30600000000004,365.50199999999995,True,70.0,0.13212296277568378,0.2907581289037688,0.21144054583972627,0.09890121777133884,0.1496315794100517,5.818989720074441e-06,0.7376165304666262,0.4082531802879631,0.7333333333333333,30,-0.2510455350682825,0.3132128411707826,0.03108365305125005,0.5134825829611033,0.4632411037815223,0.0011809389669379389,1.8200325498126646,-0.6056663399593554,-0.25,96.0,-0.3123990437170801,0.45446657634261683,0.07103376631276836,0.6703020238286249,0.5734771383798682,6.008610901053757e-07,1.8200325498126646,0.046716014801561206,-0.033333333333333326
V00_S1204_I00000201,P1109,P1110,P1110,P1109,P1110,427,431,4,426.722,434.2059999999999,True,426.722,434.2059999999999,True,224.0,0.31927048050723944,-0.04120505985439667,0.1390327103264214,0.16481382658390206,0.34555586294148605,3.899585834032937e-05,1.5057416556836438,-0.02756175920836501,0.7166666666666667,120,0.43500337290624236,0.009112399055917667,0.22205788598108,0.38492321444117256,0.49697716394583,3.899585834032937e-05,1.5057416556836438,-0.08806696066166708,0.4833333333333334,224.0,0.31927048050723944,-0.04120505985439667,0.1390327103264214,0.16481382658390206,0.34555586294148605,3.899585834032937e-05,1.5057416556836438,-0.02756175920836501,0.7166666666666667
V00_S1204_I00000202,P1109,P1110,P1110,P1109,P1110,24,29,5,0.0,46.62200000000007,True,0.0,46.62200000000007,True,1399.0,-0.01323331469474463,-0.006314791915211671,-0.00977405330497815,0.24714354959924464,0.36884927658382516,4.063237515561369e-06,1.8514933070295818,0.13668249430536808,1.3,150,0.1725714984186654,-0.17145542318091203,0.0005580376188766834,0.14677997565676398,0.1586353998685094,0.0001710496614352186,0.7684762805008172,-0.4446883808764187,1.0,1399.0,-0.01323331469474463,-0.006314791915211671,-0.00977405330497815,0.24714354959924464,0.36884927658382516,4.063237515561369e-06,1.8514933070295818,0.13668249430536808,1.3
V00_S1204_I00000202,P1109,P1110,P1110,P1109,P1110,76,80,4,70.59400000000005,84.44599999999991,True,70.59400000000005,84.44599999999991,True,415.0,-0.15888778224566838,0.1820769728407526,0.011594595297542115,0.5564129674028019,0.6020238378499221,1.736578358890739e-07,1.9067986617957233,0.25709439034968307,-1.2833333333333332,120,-0.22405854596102664,0.19451251477812423,-0.014773015591451208,0.6660110042244661,0.5911232470439682,2.426067998428927e-05,1.828785385890665,0.28136966200068725,-1.2833333333333332,415.0,-0.15888778224566838,0.1820769728407526,0.011594595297542115,0.5564129674028019,0.6020238378499221,1.736578358890739e-07,1.9067986617957233,0.25709439034968307,-1.2833333333333332
V00_S1204_I00000202,P1110,P1109,,P1109,P1110,84,84,0,70.01800000000003,70.52600000000007,False,84.99399999999991,87.74199999999996,False,15.0,,,,,,,,,,0,,,,,,,,,,82.0,0.09102739485631643,-0.4754447667994085,-0.19220868597154603,0.28947436854423053,0.305049321596886,0.0007888452743797236,1.2671821470359954,-0.6183866650373205,-0.75
V00_S1204_I00000202,P1110,P1109,P1109,P1109,P1110,100,105,5,96.76999999999998,97.3420000000001,False,105.31400000000008,105.66200000000003,False,17.0,0.20126951581031505,-0.11264577521407884,0.0443118702981181,0.3947606874204922,0.22916594205410903,0.005343085923838808,0.8259256176292511,0.6204584340479107,-0.1,150,-0.006495835412829429,-0.7758291350834652,-0.3911624852481473,,,,,-0.5246877948301865,1.0,11.0,,,,,,,,,
V00_S1204_I00000204,P1109,P1110,P1109,P1109,P1110,163,166,3,160.57799999999997,160.92599999999993,False,167.90599999999995,174.59000000000015,False,11.0,0.3584520475106411,-0.24904215426557563,0.054704946622532724,0.06135575924978776,0.07267967081312596,0.0007982548992033767,0.2261203813115803,-0.0160492921159745,-0.2833333333333333,90,-0.06840104061519056,-0.011193754226009031,-0.039797397420599796,0.3225810409158363,0.2879227133477035,5.640296076947493e-05,1.0473977220256658,-0.36130807111761026,-0.18333333333333332,201.0,0.06725413198485308,-0.07473532344106061,-0.003740595728103764,0.2955010590394742,0.46945936001511485,1.9507945181462816e-07,1.8653506470099521,-0.06682668541518269,-0.050000000000000044
V00_S1204_I00000204,P1109,P1110,P1110,P1109,P1110,221,223,2,215.42599999999993,223.038,True,215.42599999999993,223.038,True,228.0,0.02081711258838861,-0.3434439441891934,-0.1613134158004024,0.12583054273463287,0.1965072360606832,6.812775585895992e-07,1.5885879153815445,0.33313489253343787,0.23333333333333328,60,0.05407433671005263,-0.5579106409123926,-0.25191815210116997,0.10798817506974447,0.17315762778479096,0.000538327040137232,0.8257794008304462,-0.6061291944194509,0.9833333333333334,228.0,0.02081711258838861,-0.3434439441891934,-0.1613134158004024,0.12583054273463287,0.1965072360606832,6.812775585895992e-07,1.5885879153815445,0.33313489253343787,0.23333333333333328
V00_S1204_I00000204,P1110,P1109,P1110,P1109,P1110,237,239,2,221.538,235.61400000000003,False,283.07400000000007,283.5500000000002,False,422.0,-0.03689823741733243,0.10349869657176561,0.03330022957721659,0.2106719112089801,0.2994844263303977,9.800279507921061e-07,1.5370209911418478,-0.016603743429466133,0.85,60,0.27590811543222893,-0.012217268544609063,0.13184542344380992,0.5453919455304942,0.6439217509847336,4.825921207096684e-08,1.577582265220666,-0.08077928930045539,0.7666666666666666,15.0,0.160726643570199,0.12567933189323005,0.14320298773171453,0.3524643023072177,0.15464911654381344,0.15106009516980734,0.7036568829114281,0.15436317141569514,0.11666666666666667
V00_S1204_I00000204,P1109,P1110,P1109,P1109,P1110,307,308,1,284.1300000000001,292.7020000000002,False,309.154,310.23799999999983,False,257.0,0.024516860893612488,-0.08656597923486584,-0.031024559170626673,0.1899815063742918,0.22225365052058282,1.9637307813180627e-07,1.2180160532599134,0.34636035320531944,-1.7000000000000002,30,-0.41870260850083657,0.21598922349535624,-0.10135669250274017,0.2979413685893695,0.24687133375290454,6.319689934886075e-05,0.809388482798372,-0.02834792167540337,-0.08333333333333333,32.0,0.84938936934851,0.7639362344263224,0.8066628018874162,0.03542453557197725,0.05072531345142167,0.0002622653537888153,0.24502400179729333,0.8150316309471318,-0.016666666666666666
V00_S1204_I00000204,P1110,P1109,P1109,P1109,P1110,324,325,1,319.2979999999998,338.942,True,319.2979999999998,338.942,True,589.0,-0.09698946566761468,-0.002321733598605449,-0.049655599633110066,0.2357473236318966,0.359291535237286,8.929098516130551e-07,1.9963029731448358,-0.01514321945394842,-1.3333333333333333,30,-0.03980549062286522,-0.0758514303020506,-0.05782846046245791,0.4871998002348585,0.4021489079726248,0.0006155989533764838,1.4453062991248047,-0.16432123262644982,-0.13333333333333333,589.0,-0.09698946566761468,-0.002321733598605449,-0.049655599633110066,0.2357473236318966,0.359291535237286,8.929098516130551e-07,1.9963029731448358,-0.01514321945394842,-1.3333333333333333
V00_S1204_I00000204,P1109,P1110,P1109,P1109,P1110,355,361,6,338.5619999999999,351.7739999999999,False,359.8420000000001,362.1419999999998,True,396.0,0.1634685909690017,-0.04175945193115851,0.0608545695189216,0.25991632358726896,0.47254724565880746,1.7586085720999733e-07,1.730643240948499,0.297463929266257,-0.1166666666666667,180,,,,,,,,,,69.0,-0.06866910821090746,-0.15270594450856081,-0.11068752635973414,0.8749833611040271,0.46754678962561874,0.12421458857065693,1.3225738841371986,0.16608378043147315,0.8666666666666667
V00_S1204_I00000204,P1110,P1109,P1109,P1109,P1110,357,361,4,351.9380000000001,359.8699999999999,True,362.0819999999999,375.134,False,238.0,-0.034309798812141905,-0.03729822072680726,-0.03580400976947458,0.05241176994641922,0.024384834622829976,0.02802693532358924,0.0767966045692492,0.2655579958963783,-1.0166666666666666,120,,,,,,,,,,392.0,0.09641129278126884,0.12530471515964844,0.11085800397045864,0.2816642831724931,0.3410624595565663,2.471145843507827e-09,1.5555725105212495,0.05783099442889636,-0.2
V00_S1279_I00000314,P1118,P0317,P1118,P0317,P1118,68,69,1,54.786,67.326,False,73.09,78.43,False,376.0,-0.11210043774044236,-0.05793954676959986,-0.0850199922550211,0.43697084398080094,0.695711614452058,9.38367413882979e-07,1.9975087209852451,-0.2613384946930999,1.0999999999999999,30,0.17055707591257244,-0.3873768590999463,-0.10840989159368693,0.777179655478801,0.870110365464019,0.0001565548554706142,1.9348450783145497,-0.4815967225960234,-0.06666666666666667,160.0,-0.15984787505674425,-0.08900448833949062,-0.12442618169811744,0.3809830103571098,0.6576353154377863,2.766955353616929e-06,1.999941326316079,-0.43755680932830765,-0.7
V00_S1279_I00000314,P0317,P1118,P0317,P0317,P1118,82,84,2,77.88999999999999,78.91,False,84.578,85.24600000000001,False,30.0,0.1312236574199826,-0.698898485388718,-0.2838374139843677,0.018497298139599293,0.019860103125661315,1.4556641917740087e-05,0.0722362731708035,-0.5791709174575917,0.13333333333333333,60,0.03491890874538443,0.45293140573700785,0.24392515724119615,0.5919491807320615,0.5745472434813182,9.360876334985058e-05,1.7054815035230775,0.38748498395680864,-0.13333333333333333,20.0,-0.4143168162942448,0.5344510371325174,0.06006711041913629,0.010614554789796542,0.015427578161573925,6.850716216533215e-08,0.06840199200929686,-0.0065367848273450435,-0.03333333333333333
V00_S1279_I00000314,P1118,P0317,P1118,P0317,P1118,86,88,2,78.72200000000001,85.27799999999999,False,87.906,94.52600000000001,True,196.0,0.4151706316583439,0.48714113339769877,0.4511558825280213,0.40492887554733514,0.5766954064706952,6.850716216533215e-08,1.9999800358300468,0.5405484634650752,0.016666666666666663,60,0.03310325591313015,-0.4430073909784492,-0.20495206753265954,0.32071676943948446,0.5353422826657447,0.00017647983474511353,1.7051357782661412,-0.5608890706926302,-0.21666666666666665,199.0,-0.19020270748794468,-0.32517279195174104,-0.2576877497198429,0.44419390364107175,0.6659276738898106,2.336481854992023e-06,1.8856971973417518,-0.40167385301182273,-0.41666666666666663
V00_S1279_I00000314,P0317,P1118,P1118,P0317,P1118,164,165,1,162.818,165.69400000000002,True,162.818,165.69400000000002,True,86.0,-0.07158353939865589,-0.5015308609440978,-0.28655720017137687,0.14594382992942506,0.37776571507367296,6.581741714273281e-05,1.7430015351442136,-0.13253671664334468,0.3833333333333333,30,-0.21810626093080476,0.04268311002721452,-0.08771157545179512,0.03304218475095141,0.0443819664887512,0.0001482896435199832,0.2031708491061145,-0.005927619224823294,0.13333333333333336,86.0,-0.07158353939865589,-0.5015308609440978,-0.28655720017137687,0.14594382992942506,0.37776571507367296,6.581741714273281e-05,1.7430015351442136,-0.13253671664334468,0.3833333333333333
V00_S1279_I00000314,P1118,P0317,P1118,P0317,P1118,235,238,3,234.62599999999998,235.19799999999998,True,237.92200000000003,238.974,True,17.0,0.12895506591677375,0.03963495426411347,0.0842950100904436,0.23917250930674902,0.5466413170130429,3.6734706671759376e-05,1.7766178199497324,-0.025604419385944488,0.31666666666666665,90,-0.19504810327457528,-0.3008380166041651,-0.2479430599393702,0.1999727247018715,0.41276653162127946,2.1591158670952737e-06,1.994651278428968,0.4000036264384183,-0.15000000000000002,31.0,0.6662695594562402,-0.11516351587148738,0.2755530217923764,0.11574676131713378,0.12946441876119136,0.006366097543884508,0.6217161997325885,0.13010383941855524,-0.05
V00_S1279_I00000314,P0317,P1118,P1118,P0317,P1118,248,250,2,246.69,250.36599999999999,True,246.69,250.36599999999999,True,110.0,0.01181072572480761,0.06571819209694837,0.03876445891087799,0.26656331685732904,0.39190068792609195,5.1147937404349975e-06,1.5614531529701436,0.28117664018029753,2.0,60,-0.09218036718671599,-0.08650549304339103,-0.08934293011505351,0.33208710766452154,0.3980866797888812,0.000911484238002247,1.5614531529701436,0.35362048150929026,1.8666666666666667,110.0,0.01181072572480761,0.06571819209694837,0.03876445891087799,0.26656331685732904,0.39190068792609195,5.1147937404349975e-06,1.5614531529701436,0.28117664018029753,2.0
V00_S1279_I00000314,P1118,P0317,P1118,P0317,P1118,278,279,1,272.322,272.83,False,286.818,287.326,False,15.0,0.18194084297154967,0.4356477927995571,0.3087943178855534,0.25118520033534364,0.5257775556637606,2.1522981594301882e-05,1.6427032698164554,0.4597967762230526,0.1,30,-0.1097894332697017,0.1944473919729359,0.0423289793516171,0.5532285385608464,0.7955329219214666,0.0002009386036085914,1.9281398810652286,0.1830380635978395,-0.8,15.0,-0.3184477526539149,0.25285810880855736,-0.03279482192267877,0.05216499906693136,0.0347609719368021,0.0003598701368512369,0.11194150692173488,0.596156927768759,-0.3833333333333333
V00_S1279_I00000314,P0317,P1118,P1118,P0317,P1118,285,287,2,262.21,296.382,True,262.21,296.382,True,1025.0,-0.18024978778297657,0.009555373494596191,-0.08534720714419018,0.3986678851296623,0.6514131628634305,2.0140486589603768e-07,1.999768533393502,-0.07560404007381956,-0.18333333333333332,60,0.03881175564729492,-0.10621043371969809,-0.03369933903620158,0.1136560244391984,0.2838976592083891,1.0925734415967447e-05,1.5476693658492184,0.47496026897772914,-0.23333333333333334,1025.0,-0.18024978778297657,0.009555373494596191,-0.08534720714419018,0.3986678851296623,0.6514131628634305,2.0140486589603768e-07,1.999768533393502,-0.07560404007381956,-0.18333333333333332
V00_S1279_I00000315,P1118,P0317,P1118,P0317,P1118,12,15,3,0.0,4.653999999999996,False,14.322000000000003,15.021999999999991,True,140.0,-0.08958696336101699,0.19288009070268125,0.05164656367083213,0.28105553043871767,0.2922043480780224,4.949553503719173e-06,1.2644042258377222,0.30386500845038533,-0.6666666666666667,90,-0.30609735249405146,0.4500621062767488,0.07198237689134868,0.3357711337429154,0.5236089613295437,0.00021103224470764292,1.9284971611583712,0.0658019295394981,-0.033333333333333326,21.0,-0.27882917178080796,0.24093802198956776,-0.0189455748956201,0.7168570092651395,0.5873720298667542,0.018087141440413568,1.6329579820749223,-0.47649237395521715,0.26666666666666666
V00_S1279_I00000315,P0317,P1118,P1118,P0317,P1118,68,70,2,53.04200000000003,87.85400000000004,True,53.04200000000003,87.85400000000004,True,1045.0,-0.09943791451844274,-0.22634758518830037,-0.16289274985337154,0.5046175301527989,0.6508396567728676,2.1182205534042708e-07,1.999888937228631,0.06863837818642331,-0.09999999999999998,60,-0.3161575143933904,-0.2285247465485743,-0.27234113047098235,0.11049041253170974,0.15332348276391417,1.25870605749423e-06,0.614614963319785,-0.54466630408025,-0.033333333333333326,1045.0,-0.09943791451844274,-0.22634758518830037,-0.16289274985337154,0.5046175301527989,0.6508396567728676,2.1182205534042708e-07,1.999888937228631,0.06863837818642331,-0.09999999999999998
V00_S1279_I00000315,P1118,P0317,P1118,P0317,P1118,73,78,5,72.14599999999996,72.62199999999996,False,82.418,82.73400000000004,False,15.0,-0.1622326614790088,-0.05522827243178333,-0.10873046695539607,0.45695170372847105,0.7570299069406269,0.021413758533451732,1.9830294745738841,-0.02127509185969151,-0.016666666666666663,150,-0.5595139448824643,-0.6718258769649991,-0.6156699109237317,1.3657175679406095,0.7059699973127882,0.08860509833913965,1.998884081038466,-0.6632311436861201,-0.06666666666666667,9.0,0.66659936294238,0.26085762355939296,0.4637284932508865,1.8768154409175015,0.04281016669987756,1.782065421743024,1.9456704376598024,0.6596036601374587,0.03333333333333333
V00_S1279_I00000315,P1118,P0317,P1118,P0317,P1118,107,110,3,99.98599999999999,100.71799999999996,False,109.58600000000001,110.09400000000005,True,22.0,,,,,,,,,,90,0.07334164375052084,-0.01825214300360864,0.0275447503734561,0.37515811110584185,0.6511937040457617,3.659758599083851e-05,1.9559335548812915,-0.5066873515868153,-0.8,15.0,-0.08100975327437725,0.1284795154816405,0.023734881103631623,0.03999245814549792,0.08067167985878541,3.659758599083851e-05,0.3035685128740002,0.5176911400537607,-0.16666666666666669
V00_S1279_I00000315,P0317,P1118,P1118,P0317,P1118,117,121,4,99.53800000000001,120.33399999999995,True,120.59400000000005,129.486,True,624.0,-0.13415155643361432,-0.012657135919673865,-0.0734043461766441,0.21000582990949856,0.4549105704692721,8.569514409195733e-08,1.9887914493539995,-0.21993665511082472,-0.4666666666666667,120,-0.029983999926238097,0.12371898085110578,0.04686749046243384,0.15969814474789878,0.4560876846504675,2.0958703539353252e-07,1.9887914493539995,-0.06728215045973368,-0.75,267.0,-0.04042956007300752,-0.0782574862954911,-0.05934352318424931,0.46974358357106816,0.6655271263343548,9.389190714914619e-07,1.9800932671494944,-0.27895143957879426,-1.0666666666666667
V00_S1279_I00000315,P0317,P1118,P0317,P0317,P1118,159,169,10,155.66600000000005,156.62199999999996,False,177.16999999999996,178.92600000000004,False,29.0,0.24358724990808134,-0.23166699226265222,0.005960128822714558,0.2217774119571975,0.46830867223869727,1.0950785397367824e-06,1.7224467689252525,0.41889099099291016,-0.4666666666666667,300,0.08736369446966476,0.176787408078383,0.13207555127402387,0.44535385544907985,0.6470704712278406,9.553268105411128e-05,1.9863376690580496,-0.05107547798467202,-1.4666666666666666,53.0,-0.09352720198378225,-0.12944378644110036,-0.1114854942124413,0.7015064726464486,0.7754660922369644,6.767012377284498e-05,1.9872326613413134,0.4181666452399566,-0.5166666666666667
V00_S1279_I00000315,P1118,P0317,P0317,P0317,P1118,159,171,12,156.62599999999998,159.822,True,164.178,178.798,True,96.0,-0.009588240123232186,0.18287321624264619,0.086642488059707,0.3488324919232855,0.49583241017448837,0.00024889818738760283,1.9413721327298503,0.2394295596449821,0.95,360,0.06667806607418103,0.2911433913061553,0.17891072869016816,0.4683708562279921,0.6594260928849346,9.553268105411128e-05,1.9863376690580496,0.27092341332977143,-0.36666666666666664,439.0,-0.06656268409776203,0.2474778476615624,0.09045758178190018,0.6951425294718258,0.7079680816996047,6.767012377284498e-05,1.9915005312433744,-0.028600133806196193,-1.5499999999999998
V00_S1279_I00000315,P1118,P0317,P1118,P0317,P1118,207,209,2,192.52999999999997,208.33399999999995,True,210.28999999999996,225.93399999999997,False,474.0,-0.35091944313015433,0.17564852592607952,-0.0876354586020374,0.5671609853756624,0.811927244395686,8.706893854792952e-07,1.999997525666735,-0.3500106104647731,-1.0166666666666666,60,0.016341865468597692,-0.02402544568849971,-0.0038417901099510095,0.20275358896278436,0.4084711494571894,8.706893854792952e-07,1.9917182303493544,-0.44011543017158233,-1.0666666666666667,469.0,-0.18363241049765894,-0.022848847131049486,-0.10324062881435421,,,,,-0.12714041656565936,0.0
V00_S1279_I00000315,P0317,P1118,P0317,P0317,P1118,236,239,3,228.97799999999995,230.19000000000005,False,239.73000000000002,244.39800000000002,False,37.0,,,,,,,,,,90,-0.6823425782777798,-0.2995059194469336,-0.4909242488623567,1.4695359604979703,0.6722513685681731,0.017801432398300232,1.9834063242502216,-0.5287934607067343,-0.05,140.0,-0.2662779087399965,-0.09825947196205975,-0.18226869035102813,0.46316682072246157,0.6262425154715252,9.765168701436622e-07,1.9999854093811786,-0.427021816221792,-0.2833333333333333
V00_S1279_I00000315,P1118,P0317,P1118,P0317,P1118,244,248,4,243.63400000000001,244.87800000000004,True,,,False,37.0,-0.17142410262556543,0.22918014456258237,0.028878020968508472,0.30279646424643375,0.6358904971613871,9.726742350446571e-07,1.9424907457032412,0.4208972564686707,-0.01666666666666667,120,-0.1101119638674479,0.09325775036807245,-0.008427106749687725,0.3341821779619083,0.5123304542804517,5.5020021427765187e-08,1.9526630792957054,0.03319553154725641,0.49999999999999994,,,,,,,,,,
V00_S1279_I00000316,P0317,P1118,P0317,P0317,P1118,39,52,13,24.51400000000001,24.861999999999966,False,73.85799999999995,74.654,False,11.0,0.11625888436388755,0.17380802119085306,0.14503345277737031,0.027247559018386422,0.022695289059733476,0.0018376569867044612,0.07341510456044942,0.491847249227195,-0.08333333333333334,390,0.0586119837652335,0.053454676742335096,0.0560333302537843,0.5745201447676815,0.7011364897471432,0.00010042023614864615,1.9999974530670983,0.19406124287187343,0.8833333333333333,24.0,,,,,,,,,
V00_S1279_I00000316,P1118,P0317,P1118,P0317,P1118,76,78,2,53.922000000000025,76.12599999999998,True,78.69000000000005,94.26999999999998,False,666.0,0.15102726067174865,-0.1019031886952413,0.024562035988253676,0.4900314228465949,0.6780294815058084,1.2324687767018006e-06,1.9984154813506507,-0.03464165352841139,0.21666666666666667,60,,,,,,,,,,467.0,-0.11181804174403133,0.3118951942548685,0.1000385762554186,0.4012801661402487,0.5252671140106812,0.0057736597996381755,1.8930688474340465,0.10430258766705915,-1.05
V00_S1279_I00000316,P0317,P1118,P0317,P0317,P1118,102,105,3,94.21000000000004,94.59000000000003,False,109.63400000000001,110.654,False,12.0,,,,,,,,,,90,0.0674980877718371,-0.02763519666224987,0.01993144555479362,0.7217867122038584,0.8774799155984505,2.5366880394006586e-06,1.9999827551902822,0.13447381641297018,1.0666666666666669,31.0,-0.23879397110201941,-0.25086485501080624,-0.24482941305641281,0.06860865674955204,0.030131063097869455,0.03218979299080127,0.1625886520030887,-0.6353036247183872,-0.033333333333333326
V00_S1279_I00000316,P0317,P1118,P1118,P0317,P1118,192,199,7,182.466,209.11800000000005,True,182.466,209.11800000000005,True,800.0,0.05325149435040125,-0.1943137033279128,-0.07053110448875578,0.3005474031955376,0.4939923631429413,2.015207345440473e-08,1.9982635754615163,-0.04383092772350833,-0.36666666666666664,210,-0.12500470712449618,-0.07622878021565647,-0.10061674367007634,0.268797608079248,0.42546966723602125,4.676791491853294e-06,1.9982635754615163,-0.3115891841802507,-0.6166666666666667,800.0,0.05325149435040125,-0.1943137033279128,-0.07053110448875578,0.3005474031955376,0.4939923631429413,2.015207345440473e-08,1.9982635754615163,-0.04383092772350833,-0.36666666666666664
V00_S1279_I00000316,P1118,P0317,P1118,P0317,P1118,227,229,2,217.89,218.26999999999998,False,233.73000000000002,234.558,False,11.0,0.24259955761229368,-0.8278143428441679,-0.2926073926159371,0.21967837163923767,0.39710338479403723,0.032266293492180464,1.463730406838617,-0.636802703230069,-0.03333333333333333,60,-0.12091299772621837,0.2768118868306378,0.0779494445522097,0.48718314222063974,0.7382322092616213,1.3315028698168696e-05,1.9982392244029819,0.06274779917295298,-0.30000000000000004,25.0,-0.1860361311973707,0.30317960706636116,0.05857173793449523,0.20137324734831807,0.539393647409194,4.3622327394743365e-05,1.9800180936596496,0.48752847232335866,-0.13333333333333333
V00_S1279_I00000316,P0317,P1118,P1118,P0317,P1118,232,236,4,210.11400000000003,233.37400000000002,True,234.082,244.2539999999999,True,698.0,0.07595630272636646,-0.06468164210572311,0.005637330310321674,0.38559473732187677,0.6287537649878467,2.5796727198823532e-08,1.9995726884333236,-0.07330173759140932,0.48333333333333334,120,0.4180301842922423,-0.017161043545157285,0.2004345703735425,0.5861124254477278,0.7611285130988598,4.3622327394743365e-05,1.980717710905017,0.39154676540468364,0.11666666666666667,306.0,0.24233281705895157,-0.04777065483652487,0.09728108111121335,0.34073735420182855,0.6196088396903783,2.626823416562729e-07,1.9921131515965063,0.34371888852316446,-0.5833333333333334
V00_S1279_I00000319,P0317,P1118,P0317,P0317,P1118,38,42,4,34.54600000000005,35.15000000000009,False,42.6099999999999,43.08600000000001,False,19.0,-0.40716865656445633,-0.009263513394136415,-0.20821608497929636,0.8965167380400461,0.6129483434106897,0.0034154763385425557,1.7930547470281717,-0.04696741940391039,0.21666666666666667,120,-0.38841535774049524,0.21206704431548112,-0.08817415671250706,0.8176228952101268,0.864916466631176,1.7100580892881467e-05,1.9945020669676667,-0.0673308454421534,-1.0666666666666667,15.0,,,,,,,,,
V00_S1279_I00000319,P1118,P0317,P0317,P0317,P1118,42,43,1,41.521999999999935,44.33400000000006,True,41.521999999999935,44.33400000000006,True,84.0,-0.25068745555580213,0.32048391051069,0.03489822747744392,0.6108720568865352,0.7129192889103273,0.0016027596781528208,1.9168672221138128,-0.49477297715066326,-1.1666666666666667,30,,,,,,,,,,84.0,-0.25068745555580213,0.32048391051069,0.03489822747744392,0.6108720568865352,0.7129192889103273,0.0016027596781528208,1.9168672221138128,-0.49477297715066326,-1.1666666666666667
V00_S1279_I00000319,P1118,P0317,P1118,P0317,P1118,86,90,4,83.18599999999992,83.72600000000011,False,90.73800000000006,91.15000000000009,False,16.0,-0.2876511769050105,-0.019979442429136796,-0.15381530966707366,0.6021648926708614,0.76123236232264,0.013869941073344827,1.8644822956390046,-0.011641844703169063,-0.05,120,0.28267054535539465,0.010627290271955582,0.14664891781367512,0.2976675621399681,0.43807142228074847,2.568070299779901e-05,1.7134749423648539,0.3986983886429809,-0.75,13.0,0.11092542126736388,0.3205514319702601,0.21573842661881198,0.20993375728496716,0.18061687636449766,0.0010204426262064858,0.6493572986271274,-0.4645052127937521,-0.23333333333333334
V00_S1279_I00000319,P0317,P1118,P1118,P0317,P1118,123,124,1,120.52999999999997,122.606,False,123.44200000000001,135.78999999999996,True,62.0,0.4728613004945163,0.19595652966432434,0.33440891507942033,0.3109408720866024,0.5398831965290645,0.00028055396019222023,1.8911687453327692,0.5637405398281302,0.15,30,0.07462416738591957,0.3332414234729326,0.2039327954294261,0.08116507508291533,0.3089635944864121,2.0204885047836463e-05,1.7328273684727564,-0.3937470682579427,0.25,371.0,0.10838559120891722,0.09557896338633758,0.1019822772976274,0.13992927268009775,0.40057148689026634,2.0204885047836463e-05,1.7328273684727564,-0.004941110572978823,-0.5499999999999999
V00_S1279_I00000319,P1118,P0317,P1118,P0317,P1118,173,176,3,169.8420000000001,170.1579999999999,False,176.11400000000003,176.58999999999992,False,10.0,0.054997286174339896,-0.16163602064053836,-0.053319367233099234,0.27862380077951254,0.2298200461080305,0.002146368413512567,0.8165905908291711,0.042925503461528236,-0.06666666666666667,90,-0.08954604124594603,0.08972475594847376,8.935735126386346e-05,0.23408590003284807,0.39109682004929763,6.327896958868706e-06,1.827087646923875,-0.017771816782195776,-1.0,15.0,-0.3866890326976353,-0.6421181035605604,-0.5144035681290979,0.027342241118433832,0.03241474084627889,6.71961942755317e-07,0.10684796673350871,-0.6219994473924977,-0.03333333333333333
V00_S1279_I00000319,P0317,P1118,P1118,P0317,P1118,211,215,4,210.19399999999996,215.30999999999995,True,210.19399999999996,215.30999999999995,True,153.0,-0.1723846674889419,0.17143708281857745,-0.00047379233518222985,0.1696860178207216,0.40563473237258457,1.1697114395969876e-06,1.9898744825007557,0.27052299924045264,0.6166666666666667,120,-0.26161653168770777,0.024783512417791895,-0.11841650963495794,0.1124180258257704,0.31416334068270885,1.2401251384686063e-06,1.9898744825007557,-0.04515372994520582,0.9166666666666666,153.0,-0.1723846674889419,0.17143708281857745,-0.00047379233518222985,0.1696860178207216,0.40563473237258457,1.1697114395969876e-06,1.9898744825007557,0.27052299924045264,0.6166666666666667
V00_S1279_I00000319,P0317,P1118,P0317,P0317,P1118,220,227,7,210.19399999999996,215.30999999999995,False,226.83400000000006,227.30999999999995,True,153.0,-0.1723846674889419,0.17143708281857745,-0.00047379233518222985,0.1696860178207216,0.40563473237258457,1.1697114395969876e-06,1.9898744825007557,0.27052299924045264,0.6166666666666667,210,,,,,,,,,,14.0,,,,,,,,,
V00_S1279_I00000319,P1118,P0317,P0317,P0317,P1118,220,227,7,215.28199999999993,224.36599999999999,True,226.57799999999997,228.43000000000006,True,273.0,-0.2041819346806835,0.5613694769280279,0.1785937711236722,0.19223855694257794,0.38901754956319656,1.7518053041509773e-07,1.9799083700388658,0.1576517913207383,-0.3833333333333333,210,,,,,,,,,,56.0,,,,,,,,,
V00_S1279_I00000319,P0317,P1118,P1118,P0317,P1118,356,360,4,345.0419999999999,359.3739999999998,True,360.21000000000004,363.1500000000001,False,430.0,0.049322849996134295,0.029299268424000057,0.039311059210067174,0.26433264402878875,0.5452609351553906,2.8321756851967805e-06,1.9635551546477112,0.0316753979822119,0.13333333333333336,120,0.07266381760648662,0.03405535012811462,0.05335958386730062,0.2570490075452481,0.4655824909263942,2.2441849497623068e-06,1.9635551546477112,0.42251693544107477,1.1666666666666667,89.0,0.09910526361665725,-0.2787326451350724,-0.08981369075920757,0.41904866266054847,0.6671742838462019,1.6932009918479984e-05,1.9997488010847377,0.008937847200617383,-0.21666666666666667
V00_S1279_I00000323,P0317,P1118,P1118,P0317,P1118,41,44,3,38.41800000000012,53.16600000000017,True,38.41800000000012,53.16600000000017,True,442.0,0.10952165821182133,0.08279774793162371,0.09615970307172253,0.3321043194768602,0.4899479480312506,1.2857601555893439e-05,1.9999987110084934,-0.0076726045008777,-0.4666666666666666,90,0.4530126684769515,0.3221677224637601,0.3875901954703558,0.10821182434146705,0.15235832305943206,1.2857601555893439e-05,0.7788164533412412,0.5550957954972824,0.45,442.0,0.10952165821182133,0.08279774793162371,0.09615970307172253,0.3321043194768602,0.4899479480312506,1.2857601555893439e-05,1.9999987110084934,-0.0076726045008777,-0.4666666666666666
V00_S1279_I00000323,P1118,P0317,P1118,P0317,P1118,112,114,2,111.31399999999985,113.03800000000001,True,114.16199999999981,114.51000000000022,False,52.0,0.030234067603702033,-0.15976877129128325,-0.06476735184379061,1.1609031210481822,0.7186218276416576,0.009189295155921484,1.924962240542748,-0.4211156590369614,-0.7833333333333333,60,,,,,,,,,,10.0,-0.0360999282494387,0.45111691928717873,0.20750849551887002,0.008889652969415207,0.014382264007146399,2.1935912319914763e-07,0.04907098282775013,0.5107188971257195,-0.05
V00_S1279_I00000323,P0317,P1118,P1118,P0317,P1118,140,142,2,120.91400000000021,142.28600000000006,True,120.91400000000021,142.28600000000006,True,642.0,0.0732356008540184,0.14076538211105954,0.10700049148253897,0.32059048190337713,0.48340506491815993,2.409500815980792e-06,1.9109572358397147,0.02686258945803706,0.24999999999999997,60,,,,,,,,,,642.0,0.0732356008540184,0.14076538211105954,0.10700049148253897,0.32059048190337713,0.48340506491815993,2.409500815980792e-06,1.9109572358397147,0.02686258945803706,0.24999999999999997
V00_S1279_I00000323,P1118,P0317,P0317,P0317,P1118,208,209,1,202.80200000000013,209.35800000000017,True,202.80200000000013,209.35800000000017,True,197.0,0.0920413894534676,-0.09315965726351069,-0.0005591339050215471,0.4847694127213917,0.683171523853491,1.1605274757298112e-05,1.9539311227070377,-0.08523509568531387,-0.9833333333333334,30,-0.048777564170999196,-0.5354204658797216,-0.2920990150253604,0.5171984419490199,0.6354857311363421,0.0003579173626359067,1.9140718553917533,-0.04056923036840565,-0.43333333333333335,197.0,0.0920413894534676,-0.09315965726351069,-0.0005591339050215471,0.4847694127213917,0.683171523853491,1.1605274757298112e-05,1.9539311227070377,-0.08523509568531387,-0.9833333333333334
V00_S1279_I00000323,P1118,P0317,P0317,P0317,P1118,230,233,3,216.8180000000002,234.41400000000021,True,216.8180000000002,234.41400000000021,True,527.0,-0.054066259689741394,0.06285364474340092,0.004393692526829765,0.3388738339604216,0.4641068745517809,8.142567508806486e-06,1.9990565437516579,0.010602816166139867,0.016666666666666663,90,0.09441298594412123,0.21942174227767627,0.15691736411089874,0.6433487973880105,0.6015787502774192,0.0065706338986115664,1.9828005127254862,0.430816526128443,0.6333333333333333,527.0,-0.054066259689741394,0.06285364474340092,0.004393692526829765,0.3388738339604216,0.4641068745517809,8.142567508806486e-06,1.9990565437516579,0.010602816166139867,0.016666666666666663
V00_S1279_I00000323,P0317,P1118,P0317,P0317,P1118,236,241,5,234.41800000000012,235.40599999999995,False,241.23399999999992,241.55000000000018,False,29.0,0.23423448416128448,0.1506262546336334,0.19243036939745894,0.21831320742589913,0.28963222387877285,0.00012340669737676002,1.6274665049485195,-0.028821564057723514,-0.23333333333333334,150,0.09239454486901581,0.05051237085275009,0.07145345786088295,0.1611347211667063,0.34642153297320594,1.0751261277919255e-06,1.8775785053458534,-0.09656720043843539,-0.43333333333333335,10.0,-0.4785026336482883,0.009025961907258804,-0.23473833587051476,0.06677727359110279,0.047365654421227685,3.8953105428451984e-05,0.14035503863179455,-0.06630910719275512,-0.11666666666666667
V00_S1279_I00000323,P1118,P0317,P1118,P0317,P1118,283,285,2,258.48199999999997,284.0140000000001,True,285.61799999999994,304.78200000000015,False,766.0,0.05597006171400205,0.1935726331180228,0.12477134741601242,0.32242017724555866,0.5785317070139028,1.0944273898250145e-06,1.9999051756866395,0.004536971165871706,0.7999999999999999,60,-0.2869497313336713,0.34346386848747096,0.02825706857689983,0.339203282097733,0.30697692621952943,0.00015665053273372642,1.213276059647165,-0.01121834549555692,-0.13333333333333336,574.0,0.04821744676829368,-0.05225618495535451,-0.0020193690935304126,0.6259962235539638,0.72592040172668,2.4099596429572046e-08,1.9974041001591725,0.19048501922766187,0.5333333333333333
V00_S1279_I00000323,P0317,P1118,P1118,P0317,P1118,314,316,2,311.57000000000016,314.8939999999998,True,316.3699999999999,316.78200000000015,False,100.0,0.2919545997493041,0.29131528338509144,0.29163494156719777,0.31747070951622186,0.5391496538032048,1.2680793685104774e-06,1.9681566165963065,0.3716723206570459,0.44999999999999996,60,0.03457008917434796,-0.2109216537088689,-0.08817578226726047,0.19711365071503612,0.45326763226038697,1.2680793685104774e-06,1.9448523866012728,-0.33128321291467233,0.41666666666666663,12.0,0.4358347480138242,0.18028323678993674,0.3080589924018805,0.2842176149677824,0.4040857826201625,1.5132336262713153e-05,1.1239600951844912,0.49245181509229363,-0.1
V00_S1279_I00000323,P1118,P0317,P0317,P0317,P1118,346,349,3,343.79399999999987,346.6060000000002,True,347.058,356.62199999999984,True,84.0,0.2715400756277433,0.09577578510341328,0.1836579303655783,0.6460975244622963,0.7652518632979735,8.081737022291868e-05,1.9865929203415402,-0.49843731870844077,0.08333333333333331,90,-0.027810145971572563,0.06930900411606088,0.020749429072244155,0.8763228059332322,0.7529133607257369,3.0175110378949377e-05,1.9855795719617126,-0.06384073269399215,-1.1833333333333333,287.0,0.14252231765100148,-0.09428870403625537,0.024116806807373055,0.5137586615823123,0.7484218923480763,1.3940362009190466e-07,1.9997496189647164,0.3173294124256707,-0.01666666666666672
V00_S1279_I00000323,P0317,P1118,P1118,P0317,P1118,420,422,2,406.28999999999996,424.59000000000015,True,406.28999999999996,424.59000000000015,True,549.0,0.0023402534188163965,0.13017004429195295,0.06625514885538467,0.41669587745797787,0.5822070295777388,9.098703457333102e-09,1.9930324891194457,0.155571587349688,0.6166666666666667,60,-0.3160491326142049,-0.11808121336952349,-0.2170651729918642,0.3148015289987835,0.30121184973106807,9.039866669890984e-06,1.0297061463127006,0.5001417895000385,-0.5166666666666666,549.0,0.0023402534188163965,0.13017004429195295,0.06625514885538467,0.41669587745797787,0.5822070295777388,9.098703457333102e-09,1.9930324891194457,0.155571587349688,0.6166666666666667
V00_S1279_I00000323,P1118,P0317,P1118,P0317,P1118,423,424,1,412.3699999999999,412.75,False,424.3380000000002,426.92599999999993,False,11.0,-0.35959338128996393,-0.10243214339113517,-0.23101276234054954,0.29036443469271594,0.4622395476620815,0.0005598457181724692,1.699484193043888,0.05398095688409854,-0.21666666666666667,30,,,,,,,,,,78.0,-0.550584414704073,0.09256127984620022,-0.2290115674289364,0.45260820748844044,0.7629092038445842,4.424957153204012e-05,1.9864921160658517,-0.1391382122452853,-0.9333333333333333
V00_S1279_I00000324,P0317,P1118,P0317,P0317,P1118,28,36,8,12.514000000000124,14.077999999999975,False,38.626000000000204,40.190000000000055,False,47.0,0.26980988469504835,-0.2741041795928086,-0.0021471474488801157,0.6813563802958331,0.8144204840826998,0.00011144237123739131,1.9578126776943812,0.5461815873676242,-0.11666666666666668,240,0.06634579630058746,-0.18048137748531357,-0.057067790592363055,0.26652495514257385,0.27886592335032184,0.00041079334563032255,1.4573900236079442,0.03417335670452641,-1.4,47.0,0.31633808106428857,0.032789000177906424,0.1745635406210975,0.06667674665117901,0.02965234547399695,0.04545074830295037,0.128397121748291,0.09124161499688802,-0.8500000000000001
V00_S1279_I00000324,P1118,P0317,P0317,P0317,P1118,129,131,2,125.82600000000002,128.1260000000002,False,129.92200000000003,137.2779999999998,True,69.0,0.27110066542436917,0.09766475662525372,0.18438271102481144,0.20635511427358688,0.12107286187578652,0.0594722947140075,0.3485596110184691,-0.03097167544203419,0.5166666666666666,60,-0.08541242341745266,0.04069620081659335,-0.022358111300429653,0.4659730553036529,0.5561126881047678,0.0016687201552774145,1.9300956018965945,-0.11529560140774073,-0.3833333333333333,220.0,-0.06491348923632971,0.1676905234557739,0.051388517109722094,0.6765789057311744,0.07395175425672473,0.6026271514744497,0.7505306599878991,0.01302106695288155,-1.0833333333333335
V00_S1279_I00000324,P0317,P1118,P1118,P0317,P1118,137,139,2,128.99400000000014,130.01400000000012,False,138.49800000000005,141.21399999999994,True,30.0,-0.1629097999864797,-0.46974547291012453,-0.3163276364483021,0.4659730553036529,0.5561126881047678,0.0016687201552774145,1.9300956018965945,0.5106164891710889,-0.08333333333333334,60,,,,,,,,,,81.0,-0.08853306259348442,-0.46280047869058,-0.2756667706420322,0.6330657458157494,0.6585144645339588,0.0005080360346876311,1.8505891591667463,-0.14265812246069406,1.0666666666666667
V00_S1279_I00000324,P1118,P0317,P0317,P0317,P1118,349,353,4,347.3299999999999,347.9340000000002,False,349.31399999999985,353.88599999999997,True,18.0,0.13595330064573108,-0.3062655905943691,-0.085156144974319,0.415263482951983,0.5434376567780228,3.8858553358500636e-05,1.7071522808571262,-0.23784614603353246,-0.016666666666666663,120,0.3060691712458423,-0.34619054023474655,-0.020060684494452113,0.3019122322022069,0.4581511394388674,3.7208988510784025e-05,1.8479016490849458,0.0667694127104479,0.8,138.0,0.42733414944565223,-0.44768852455871594,-0.010177187556531853,0.4617671617416044,0.5904698460497755,3.7208988510784025e-05,1.9804231761727493,-0.00792796254052952,0.016666666666666666
V00_S1279_I00000324,P0317,P1118,P1118,P0317,P1118,398,401,3,389.28200000000015,390.97400000000016,False,398.8499999999999,402.78200000000015,True,51.0,-0.6573858562152395,0.3121870951324054,-0.17259938054141705,0.5768369255901554,0.7542966955207078,5.711606852909501e-05,1.995370412308357,-0.07600225332062216,-0.3333333333333333,90,-0.15377496334725566,0.38725947810079797,0.11674225737677116,1.4616753634960389,0.5515224136986948,0.025135143561950457,1.999307881106232,0.07057247517225258,-0.25,118.0,-0.37032959572544394,0.10145339651389097,-0.1344380996057765,0.9368304103967366,0.7165797488060577,3.3458413706277668e-06,1.950598284988192,-0.09516106249791306,-0.2833333333333333
V00_S1279_I00000325,P0317,P1118,P1118,P0317,P1118,17,22,5,13.585999999999785,51.50199999999995,True,13.585999999999785,51.50199999999995,True,1137.0,-0.04738272988617199,0.07893993129350542,0.015778600703666715,0.3983578694446103,0.6353185530087152,2.1529263150021904e-08,1.9998426271910485,0.11656247665800694,1.1833333333333333,150,0.22510559076990908,0.19006195812045956,0.20758377444518433,0.3602920189589217,0.658059277434353,2.1529263150021904e-08,1.9985463651437603,0.380917073004846,-0.3666666666666667,1137.0,-0.04738272988617199,0.07893993129350542,0.015778600703666715,0.3983578694446103,0.6353185530087152,2.1529263150021904e-08,1.9998426271910485,0.11656247665800694,1.1833333333333333
V00_S1279_I00000325,P1118,P0317,P1118,P0317,P1118,43,46,3,13.13799999999992,13.454000000000178,False,51.378000000000156,51.72600000000011,False,10.0,,,,,,,,,,90,0.07412817219045273,0.30144028496862163,0.1877842285795372,0.5778736836097901,0.8104272954899533,8.414823139313299e-05,1.999316854985075,0.34163832866556443,0.75,11.0,0.23864728809287408,0.12608119632465345,0.18236424220876377,0.08440825936506045,0.16527058861118793,0.00015747238801910868,0.48061285437832113,-0.5160835346095849,0.08333333333333334
V00_S1279_I00000325,P0317,P1118,P1118,P0317,P1118,53,57,4,52.33800000000019,75.5659999999998,True,52.33800000000019,75.5659999999998,True,697.0,0.016039212537434015,-0.07651196086900251,-0.03023637416578425,0.4079944020248355,0.5901773242102448,5.116038265917666e-06,1.99608414761995,-0.04987999868934259,0.5,120,-0.16218174023104015,0.4135760310572886,0.1256971454131242,0.30226642966244877,0.5785155673014453,1.7170207302297236e-05,1.9608680039841906,-0.3843161114944438,0.9,697.0,0.016039212537434015,-0.07651196086900251,-0.03023637416578425,0.4079944020248355,0.5901773242102448,5.116038265917666e-06,1.99608414761995,-0.04987999868934259,0.5
V00_S1279_I00000325,P1118,P0317,P1118,P0317,P1118,73,75,2,71.53800000000001,72.14199999999983,False,76.14600000000019,80.49400000000014,False,18.0,0.49056197398390067,-0.030110922582965514,0.2302255257004676,0.24596085598497977,0.23972702996561768,0.00019932698517755032,0.965302826663416,0.5144130225135695,-0.23333333333333334,60,0.24896997594034184,-0.2454359539636031,0.0017670109883693719,0.41512959580141956,0.6527428446578597,2.5572406965324035e-05,1.9933323344963008,-0.07255448232846617,-0.35,131.0,-0.009497647946749644,0.5671815033048195,0.27884192767903493,0.8036038034264495,0.7824698400542696,0.00028151473394288917,1.9990464252937734,0.5599655240032552,0.5666666666666667
V00_S1279_I00000325,P0317,P1118,P1118,P0317,P1118,85,87,2,82.99400000000014,89.29399999999987,True,82.99400000000014,89.29399999999987,True,189.0,0.14262654377723666,-0.13927434123060903,0.0016761012733138153,0.26032452680326773,0.4562531996126684,4.122804437722838e-05,1.9743754172753425,0.39356669407687744,1.1833333333333333,60,-0.08254472358647254,-0.3545523303325922,-0.21854852695953236,0.16129626641317377,0.3766979636010494,0.00017480847067885552,1.9743754172753425,-0.46122718658544437,-0.21666666666666667,189.0,0.14262654377723666,-0.13927434123060903,0.0016761012733138153,0.26032452680326773,0.4562531996126684,4.122804437722838e-05,1.9743754172753425,0.39356669407687744,1.1833333333333333
V00_S1279_I00000325,P0317,P1118,P0317,P0317,P1118,166,167,1,154.38599999999997,155.7579999999998,False,166.0659999999998,167.82200000000012,True,41.0,0.39954009723763845,-0.27028802340482855,0.06462603691640495,0.1521187964614156,0.40319117297990315,1.2298658990106404e-06,1.7528258081992905,0.04505127964516839,0.18333333333333335,30,,,,,,,,,,53.0,,,,,,,,,
V00_S1279_I00000325,P1118,P0317,P0317,P0317,P1118,166,167,1,149.58599999999979,190.67000000000007,True,149.58599999999979,190.67000000000007,True,1232.0,-0.08084535531306897,0.014755234691820912,-0.03304506031062403,0.7135082179531164,0.7557835729825821,1.2970669760470344e-08,1.9999835875217107,-0.03520352122969297,0.1166666666666667,30,,,,,,,,,,1232.0,-0.08084535531306897,0.014755234691820912,-0.03304506031062403,0.7135082179531164,0.7557835729825821,1.2970669760470344e-08,1.9999835875217107,-0.03520352122969297,0.1166666666666667
V00_S1279_I00000325,P1118,P0317,P0317,P0317,P1118,262,272,10,261.8420000000001,262.3499999999999,True,263.8899999999999,273.6460000000002,True,15.0,-0.3977329502005633,0.14908576380647645,-0.12432359319704343,0.20798613225084353,0.5862091764867395,5.620604069989099e-05,1.96601085840706,-0.059833650988804526,0.08333333333333334,300,0.31755050379985084,0.09998472082639372,0.20876761231312227,0.3721006869486779,0.6872936064696754,2.340021370450529e-06,1.9993949000754827,0.33566043588168065,-1.3833333333333333,292.0,0.05257729819413664,0.011262128254982707,0.03191971322455967,0.00400351625461041,0.001600993614398733,0.0018660084206045813,0.005718850425480593,0.1509497628209418,-0.9166666666666667
V00_S1279_I00000325,P0317,P1118,P0317,P0317,P1118,275,276,1,273.1060000000002,274.92599999999993,False,275.922,276.39800000000014,True,55.0,,,,,,,,,,30,,,,,,,,,,14.0,,,,,,,,,
V00_S1288_I00000092,P0071,P1119,P0071,P0071,P1119,49,51,2,,,False,57.82599999999999,85.726,False,,,,,,,,,,,60,-0.044484653489735466,-0.04417779288448457,-0.04433122318711002,1.172468142120799,0.8080636603024965,0.013481391144878785,1.999101810948161,-0.24654653532223414,-0.4,837.0,0.08348898953128268,-0.23496291328879454,-0.07573696187875592,0.4797250826485792,0.6979293468415113,2.6097633876176474e-07,1.9999991899949299,-0.19781299440866532,-0.35000000000000003
V00_S1288_I00000092,P1119,P0071,P0071,P0071,P1119,86,87,1,79.426,79.742,False,86.402,90.814,True,9.0,-0.1892944373307533,0.05896890626659264,-0.06516276553208034,0.1461895887752658,0.3174562908297904,0.003627616235094222,1.036553326042189,-0.0679726691918604,0.0,30,0.20136476409180604,-0.6753395094303725,-0.2369873726692832,0.654859096340527,0.6595805189648476,3.301163845681465e-05,1.8324933524106848,-0.15643871015847904,-0.08333333333333334,132.0,0.09023051321072967,0.0063515257410620505,0.04829101947589586,0.39468136376281177,0.4840390889214458,3.419646075752958e-05,1.983881014502388,0.37126823889475535,-0.8
V00_S1288_I00000092,P0071,P1119,P1119,P0071,P1119,123,124,1,114.75399999999999,123.96600000000001,True,124.066,125.50200000000001,False,276.0,-0.006639397014242879,-0.05677407085890078,-0.03170673393657183,0.5080787301437119,0.7428736316323236,2.6794862210133275e-06,1.9999828242346886,0.24182659106403165,1.9333333333333333,30,-0.3856029094314626,0.541037133150624,0.07771711185958069,0.04970671988176341,0.05553781092743297,0.0006290838475637717,0.2779240316097117,0.5671507115144776,0.23333333333333334,43.0,-0.18200101846241767,-0.10595088384958906,-0.14397595115600337,0.14338798044347023,0.29981761362723136,1.0042770515195087e-06,1.574697095676202,-0.3260849306082419,0.6333333333333333
V00_S1288_I00000092,P1119,P0071,P0071,P0071,P1119,247,250,3,243.298,253.502,True,243.298,253.502,True,306.0,0.09219565306434137,-0.09880326799042126,-0.0033038074630399455,0.7057735367269251,0.5445087134776222,1.2550230510388616e-07,1.9999744592987967,0.031437541172490924,-0.35,90,-0.007499285699822693,0.0189883605897127,0.005744537444945004,0.7599519676456276,0.5262016952927079,0.00013872895478883596,1.87413787926281,0.34105677776120474,1.1166666666666667,306.0,0.09219565306434137,-0.09880326799042126,-0.0033038074630399455,0.7057735367269251,0.5445087134776222,1.2550230510388616e-07,1.9999744592987967,0.031437541172490924,-0.35
V00_S1288_I00000092,P1119,P0071,P1119,P0071,P1119,289,292,3,281.602,289.502,True,292.642,343.358,False,237.0,-0.08601851324117708,0.17457278759768538,0.04427713717825415,0.8373236315826404,0.4176193887551202,0.0003443911301249658,1.859221993992036,0.047620702374604224,0.5333333333333333,90,-0.27766055035282194,-0.010749748204782862,-0.1442051492788024,0.656639680296154,0.6874635524183436,0.0004298771131843182,1.9974649353762803,-0.4394603453114271,-0.16666666666666669,1522.0,-0.04037137080841431,-0.07326858222187493,-0.05681997651514462,0.7832900807205128,0.46150769129005326,5.404788540053218e-06,1.999769771592732,-0.03154671611492513,0.033333333333333326
V00_S1288_I00000092,P0071,P1119,P1119,P0071,P1119,349,350,1,347.778,350.046,True,347.778,350.046,True,68.0,0.2994170933562869,-0.19812437652076856,0.05064635841775918,0.2685471217380749,0.30025744971034224,0.00028508502072854824,1.3663640556553627,0.396610492697724,0.5333333333333333,30,-0.08355044534747894,-0.6502755694551623,-0.3669130074013206,0.193150435938664,0.2572821577546679,0.00028508502072854824,1.2271983166752278,-0.47727227274500594,0.15,68.0,0.2994170933562869,-0.19812437652076856,0.05064635841775918,0.2685471217380749,0.30025744971034224,0.00028508502072854824,1.3663640556553627,0.396610492697724,0.5333333333333333
V00_S1288_I00000092,P0071,P1119,P1119,P0071,P1119,370,371,1,369.57,370.974,True,372.322,373.694,False,42.0,-0.2374345909365897,-0.07810602654035494,-0.1577703087384723,0.48600948536695865,0.49404459455595,3.702365002533625e-05,1.5056603022467328,0.4704127848936492,0.8166666666666667,30,-0.07821349207205738,-0.2072520621819712,-0.1427327771270143,0.4508368733697344,0.4968600385825416,3.702365002533625e-05,1.4205202873618192,-0.08999539289526512,0.16666666666666669,41.0,-0.12018642459694986,0.2875964258763748,0.08370500063971247,0.36346968226248966,0.3995724130111859,0.00014263114120705023,1.647762863729589,0.7317921266004631,0.15
V00_S1288_I00000092,P1119,P0071,P0071,P0071,P1119,372,373,1,370.402,372.734,True,373.826,379.966,False,70.0,0.05987143396482588,-0.19729208876514287,-0.06871032740015849,0.3729178635340165,0.5026788600396587,3.702365002533625e-05,1.713842285855537,-0.001625383849042178,-0.04999999999999999,30,0.0066920785660367485,-0.07785193224153186,-0.03557992683774756,0.3735330533559995,0.46324592861870734,0.00014263114120705023,1.647762863729589,0.5938710757378352,0.15,184.0,-0.16584129188018806,-0.05654014006569333,-0.1111907159729407,0.2857232954920181,0.5148026806029808,2.6303147714901165e-05,1.9764526476196247,0.040766397156928466,-0.35
V00_S1288_I00000093,P0071,P1119,P0071,P0071,P1119,19,23,4,,,False,25.33000000000004,25.902000000000044,False,,,,,,,,,,,120,0.0007304179961061083,-0.23398420943089915,-0.11662689571739653,0.7436738167802898,0.5170079568087745,0.0010047152015371097,1.9406934472505974,0.06991887351823697,0.8333333333333334,17.0,0.15418580329552375,-0.39805470415021466,-0.12193445042734545,1.1893387273982672,0.5124915683810615,0.03170884021073006,1.7904065522446708,-0.08278541568616435,-0.11666666666666667
V00_S1288_I00000093,P1119,P0071,P0071,P0071,P1119,23,26,3,3.7939999999999827,24.942000000000007,True,25.361999999999966,28.333999999999946,True,634.0,-0.015646861175000668,-0.05247732136905854,-0.0340620912720296,0.6914750962187342,0.563015296850644,6.339528831222907e-06,1.999977076110199,0.0015618233135076612,-0.06666666666666665,90,0.0742228614994379,-0.4683175683547621,-0.1970473534276621,0.40755105790625,0.5326378751991263,0.00010227218063141308,1.7904065522446708,-0.10044204992146552,-0.4666666666666667,89.0,0.2088370111696924,-0.41010094706888867,-0.10063196794959814,0.7204133048892976,0.6187054433403305,0.0010795922788453538,1.8634703212064871,-0.08113321476401816,0.016666666666666666
V00_S1288_I00000093,P0071,P1119,P1119,P0071,P1119,87,88,1,82.54600000000005,87.56600000000003,True,88.46600000000001,89.03800000000001,False,151.0,0.20656119981408436,0.2517420338785618,0.22915161684632307,0.9613060695477992,0.8533507973718,3.770376042711021e-06,1.9999643152797049,0.3991242462536804,0.1,30,-0.2801071677430305,-0.4010638139532497,-0.3405854908481401,0.23829289828365405,0.32989310221474416,1.6328859187120237e-05,1.6012775494473521,-0.07395227491860135,0.15,17.0,0.48120034739306683,-0.27970763259382303,0.1007463573996219,0.2417168708576795,0.5378904926540078,2.1532201199825352e-07,1.7986668143815858,0.07323326105312652,-0.15
V00_S1288_I00000093,P1119,P0071,P0071,P0071,P1119,88,89,1,87.73000000000002,95.37400000000002,True,87.73000000000002,95.37400000000002,True,229.0,0.015854903311298327,-0.21962280886866234,-0.10188395277868201,0.5019642127760024,0.6693888062622033,2.0721993854166953e-07,1.999998371534514,-0.029290632572840147,1.3,30,0.5185723020427014,-0.10036426376525015,0.20910401913872564,0.14163393038111113,0.4208969989177892,2.1532201199825352e-07,1.7986668143815858,0.41089395566359144,-0.06666666666666667,229.0,0.015854903311298327,-0.21962280886866234,-0.10188395277868201,0.5019642127760024,0.6693888062622033,2.0721993854166953e-07,1.999998371534514,-0.029290632572840147,1.3
V00_S1288_I00000094,P0071,P1119,,P0071,P1119,24,24,0,17.761999999999944,23.614000000000033,False,25.090000000000032,28.350000000000023,False,175.0,0.4577864383399157,0.13947018091816882,0.2986283096290423,0.3299726499664445,0.2740251615886252,0.00011456790115949023,1.5085702542349568,0.3571672544767083,0.95,0,,,,,,,,,,98.0,0.0943406763134879,0.16556394131491972,0.1299523088142038,0.14224683457695356,0.31571474978530006,1.8304588939033195e-06,1.7779195658343832,0.38541901011813473,-0.5
V00_S1288_I00000094,P1119,P0071,P0071,P0071,P1119,54,55,1,52.80200000000002,56.09400000000005,True,52.80200000000002,56.09400000000005,True,99.0,-0.19985970103931516,-0.3263830922650701,-0.26312139665219264,0.07939764668234742,0.14008424616847115,2.1345767629132872e-05,0.7939710699090363,-0.11555035801514099,-0.18333333333333332,30,-0.25974371083501885,-0.518896377408133,-0.38932004412157595,0.035348690827746235,0.04120993663026499,3.46820712754381e-05,0.1685656534569473,-0.0018489376898537246,-0.1,99.0,-0.19985970103931516,-0.3263830922650701,-0.26312139665219264,0.07939764668234742,0.14008424616847115,2.1345767629132872e-05,0.7939710699090363,-0.11555035801514099,-0.18333333333333332
V00_S1288_I00000094,P1119,P0071,P0071,P0071,P1119,166,169,3,160.28999999999996,167.774,True,168.16200000000003,169.438,True,224.0,-0.13284375656031605,-0.16561491006831547,-0.14922933331431576,0.817770466789727,0.44970549460910125,0.00024654614513042183,1.8649869508082604,0.04195419422285454,-0.5333333333333333,90,-0.20761131175754463,-0.362930180196122,-0.28527074597683333,0.8942223469768293,0.5344097537916671,0.001125490592239764,1.8649869508082604,-0.39163233476033743,-0.31666666666666665,38.0,-0.22045529547917925,0.09012082681516097,-0.06516723433200913,0.1988088364896469,0.2611954092567111,0.0006481440663842486,0.7952781169232235,0.16978965196616494,-0.4
V00_S1288_I00000094,P0071,P1119,P0071,P0071,P1119,193,195,2,191.36199999999997,193.63,True,196.57799999999997,197.21400000000006,False,68.0,-0.37315963579926287,-0.19371515277986762,-0.28343739428956527,0.6105208623875404,0.45917330929327577,0.00024752455278065355,1.4679644178868896,0.597131189670276,1.65,60,0.4199609763216436,-0.37155256051893415,0.02420420790135472,0.844363710741501,0.4962147868757976,0.000522242871829337,1.7985551198908276,0.5412970190163104,0.26666666666666666,19.0,0.686979250677859,-0.3050939418046631,0.19094265443659797,0.8582902112599826,0.14691347214909953,0.5262359805592225,1.0531027102651234,0.6164906358569067,0.13333333333333333
V00_S1288_I00000094,P0071,P1119,P1119,P0071,P1119,276,278,2,252.99400000000003,278.654,True,252.99400000000003,278.654,True,770.0,0.008550254487703324,-0.13554479309193967,-0.06349726930211817,0.7486447825209485,0.6082410315452982,5.7609036430150695e-09,1.9999422064238976,-0.20949875628770517,-1.0,60,0.04914999191531678,-0.09198523424563182,-0.02141762116515752,0.585780276852717,0.37596882731208736,0.004458056674488842,1.225500590594977,-0.014519424224956806,-0.6499999999999999,770.0,0.008550254487703324,-0.13554479309193967,-0.06349726930211817,0.7486447825209485,0.6082410315452982,5.7609036430150695e-09,1.9999422064238976,-0.20949875628770517,-1.0
V00_S1288_I00000094,P1119,P0071,P1119,P0071,P1119,276,278,2,271.298,271.80600000000004,False,278.30600000000004,279.678,False,15.0,-0.29368811598462524,-0.16050385349747395,-0.22709598474104958,0.49999104795377586,0.38157743978619174,0.02625734617804787,1.0200039198058173,0.20655450148176324,0.23333333333333334,60,0.04914999191531678,-0.09198523424563182,-0.02141762116515752,0.585780276852717,0.37596882731208736,0.004458056674488842,1.225500590594977,-0.014519424224956806,-0.6499999999999999,41.0,0.006792555089705799,0.06493773555038901,0.035865145320047406,0.29471772409106534,0.27751027962538527,0.004435781012670059,1.2069372185911966,0.05169551191938576,0.2
V00_S1288_I00000095,P0071,P1119,P1119,P0071,P1119,39,43,4,38.865999999999985,39.534000000000106,True,39.761999999999944,44.205999999999904,True,20.0,-0.023123747234402598,-0.06064158556219827,-0.04188266639830043,0.2762667358160579,0.49253350775553917,0.001692806108654632,1.572532311107672,0.6643371546205667,0.31666666666666665,120,0.07995764848261301,0.0038823946189776,0.04192002155079531,0.6908600560089979,0.7889869591100518,0.00041708159470577044,1.999968646900176,0.015817438238309195,0.35,133.0,0.13012637829426293,-0.04224509627646427,0.04394064100889933,0.638760948575991,0.7673950180777771,8.321734634797462e-05,1.999968646900176,-0.29631612519775,-0.21666666666666665
V00_S1288_I00000095,P1119,P0071,P1119,P0071,P1119,45,47,2,43.922000000000025,46.125999999999976,True,47.44200000000001,52.39799999999991,False,66.0,-0.0429071572143492,0.12323208929313856,0.040162466039394676,0.09373367576200027,0.1570957021098453,2.0358807400366885e-05,0.71482351144292,0.42738477149060405,-0.85,60,-0.022512524763311954,-0.04685046667894887,-0.03468149572113041,0.2092450529061303,0.25553667974162475,3.6977140033367384e-05,1.0806047370979839,0.4180649118838383,0.3833333333333333,149.0,-0.26598875181913134,0.05540343230096444,-0.10529265975908345,0.8398391835022041,0.8673436707847781,5.627393401130831e-05,1.9919258906676993,-0.08202401718706917,-0.8833333333333333
V00_S1288_I00000095,P0071,P1119,P0071,P0071,P1119,110,112,2,108.7539999999999,109.93399999999997,False,117.65000000000009,118.99000000000001,False,35.0,-0.12136186612900363,-0.07346382238040368,-0.09741284425470365,0.3787686969138753,0.4135088713642024,1.17595405080273e-07,1.4763473291430842,-0.045895283849307494,0.9166666666666667,60,-0.08307094430917335,0.23963379904183998,0.07828142736633331,0.517460103076592,0.41749449196608757,0.005754943468036178,1.5858826463217364,-0.3927150354489503,-0.5166666666666666,40.0,-0.2244026942027273,0.2570624648892134,0.01632988534324306,0.9147395439533206,0.5611597937588808,0.0020792788302609333,1.7655788490833795,0.1550521007083746,0.05
V00_S1288_I00000095,P0071,P1119,P0071,P0071,P1119,145,147,2,133.97000000000003,134.414,False,148.40200000000004,149.9659999999999,False,13.0,-0.01582089747087403,-0.31628811846133487,-0.16605450796610444,0.9734266676801892,0.4249994926784946,1.211080725482816e-06,1.4513212402559819,0.5837560311343445,0.3333333333333333,60,0.13667375298495493,0.1406321109567609,0.13865293197085793,0.9558065381716063,0.3578328136451276,0.02440866338373182,1.560485253286409,-0.1310574604245338,0.5166666666666667,47.0,0.08936623181202559,0.40801273945040994,0.24868948563121776,0.952953066398046,0.40121650820727245,0.0318789240548486,1.6815443798702359,0.4892551130508746,-0.3
V00_S1288_I00000095,P1119,P0071,P0071,P0071,P1119,185,187,2,181.71399999999994,185.9659999999999,True,187.85799999999995,189.5820000000001,False,128.0,-0.01820581128002121,0.07891057484720067,0.03035238178358973,0.8280144310753588,0.353819993774844,0.0032646143025276686,1.5785671153254106,0.48491136062254525,-0.2333333333333333,60,-0.13782993401923993,0.18174292078950055,0.02195649338513031,0.8794302483705861,0.5381041936046083,0.008299459846859314,1.9497507974902848,0.4398038868497767,0.26666666666666666,51.0,0.09544171498352401,0.3927563233819725,0.24409901918274826,0.31148428082596125,0.5332692577489738,4.2459659422400264e-05,1.730179834434215,0.19560108254959224,-0.1
V00_S1288_I00000095,P1119,P0071,P1119,P0071,P1119,313,314,1,240.7539999999999,312.462,False,313.106,314.7339999999999,True,2151.0,-0.07047713439374415,0.014091897444476982,-0.02819261847463358,0.9064044149963316,0.4340648595221347,2.140322432342412e-05,1.999741926631281,-0.08744690282223144,0.9833333333333333,30,-0.07310513570042759,-0.10278779816275214,-0.08794646693158986,1.0721224528958995,0.29021751082496355,0.314961408823603,1.5994301698720794,0.0019673543590334186,-0.39999999999999997,49.0,0.0342889518566684,0.16329549256949688,0.09879222221308265,0.8430152331119064,0.40201833489303407,0.013862393369815873,1.5994301698720794,0.08332776745089249,0.2833333333333333
V00_S1288_I00000097,P1119,P0071,P0071,P0071,P1119,32,33,1,0.6420000000000528,34.653999999999996,True,0.6420000000000528,34.653999999999996,True,1021.0,0.024954238591117523,0.07672005315386313,0.05083714587249032,0.7882452895651734,0.4181819419782178,1.111415776644531e-05,1.9274862987624743,0.11590813210171541,-0.11666666666666659,30,-0.09310820863930634,0.28715175203399823,0.09702177169734594,0.4206502584500703,0.1962108284467444,0.08087146562407832,0.8894921280735434,0.009940107645340007,-0.11666666666666665,1021.0,0.024954238591117523,0.07672005315386313,0.05083714587249032,0.7882452895651734,0.4181819419782178,1.111415776644531e-05,1.9274862987624743,0.11590813210171541,-0.11666666666666659
V00_S1288_I00000097,P0071,P1119,P1119,P0071,P1119,38,41,3,34.465999999999894,40.798,True,41.218000000000075,43.16599999999994,False,190.0,0.1297633054982693,-0.1609936777439061,-0.015615186122818397,0.19328563476910715,0.4100251526334754,1.1568773516934527e-06,1.867469069164808,0.32244430976695426,-0.4166666666666667,90,0.08737433627796058,-0.3432551397580487,-0.12794040174004406,0.2360999794951372,0.45781816053866053,0.00013131625971862793,1.867469069164808,0.054196524367536664,-0.10000000000000009,58.0,0.013515250954974094,-0.18648339885183066,-0.08648407394842828,0.8825069710187947,0.6639783085481723,0.0015006632909233542,1.9924438827733342,-0.40823455790697155,1.2333333333333334
V00_S1288_I00000097,P0071,P1119,P1119,P0071,P1119,107,108,1,103.202,110.55799999999999,True,103.202,110.55799999999999,True,221.0,0.06837125677091203,0.0305090794692204,0.049440168120066214,0.3851850974080542,0.3658661679519317,9.821434729517797e-05,1.685174772997463,-0.0074295062441451926,-0.11666666666666664,30,0.39950704456031655,-0.3492170690561881,0.025144987752064224,0.3233093046805674,0.14409815956563218,0.05685304850990491,0.6131584965409578,-0.020152066196849172,0.2,221.0,0.06837125677091203,0.0305090794692204,0.049440168120066214,0.3851850974080542,0.3658661679519317,9.821434729517797e-05,1.685174772997463,-0.0074295062441451926,-0.11666666666666664
V00_S1288_I00000097,P1119,P0071,P1119,P0071,P1119,115,117,2,110.14599999999996,113.56600000000003,False,132.8979999999999,133.40599999999995,False,103.0,0.03636740865091513,0.06006658583208026,0.048216997241497694,0.39467424338012486,0.29725348441062893,0.01354595197413866,1.2986453056471206,0.0478920432700595,-0.4,60,0.0705595866268109,0.17866505609719321,0.12461232136200207,0.1999149493577256,0.3456980398418124,6.147826096358777e-05,1.7257097795596676,0.01841354952142729,-0.21666666666666667,15.0,0.5368504944383219,-0.29176876093243564,0.12254086675294312,0.261733958786389,0.18192020840155482,0.0037911103897346754,0.6845045473576368,0.09552121233809396,-0.08333333333333333
V00_S1288_I00000097,P0071,P1119,P1119,P0071,P1119,123,125,2,113.47399999999993,134.75,True,113.47399999999993,134.75,True,638.0,0.1837704290562842,-0.023016228900867252,0.08037710007770849,0.5192242384070145,0.5453248869872698,2.1629153166724535e-05,1.9999180429304848,0.05809377157210675,0.6666666666666667,60,-0.02577297974508628,0.12676155668257622,0.05049428846874497,0.6590782891354883,0.5383871236256358,0.0013451041843709488,1.9258456799548447,0.025525817951020824,0.95,638.0,0.1837704290562842,-0.023016228900867252,0.08037710007770849,0.5192242384070145,0.5453248869872698,2.1629153166724535e-05,1.9999180429304848,0.05809377157210675,0.6666666666666667
V00_S1288_I00000097,P1119,P0071,P1119,P0071,P1119,147,148,1,146.11400000000003,146.68599999999992,False,147.42599999999993,148.99,True,18.0,-0.24709767318149278,-0.04989948041282077,-0.14849857679715678,0.30500810041826387,0.3263904376542926,0.026529174865708494,1.538747248864242,-0.4667440188573384,-0.3666666666666667,30,-0.09036292835999316,-0.5248260354642753,-0.30759448191213423,0.46451713476959,0.49665440469572714,0.002354488309711522,1.6612418773331337,-0.6087294566761896,0.18333333333333332,47.0,-0.1977953856593309,-0.00655972124591946,-0.10217755345262519,0.5707549093117223,0.36664659723137644,0.002354488309711522,1.4900757129813398,-0.04590551370015128,0.8
V00_S1288_I00000097,P1119,P0071,P1119,P0071,P1119,193,194,1,191.5540000000001,193.30999999999995,True,194.59400000000005,195.71000000000004,False,52.0,0.0815450667162823,0.0991158136180484,0.09033044016716535,0.6138936765352985,0.30052543218095795,7.585582636182586e-05,1.200766822932862,0.5014617977357491,-0.25,30,0.39349237828760986,0.28738380725363777,0.3404380927706238,0.356905933423663,0.3502049074174422,0.0020997459998038925,1.2681129497283383,0.5009875057102078,-0.01666666666666667,33.0,-0.2541797071817992,0.171669271092706,-0.04125521804454661,0.06025586425067396,0.06296800222678418,0.00020438961950797196,0.21069979372508174,-0.5018444235789468,-0.23333333333333334
V00_S1288_I00000097,P0071,P1119,P1119,P0071,P1119,194,195,1,193.21800000000007,194.78199999999993,True,194.9459999999999,196.73399999999992,True,46.0,0.5728376209887317,-0.34554197688866106,0.11364782205003532,0.18783569222257956,0.3005770484010232,0.00020438961950797196,1.2681129497283383,0.5595033705524681,0.4666666666666667,30,0.22750174106675042,-0.7775800454160311,-0.27503915217464037,0.06507372762891389,0.0687791615605392,0.00020438961950797196,0.2536213485741238,-0.5682438148825633,-0.26666666666666666,54.0,0.41003257830546197,0.6890832062724278,0.5495578922889449,0.088683882563305,0.07075705235191457,5.800442348657953e-10,0.3187184860179578,0.5495578922889449,0.0
V00_S1288_I00000098,P1119,P0071,P1119,P0071,P1119,90,93,3,0.0,90.78200000000015,True,93.21799999999985,94.23799999999983,False,2723.0,-0.042224282283556125,0.000941882364247719,-0.020641199959654202,0.83092901933572,0.48659072988053176,7.732674448535093e-06,1.9999998072578684,-0.06684465150564849,-1.3333333333333335,90,-0.16165489591594606,-0.1999500300606303,-0.18080246298828817,0.9717678571996448,0.6082925882986813,0.029961135223799396,1.9910365957727434,-0.07760333978769188,0.35000000000000003,30.0,-0.18209894599988394,0.01556331260189645,-0.08326781669899375,0.2556533204363428,0.3005412555898094,9.637561521136373e-05,1.5125920630637157,0.08320231887210336,0.0
V00_S1288_I00000098,P0071,P1119,P1119,P0071,P1119,102,103,1,100.25799999999981,102.97400000000016,True,103.52199999999993,106.46199999999999,False,81.0,0.1646913590943371,-0.1748085276940962,-0.005058584299879543,0.2145080761392978,0.24057650997179786,2.361502993153408e-09,1.1209691068177514,0.40185423003084497,-0.5,30,0.12155977916861403,-0.41348231800920426,-0.1459612694202951,0.2251833592089586,0.2908797807517752,2.361502993153408e-09,1.1209691068177514,0.5634066147995942,-0.5,88.0,-0.005390323305322531,0.40104522178229324,0.19782744923848536,0.5032322898990788,0.4943308718324882,1.1935613931202127e-05,1.7022493325549413,0.10783562388421339,0.4666666666666667
V00_S1288_I00000098,P0071,P1119,P0071,P0071,P1119,166,169,3,138.7539999999999,140.1579999999999,False,183.01000000000022,187.7420000000002,False,42.0,0.21467653706919837,-0.5711701096412314,-0.1782467862860165,0.5511813381368954,0.30973152343446575,0.07493268728331448,1.708469984917544,-0.07757171740214353,-0.06666666666666667,90,0.023438872799222424,-0.049826445319056584,-0.01319378625991708,0.893082617045661,0.33960464385931444,0.014378652252921786,1.7249741295437522,0.3331878857458389,0.6833333333333333,142.0,0.06983746307468253,-0.3657634544194856,-0.14796299567240154,0.6989435053245521,0.41090720132691794,0.0007220788064555839,1.648178879217344,-0.04461346949162373,1.9666666666666668
V00_S1288_I00000098,P1119,P0071,P0071,P0071,P1119,195,197,2,190.08199999999988,197.5340000000001,True,190.08199999999988,197.5340000000001,True,224.0,-0.11096615401730348,-0.20290251359828526,-0.15693433380779437,0.6952212747727754,0.482262899733173,0.0007284101436214607,1.9773315602344705,-0.02942223346907194,0.7166666666666666,60,-0.08603249152428356,-0.11599541752288284,-0.1010139545235832,0.382560811453779,0.2822942145548705,0.001236605182396766,1.0139027341727904,-0.4655205836598933,0.21666666666666667,224.0,-0.11096615401730348,-0.20290251359828526,-0.15693433380779437,0.6952212747727754,0.482262899733173,0.0007284101436214607,1.9773315602344705,-0.02942223346907194,0.7166666666666666
V00_S1288_I00000098,P0071,P1119,P1119,P0071,P1119,210,211,1,206.59400000000005,210.654,True,219.6500000000001,221.59799999999996,False,122.0,-0.11120347473636494,-0.059744300796743276,-0.08547388776655411,0.5336406139367198,0.486145252755762,0.0006834791186837164,1.8363018048414537,0.38922595206746563,-0.7,30,-0.0011900593856129075,-0.2340035274435857,-0.1175967934145993,1.0368725072378082,0.3486187423581662,0.0940084384215416,1.5054619114080916,0.4999118350776801,0.6,58.0,0.07638537751059236,0.030359773709536308,0.05337257561006434,0.949266115700517,0.365177261848067,0.14737242949885188,1.806469099499334,0.3685415889455389,0.09999999999999999
V00_S1288_I00000098,P1119,P0071,P1119,P0071,P1119,234,237,3,231.45800000000008,232.51000000000022,False,237.40999999999985,238.11000000000013,False,31.0,0.03655105476696069,-0.3187380835452549,-0.1410935143891471,0.21588059834873552,0.3846329121812622,0.000360973019328803,1.6621693660936419,-0.0645025614484637,-0.26666666666666666,90,-0.07591790566055888,0.09974847490231915,0.011915284620880137,0.5141031830181026,0.6864451309762717,4.4194204825043215e-05,1.999584320184967,-0.1796392801157451,0.55,21.0,-0.5992989647533744,0.13069338725148574,-0.23430278875094435,1.6131771106252502,0.5237626446189687,0.3957103273274605,1.9956860711814706,-0.5727210627672213,0.11666666666666667
V00_S1288_I00000099,P0071,P1119,P1119,P0071,P1119,16,18,2,1.6979999999998654,24.286000000000058,True,1.6979999999998654,24.286000000000058,True,678.0,0.18604174715274294,-0.08482865173478629,0.05060654770897832,0.6957074680499206,0.6649228558412117,4.859264224332804e-07,1.9999999877879233,0.027434115393959665,0.35,60,0.0780786435784422,0.14067772395237158,0.1093781837654069,0.44493737986537035,0.6076960175958221,3.492803424631763e-05,1.9938870602144787,0.36637587703196195,-0.38333333333333336,678.0,0.18604174715274294,-0.08482865173478629,0.05060654770897832,0.6957074680499206,0.6649228558412117,4.859264224332804e-07,1.9999999877879233,0.027434115393959665,0.35
V00_S1288_I00000099,P1119,P0071,P1119,P0071,P1119,55,65,10,45.153999999999996,46.141999999999825,False,67.7460000000001,70.30200000000013,False,29.0,-0.5068371908761646,0.020197819619041966,-0.24331968562856132,0.11604679262853365,0.17465728286317822,3.1027963909302514e-07,0.6871525018211808,0.10600972009283816,0.15,300,0.3319844571360743,-0.1462382750042857,0.09287309106589428,0.43292639843543174,0.5270161219453329,5.61041861635303e-07,1.9998777579768359,-0.008765200934743506,0.6166666666666667,77.0,-0.0009518333970790966,-0.02536711159458879,-0.013159472495833944,0.6739210201173536,0.3797138216538105,0.00692855711145135,1.6524240528546588,0.3837709408878356,0.016666666666666663
V00_S1288_I00000099,P0071,P1119,P1119,P0071,P1119,164,165,1,155.04199999999992,164.60600000000022,True,166.2420000000002,201.40599999999995,False,287.0,-0.0782937952139627,-0.5685498525221636,-0.3234218238680632,0.9206005188032231,0.7486668332966356,2.509695486430097e-05,1.9998985958136828,-0.4515029970135338,0.7,30,0.26393068208300835,-0.0525644919983938,0.10568309504230727,0.17665700510582577,0.22186429580619038,0.0011035908390979454,0.7132569031831948,-0.48022804595023594,0.55,1055.0,0.1904644132433894,0.15285794565561314,0.17166117944950127,0.8771931128641283,0.6011252745261262,4.981988399832549e-05,1.9998871432340484,0.20736858354432403,-0.3666666666666667
V00_S1288_I00000099,P0071,P1119,P1119,P0071,P1119,208,211,3,201.95400000000018,210.20600000000013,True,211.13799999999992,211.8699999999999,False,247.0,0.05353626030155005,-0.0528623470370022,0.000336956632273927,0.6434071844914238,0.6384769320430304,6.567727626194397e-07,1.9996706994858329,-0.3239132077965992,-0.8333333333333333,90,0.23670638736029384,0.2640611232532203,0.25038375530675705,0.38976417990711437,0.36543591263637654,0.002347181793035058,1.8742954456657621,0.5003587731867378,-0.26666666666666666,22.0,-0.037767590729959465,0.03531969771769528,-0.0012239465061320912,0.2197408436277356,0.2930456805700646,0.0006970109652685297,1.3098017529868746,-0.039584445593416895,0.08333333333333334
V00_S1288_I00000099,P1119,P0071,P1119,P0071,P1119,321,323,2,305.25,311.7420000000002,False,405.8580000000002,407.71000000000004,False,194.0,-0.24972977875147437,-0.17813073974739205,-0.2139302592494332,0.5278666292463784,0.535497064650239,8.149853717565048e-05,1.7870360725588015,-0.3301389901387021,-0.4,60,0.10865189369050894,0.05634637650692665,0.0824991350987178,0.879391348103839,0.85981334188773,0.00041776220140887776,1.9997185908746946,0.31266012022304257,0.30000000000000004,55.0,-0.1393578567249897,-0.18330199778205508,-0.1613299272535224,0.12546464785991773,0.18806000831852884,7.447131329496592e-06,1.054832778759652,0.14156588100188489,-0.4833333333333333
V00_S1288_I00000099,P1119,P0071,P0071,P0071,P1119,406,407,1,405.8580000000002,407.71000000000004,True,405.8580000000002,407.71000000000004,True,55.0,-0.1393578567249897,-0.18330199778205508,-0.1613299272535224,0.12546464785991773,0.18806000831852884,7.447131329496592e-06,1.054832778759652,0.14156588100188489,-0.4833333333333333,30,-0.11972655850734791,-0.5723590336387298,-0.34604279607303884,0.04048674383338816,0.04658653552459627,7.447131329496592e-06,0.23433336970024454,-0.08085814433815003,0.15,55.0,-0.1393578567249897,-0.18330199778205508,-0.1613299272535224,0.12546464785991773,0.18806000831852884,7.447131329496592e-06,1.054832778759652,0.14156588100188489,-0.4833333333333333
V00_S1288_I00000102,P0071,P1119,P1119,P0071,P1119,16,19,3,9.826000000000022,31.902000000000044,True,9.826000000000022,31.902000000000044,True,662.0,0.06848870959302059,-0.026200249987725577,0.021144229802647505,0.6295962741208231,0.5968943541521758,3.1065180744138665e-05,1.9999920182548725,0.04393820312221597,0.21666666666666656,90,-0.10737238311089843,0.026016674470481532,-0.04067785432020845,0.47376389996009277,0.3610943350356546,0.003256841636035901,1.372297370212114,0.6437583314076509,-0.43333333333333335,662.0,0.06848870959302059,-0.026200249987725577,0.021144229802647505,0.6295962741208231,0.5968943541521758,3.1065180744138665e-05,1.9999920182548725,0.04393820312221597,0.21666666666666656
V00_S1288_I00000102,P0071,P1119,P1119,P0071,P1119,48,49,1,32.22600000000011,48.38200000000006,True,51.39399999999978,65.82200000000012,False,484.0,-0.1269464405035748,-0.11180740867485854,-0.11937692458921667,0.7137459578061743,0.6173602741105639,3.0708401005830055e-05,1.9998104272646802,-0.22897235916444153,-0.4333333333333333,30,0.18493054935695033,-0.3988637310276804,-0.10696659083536504,0.35924397394542495,0.16077696279185377,0.1441534977082629,0.8266229339686086,-0.5062097138409829,0.11666666666666667,433.0,-0.0006367160244548369,0.0057947407876034,0.002579012381574281,0.686694394322242,0.529614768615755,0.00020621949417021224,1.9999900153936565,-0.22678101063539408,0.04999999999999999
V00_S1288_I00000102,P1119,P0071,P1119,P0071,P1119,103,106,3,99.45800000000008,100.63799999999992,False,108.92999999999984,112.67000000000007,False,35.0,0.29096720986482216,0.009755997696064993,0.15036160378044358,0.5854807914189498,0.5280219047794137,0.0031874267140896695,1.36416168973658,-0.019560356332829487,-0.5,90,-0.06518973364373307,-0.10906651852481174,-0.0871281260842724,1.0491500553107855,0.5195023002461848,0.014511351937911754,1.7822889051285973,-0.05776891720157462,0.8833333333333333,112.0,-0.0973549864487861,-0.31091568415966575,-0.20413533530422592,0.9481226283338808,0.6484437386429488,6.074263581012929e-08,1.9676679364157945,0.4216802807589223,-1.5666666666666667
V00_S1288_I00000102,P1119,P0071,P1119,P0071,P1119,165,166,1,143.32999999999993,143.8380000000002,False,167.61799999999994,168.95800000000008,False,15.0,-0.5952023068269354,0.08217796697378682,-0.25651216992657433,0.24328548040456166,0.33409001167952157,0.019786214244974953,1.175383933768424,-0.6213882931774971,-0.15,30,0.1848571902460004,0.28676783631703745,0.23581251328151892,0.35087679942610883,0.49119247098504537,0.00032327370679874345,1.9014792785452215,-0.0042505525502224695,0.01666666666666667,40.0,0.07073104532855339,0.3164290086676222,0.1935800269980878,0.33200550515072014,0.46538587876471504,0.0013104975861149004,1.6868719623063417,-0.43400811169094466,0.11666666666666667
V00_S1288_I00000102,P1119,P0071,P0071,P0071,P1119,176,177,1,173.63400000000001,177.4699999999998,True,173.63400000000001,177.4699999999998,True,115.0,0.2041621439459426,0.02778602428097162,0.11597408411345711,0.45338271192418833,0.3703759214750134,0.002177517031154652,1.456972347547374,0.03315133985712851,-1.5166666666666666,30,0.12708417957202198,0.08465317332818281,0.1058686764501024,0.38648319885132054,0.3677737918495381,0.002177517031154652,1.3516694794009187,0.42292189879494924,0.4666666666666667,115.0,0.2041621439459426,0.02778602428097162,0.11597408411345711,0.45338271192418833,0.3703759214750134,0.002177517031154652,1.456972347547374,0.03315133985712851,-1.5166666666666666
V00_S1288_I00000102,P0071,P1119,P0071,P0071,P1119,188,191,3,177.76200000000017,189.5340000000001,True,191.17000000000007,202.62199999999984,False,353.0,-0.11201547262141882,-0.06893967316571632,-0.09047757289356757,0.6888327663733241,0.6009804761648309,5.734358386577654e-06,1.9999974984269064,-0.029739773506346726,-1.0833333333333335,90,-0.06865257589679008,0.09325550646296316,0.012301465283086538,0.48143489083565144,0.36997434860549516,0.0016311169604988907,1.6771196333876457,0.09127231479617608,-1.3333333333333335,344.0,-0.07164509072807072,-0.3167459079093616,-0.19419549931871616,0.8867526562754441,0.7315511884942796,0.00010480489443276397,1.9999614297399881,-0.44357046231989194,0.29999999999999993
V00_S1288_I00000103,P0071,P1119,P1119,P0071,P1119,66,70,4,57.458000000000084,67.72600000000011,True,68.30600000000004,71.3739999999998,True,308.0,0.023180293876373225,-0.0284716296049777,-0.0026456678643022383,0.3174076910697237,0.36822634108816926,3.442007071363662e-06,1.7749403177992504,0.28604789563823496,1.2666666666666666,120,-0.14370773342847798,0.3745097410258417,0.11540100379868187,0.38726787296236664,0.3899101125935429,0.0008908565575249661,1.9485603902725823,0.03276771553213215,0.6833333333333333,92.0,-0.16478459673563747,-0.17961941442939622,-0.17220200558251686,0.27991923795136936,0.31098011002640175,8.733552129824851e-05,1.3875444284542955,0.5025941935085969,-0.04999999999999999
V00_S1288_I00000103,P1119,P0071,P1119,P0071,P1119,73,76,3,70.89800000000014,73.55000000000018,True,76.88200000000006,77.51800000000003,False,80.0,-0.08221834978920359,0.5455303846698666,0.23165601744033149,0.3521069147130813,0.3190532806746341,4.035099262256203e-05,1.416003308866839,0.20983527162605609,0.19999999999999998,90,-0.27794549487623493,-0.11963871207005299,-0.19879210347314397,0.18341054865729797,0.23210419986019495,0.00016158132672172698,1.06478628817427,0.40745039723514803,1.1833333333333333,20.0,-0.2042018990273605,-0.06527723743261171,-0.13473956822998612,0.7093215170981757,0.7104362701514835,0.0015003243307776248,1.873912614913022,-0.04993526740064,-0.21666666666666667
V00_S1288_I00000103,P0071,P1119,P0071,P0071,P1119,313,314,1,307.09000000000015,312.59000000000015,False,314.19399999999996,314.7660000000001,False,165.0,-0.5316181727104425,-0.07220355763327775,-0.30191086517186017,0.7953066661605264,0.6782909636116244,2.8239764391813083e-05,1.9949918333752639,-0.0973043855589883,-0.26666666666666666,30,0.29483876585354846,0.5204078931015979,0.4076233294775732,0.40232259665681,0.16092550522407537,0.0005301283493631681,0.8425741000051319,0.6347566270727236,0.05,17.0,0.36230954738244203,0.5087605454141939,0.43553504639831797,0.5234683592756767,0.15060520445958378,0.11422037883421587,0.7684710528764067,-0.07856902141369274,0.1
V00_S1288_I00000103,P1119,P0071,P1119,P0071,P1119,343,346,3,340.21000000000004,340.846,False,346.2579999999998,352.90999999999985,False,19.0,0.0522603242416704,-0.06298676549091692,-0.005363220624623258,0.21920509296967536,0.1709523805577659,0.015861744502915887,0.6257755471433322,-0.09907972966894071,-0.43333333333333335,90,0.5695040642433206,-0.3393955068262265,0.11505427870854704,0.11652802036509,0.2510188671708934,4.1638373526886596e-08,1.754546096643106,0.07989177493166941,-0.016666666666666666,199.0,-0.011800034117613677,0.09633050720820649,0.0422652365452964,0.6877093901185333,0.46333257145001094,0.00011851588106137623,1.72568239455225,0.3541382485394757,0.4
V00_S1288_I00000103,P0071,P1119,P1119,P0071,P1119,434,436,2,418.866,435.0859999999998,True,447.8899999999999,451.88599999999997,False,487.0,0.06702749684183547,-0.10560444076279861,-0.01928847196048157,1.0584230480899106,0.6298669575493928,0.0001305584194410958,1.9999994772057994,-0.039021910067174634,0.9666666666666667,60,0.1703599657937747,0.06934075494052132,0.119850360367148,0.4082118133276966,0.26696971816263265,0.00025938817663995195,1.0888731333859525,0.13058912253461918,-0.21666666666666667,120.0,0.08725023705131163,-0.3598403979811986,-0.13629508046494349,0.9002209941478152,0.7674288909563909,0.001378468053911397,1.9999995231192118,-0.03231405746600044,-0.8833333333333333
V00_S1288_I00000103,P1119,P0071,P0071,P0071,P1119,518,520,2,517.8420000000001,520.0459999999998,True,517.8420000000001,520.0459999999998,True,66.0,-0.08385325741204842,0.3330343007475541,0.12459052166775283,0.8548447344253645,0.4054529703881759,0.029311040801731525,1.635982298297157,0.39747623797075793,-1.0833333333333333,60,-0.34589730934039314,0.22178871024178567,-0.062054299549303735,0.8530251485907578,0.40237336855912215,0.029311040801731525,1.5871513861478679,0.12465467091921262,-1.7000000000000002,66.0,-0.08385325741204842,0.3330343007475541,0.12459052166775283,0.8548447344253645,0.4054529703881759,0.029311040801731525,1.635982298297157,0.39747623797075793,-1.0833333333333333
V00_S1289_I00000144,P1120,P0709,P0709,P0709,P1120,82,87,5,78.00200000000001,85.102,True,85.554,91.918,True,213.0,-0.023801735134526384,0.289676481748982,0.1329373733072278,0.5372222302230107,0.6533888448119095,0.00011344512201238999,1.999988333618011,0.04573486422203524,-0.5166666666666667,150,0.028355157983494233,-0.10119409873242541,-0.036419470374465586,0.6077275169712969,0.673924271077718,0.00011344512201238999,1.999988333618011,0.31531798379124665,0.6666666666666666,191.0,0.19396020405525968,0.06634425225138123,0.13015222815332045,0.6880344654286843,0.6831824027825756,0.0016795467228204464,1.9998024572061617,0.20782891446438412,0.7166666666666667
V00_S1289_I00000144,P0709,P1120,P1120,P0709,P1120,114,116,2,110.35400000000001,110.702,False,114.09800000000001,116.55799999999999,True,10.0,0.009983658043239991,0.28931480579763885,0.1496492319204394,0.8588844696618005,0.6308495863239945,0.16301873796755117,1.9712461479693784,0.5764257324219952,-0.05,60,-0.031051745744317943,0.01622922626781282,-0.007411259738252561,0.40091450528261097,0.5705803952895877,3.428163678487195e-07,1.9785511186168088,-0.320504927742946,0.75,74.0,0.07569167436454824,0.10530084088618978,0.090496257625369,0.32604839423271076,0.5105080725819008,3.428163678487195e-07,1.9785511186168088,0.2886855505181892,0.0
V00_S1289_I00000144,P1120,P0709,P1120,P0709,P1120,160,161,1,157.33,159.726,False,160.658,163.47,True,72.0,0.064297924398929,0.0934423653728358,0.0788701448858824,0.6360619756096952,0.5748222774292122,0.007468821410643867,1.9962100573388142,-0.01315326654974916,-0.6833333333333333,30,-0.21205518670904422,-0.2574157534868827,-0.23473547009796347,1.2601512389551235,0.5549643880438256,0.16634338020716954,1.9994090449190207,-0.4142726091212126,0.0,84.0,0.026885350402665778,0.07347950289878365,0.05018242665072471,0.8808090383274185,0.6840593970333303,0.0056839922718545655,1.9860554814406264,-0.045149869364844775,-1.1833333333333333
V00_S1289_I00000144,P1120,P0709,P1120,P0709,P1120,186,189,3,169.362,171.886,False,188.914,189.582,True,76.0,,,,,,,,,,90,0.09336619174106194,0.3338167468546451,0.2135914692978535,0.648810227464535,0.7656977389315235,0.0024775250950496153,1.999999306984652,0.38545589115667056,0.7666666666666666,20.0,0.19342516526722903,0.6230736865433726,0.4082494259053008,0.495631031023603,0.4940570933673406,0.0029473539178798136,1.9083140022435594,0.5739347591670136,-0.31666666666666665
V00_S1289_I00000144,P1120,P0709,P0709,P0709,P1120,197,199,2,194.034,196.846,False,197.32999999999998,199.24599999999998,True,84.0,-0.18492928988268736,0.1250390418034217,-0.02994512403963283,0.4427813042140281,0.640329790870179,3.648580215731556e-07,1.907784092443599,0.3231766431922079,-1.0833333333333333,60,0.08521954746320265,0.09356020721733208,0.08938987734026736,0.6582924959641654,0.6128844602818317,0.0038391098670430557,1.986835052894941,-0.007280414540016572,0.21666666666666665,57.0,0.0985224573653174,-0.03720577966751243,0.030658338848902483,0.7635098276670099,0.6258919379977457,0.0038391098670430557,1.940400223686238,-0.32026277559307303,-0.16666666666666669
V00_S1289_I00000146,P1120,P0709,P1120,P0709,P1120,32,35,3,0.0,33.08600000000001,True,35.23400000000004,38.333999999999946,False,993.0,0.003592449575900459,-0.007122706443492657,-0.001765128433796099,0.7603359982583243,0.7638884772181914,2.6110170328053073e-05,1.999997063805304,0.10337525548681412,0.1333333333333333,90,-0.21312320224595283,0.31792797600279626,0.05240238687842172,0.4799353796423553,0.5793226234403763,0.00015706937081783057,1.999297774340797,-0.39179215407056006,-1.2833333333333332,93.0,,,,,,,,,
V00_S1289_I00000146,P0709,P1120,P1120,P0709,P1120,60,63,3,56.289999999999964,63.19799999999998,True,56.289999999999964,63.19799999999998,True,207.0,0.1637861638157505,-0.3138861851833347,-0.0750500106837921,0.26829967357539614,0.4689716309259282,8.846714567578573e-07,1.9999951218060121,-0.041010317221035625,0.26666666666666666,90,0.036274153599788604,-0.15304381196708444,-0.058384829183647916,0.28147487334304905,0.5361324241316103,8.846714567578573e-07,1.9999951218060121,-0.4451008786567372,0.4833333333333333,207.0,0.1637861638157505,-0.3138861851833347,-0.0750500106837921,0.26829967357539614,0.4689716309259282,8.846714567578573e-07,1.9999951218060121,-0.041010317221035625,0.26666666666666666
V00_S1289_I00000146,P1120,P0709,P0709,P0709,P1120,63,66,3,56.35400000000004,57.27800000000002,False,66.082,84.28599999999994,False,27.0,,,,,,,,,,90,0.008506694380346468,-0.08010006517306276,-0.03579668539635814,0.6531802899277347,0.8673520438796741,0.00012730430049257002,1.999998674597363,0.2947917279976439,-0.46666666666666673,547.0,0.13737789413779566,0.02178529325603717,0.07958159369691642,0.8267209263436444,0.8069589374798618,1.8166341807512865e-06,1.999988574772827,0.010220924485580929,0.26666666666666666
V00_S1289_I00000146,P0709,P1120,P1120,P0709,P1120,100,102,2,98.11400000000003,151.07000000000005,True,98.11400000000003,151.07000000000005,True,1589.0,,,,,,,,,,60,,,,,,,,,,1589.0,,,,,,,,,
V00_S1289_I00000146,P0709,P1120,P1120,P0709,P1120,132,133,1,98.11400000000003,151.07000000000005,True,98.11400000000003,151.07000000000005,True,1589.0,,,,,,,,,,30,,,,,,,,,,1589.0,,,,,,,,,
V00_S1289_I00000146,P1120,P0709,P1120,P0709,P1120,175,179,4,151.49,164.606,False,178.97799999999995,180.12599999999998,True,393.0,,,,,,,,,,120,,,,,,,,,,35.0,,,,,,,,,
V00_S1289_I00000146,P0709,P1120,P1120,P0709,P1120,191,194,3,163.80999999999995,201.75800000000004,True,163.80999999999995,201.75800000000004,True,1139.0,0.003328427650546817,-0.028215311651213507,-0.012443442000333345,1.124728320443329,0.8942380429975367,2.1153812770902114e-05,1.999999975278945,0.03915578370917877,0.8,90,0.3071749922910678,0.28646613264959175,0.2968205624703298,1.6957852211298292,0.648319617379377,0.0005322566449520449,1.999999975278945,0.6492599777940622,0.9,1139.0,0.003328427650546817,-0.028215311651213507,-0.012443442000333345,1.124728320443329,0.8942380429975367,2.1153812770902114e-05,1.999999975278945,0.03915578370917877,0.8
V00_S1289_I00000147,P1120,P0709,P0709,P0709,P1120,16,18,2,8.322000000000003,35.581999999999994,True,8.322000000000003,35.581999999999994,True,817.0,-0.08302045066066481,-0.0885761700390188,-0.08579831034984181,0.9319233639966314,0.8230653781038214,1.7243831429425427e-07,1.999999684623711,0.0009985403836098583,1.0666666666666667,60,-0.054089386137520186,0.36889716953999574,0.15740389170123778,0.5055534766327543,0.6652646005493438,6.365915508632636e-05,1.9950444037302093,0.3058252749886151,0.3333333333333333,817.0,-0.08302045066066481,-0.0885761700390188,-0.08579831034984181,0.9319233639966314,0.8230653781038214,1.7243831429425427e-07,1.999999684623711,0.0009985403836098583,1.0666666666666667
V00_S1289_I00000147,P0709,P1120,P1120,P0709,P1120,64,66,2,58.52999999999997,66.33399999999995,True,58.52999999999997,66.33399999999995,True,234.0,-0.06941260411650656,0.07383138128121806,0.0022093885823557535,0.8126268767395634,0.7680319400116774,1.6793649560198354e-05,1.9998622839362414,0.05286883865388685,-1.65,60,-0.13089899073543523,0.2488235049089363,0.05896225708675053,0.5407596803401101,0.6513265605221502,1.6793649560198354e-05,1.994624448068429,0.3623159369779609,0.21666666666666667,234.0,-0.06941260411650656,0.07383138128121806,0.0022093885823557535,0.8126268767395634,0.7680319400116774,1.6793649560198354e-05,1.9998622839362414,0.05286883865388685,-1.65
V00_S1289_I00000147,P1120,P0709,P0709,P0709,P1120,67,68,1,59.45799999999997,59.96600000000001,False,67.298,68.47799999999995,True,15.0,0.2561621507511273,-0.057373421852151524,0.09939436444948789,1.4178412670910285,0.8109758507918771,0.008743583174608771,1.9986954749953685,-0.4938370590256893,-0.2833333333333333,30,,,,,,,,,,35.0,,,,,,,,,
V00_S1289_I00000147,P0709,P1120,P1120,P0709,P1120,96,98,2,95.23400000000004,137.75800000000004,True,95.23400000000004,137.75800000000004,True,1276.0,-0.09731421328309141,0.0921080671066455,-0.002603073088222954,0.8966407446420595,0.7568752308518957,3.969614303933611e-08,1.9999938534062798,-0.12778280715499668,-0.7000000000000001,60,-0.32311268526593256,-0.15063431961466284,-0.2368735024402977,0.5967248492421787,0.8245483416201798,5.856468166309803e-06,1.9605740237858535,-0.08769005765228527,-0.9166666666666667,1276.0,-0.09731421328309141,0.0921080671066455,-0.002603073088222954,0.8966407446420595,0.7568752308518957,3.969614303933611e-08,1.9999938534062798,-0.12778280715499668,-0.7000000000000001
V00_S1289_I00000147,P0709,P1120,P1120,P0709,P1120,113,116,3,95.23400000000004,137.75800000000004,True,95.23400000000004,137.75800000000004,True,1276.0,-0.09731421328309141,0.0921080671066455,-0.002603073088222954,0.8966407446420595,0.7568752308518957,3.969614303933611e-08,1.9999938534062798,-0.12778280715499668,-0.7000000000000001,90,-0.28512662061625765,0.18669647498242964,-0.04921507281691401,0.9561591930923384,0.6695309734627752,2.2376196451290298e-07,1.9988680952444877,0.14827874224319632,1.5833333333333335,1276.0,-0.09731421328309141,0.0921080671066455,-0.002603073088222954,0.8966407446420595,0.7568752308518957,3.969614303933611e-08,1.9999938534062798,-0.12778280715499668,-0.7000000000000001
V00_S1289_I00000147,P0709,P1120,P1120,P0709,P1120,125,128,3,95.23400000000004,137.75800000000004,True,95.23400000000004,137.75800000000004,True,1276.0,-0.09731421328309141,0.0921080671066455,-0.002603073088222954,0.8966407446420595,0.7568752308518957,3.969614303933611e-08,1.9999938534062798,-0.12778280715499668,-0.7000000000000001,90,-0.03809474129287127,-0.08121053191757235,-0.05965263660522181,0.5613272744046436,0.8174630662511257,0.0003361938798888131,1.999984893579114,-0.13673389318984266,-1.35,1276.0,-0.09731421328309141,0.0921080671066455,-0.002603073088222954,0.8966407446420595,0.7568752308518957,3.969614303933611e-08,1.9999938534062798,-0.12778280715499668,-0.7000000000000001
V00_S1289_I00000147,P0709,P1120,P1120,P0709,P1120,138,141,3,95.23400000000004,137.75800000000004,False,139.298,153.47000000000003,True,1276.0,-0.09731421328309141,0.0921080671066455,-0.002603073088222954,0.8966407446420595,0.7568752308518957,3.969614303933611e-08,1.9999938534062798,-0.12778280715499668,-0.7000000000000001,90,-0.17151514608345825,-0.02850331978333164,-0.10000923293339495,1.3271869640182423,0.7466942136677303,0.0007619063677831717,1.9989057264635637,0.37628950471105316,-0.65,425.0,-0.13148352655774984,-0.034056751767158756,-0.08277013916245429,1.0164558663092964,0.6832269730839013,0.0001318607750618872,1.9999919761705367,-0.23849118560710036,0.26666666666666666
V00_S1289_I00000147,P1120,P0709,P1120,P0709,P1120,143,149,6,137.95399999999995,138.62199999999996,False,153.79399999999998,158.49399999999991,False,20.0,-0.11779193404718091,-0.35537183850074644,-0.23658188627396368,1.2017497806939963,0.7415303353895842,0.0036270106127079815,1.9974232550415016,0.1591054566542115,0.15,180,-0.13408913546954787,-0.03019850160690536,-0.08214381853822661,1.0761726667168205,0.6901037008741957,0.0019527627776532164,1.9993286002263473,-0.29826718492643406,0.0,141.0,0.05820552185111218,0.045888277655084714,0.052046899753098445,1.0785700750330065,0.8332625924605556,6.576518934542364e-06,1.99992473880498,0.3181569403666241,0.48333333333333334
V00_S1289_I00000147,P1120,P0709,P1120,P0709,P1120,201,203,2,199.42599999999993,200.51,False,204.67399999999998,210.33400000000006,False,32.0,0.14347207150189548,0.23770579467112085,0.19058893308650815,0.461982124873479,0.5301120031972945,0.00024007834516026616,1.9279773311217616,-0.12787253247845057,0.26666666666666666,60,0.06584433267041212,-0.22433961871887567,-0.07924764302423178,0.7446269205300974,0.6939022907429312,0.0007016671415690512,1.9939302892518964,0.05108367616631512,-0.016666666666666663,170.0,-0.11445536082948951,-0.04690128713587925,-0.08067832398268437,1.0063215501288978,0.7449020528911073,1.0360526796260316e-05,1.9999144527196269,0.025391762844512417,-0.3666666666666667
V00_S1289_I00000147,P0709,P1120,P1120,P0709,P1120,226,229,3,211.5540000000001,229.7260000000001,True,211.5540000000001,229.7260000000001,True,545.0,-0.017791912884892964,-0.0389396205543477,-0.028365766719620333,0.47646732404845993,0.630219577972715,1.9777866200332284e-07,1.999762557263125,0.13289829180805823,0.7166666666666667,90,0.12289595582198318,-0.1551170885249137,-0.016110566351465266,0.4965432937228205,0.5392138624636141,9.894069559202023e-06,1.9995403724598213,0.08755012172658108,0.3833333333333333,545.0,-0.017791912884892964,-0.0389396205543477,-0.028365766719620333,0.47646732404845993,0.630219577972715,1.9777866200332284e-07,1.999762557263125,0.13289829180805823,0.7166666666666667
V00_S1289_I00000149,P1120,P0709,P1120,P0709,P1120,40,44,4,20.114000000000033,41.710000000000036,True,45.105999999999995,49.61400000000003,False,648.0,-0.0948204846090657,0.09359457123009232,-0.0006129566894866878,0.5538109991525294,0.6501901599808694,8.352993297044975e-09,1.9992126825352585,0.11367055876197307,-0.9833333333333333,120,-0.21323908591988902,-0.2654275351344889,-0.23933331052718898,0.8214621018584825,0.6474908193480391,9.539572039751754e-06,1.970687270541024,-0.3952878120260947,0.2833333333333333,135.0,0.17026707168875163,0.15795525786519907,0.16411116477697535,0.6640436501321421,0.7313756663739224,0.0004637917976002548,1.999999943769509,0.03822708395822458,0.19999999999999998
V00_S1289_I00000149,P1120,P0709,P0709,P0709,P1120,89,93,4,72.36999999999989,89.45399999999995,True,89.61799999999994,96.1099999999999,True,513.0,-0.10998526720663458,-0.017339468880815903,-0.06366236804372524,0.6782968804672512,0.6740984089765656,9.41877744153885e-06,1.9999396498822777,0.03241087473155983,1.7166666666666668,120,0.014306885795289144,0.23995920668096965,0.1271330462381294,0.8838744708876118,0.7920655802166652,9.41877744153885e-06,1.9999695960842772,0.2827808753627371,0.55,194.0,-0.03458843888879088,0.19333163765376712,0.07937159938248813,0.7510512690905833,0.723522955197119,9.479092324571337e-05,1.9999695960842772,0.013987466206838606,-0.23333333333333334
V00_S1289_I00000149,P0709,P1120,P1120,P0709,P1120,104,110,6,96.52999999999997,96.846,False,104.21000000000004,121.99800000000005,True,9.0,0.15655797144203493,-0.35830029435324035,-0.10087116145560271,0.8994870694382987,0.7412606908532917,0.0036901465302048297,1.8371949142360666,0.5146274450785654,0.2,180,-0.07924316894449003,-0.05915946518062714,-0.06920131706255858,1.0380460881054179,0.8428031847213835,2.3871487609072872e-05,1.9999526189047772,0.005500347621752694,-0.9333333333333333,534.0,-0.04800347302792328,0.1080235359821942,0.030010031477135463,0.9378579680113991,0.7751058671304293,2.3871487609072872e-05,1.9999526189047772,0.0403198825834056,-1.3666666666666667
V00_S1289_I00000149,P0709,P1120,P1120,P0709,P1120,114,118,4,104.21000000000004,121.99800000000005,True,104.21000000000004,121.99800000000005,True,534.0,-0.04800347302792328,0.1080235359821942,0.030010031477135463,0.9378579680113991,0.7751058671304293,2.3871487609072872e-05,1.9999526189047772,0.0403198825834056,-1.3666666666666667,120,-0.0426995611398023,0.005022508331281803,-0.018838526404260248,0.8111339956483119,0.6583396698578028,0.0013586346757072931,1.9980218015438886,0.03865377560860661,0.9666666666666666,534.0,-0.04800347302792328,0.1080235359821942,0.030010031477135463,0.9378579680113991,0.7751058671304293,2.3871487609072872e-05,1.9999526189047772,0.0403198825834056,-1.3666666666666667
V00_S1289_I00000149,P1120,P0709,P1120,P0709,P1120,168,171,3,132.914,168.1099999999999,True,176.3699999999999,176.942,False,1056.0,-0.03861552005185252,0.10964002779893875,0.03551225387354311,0.804210071412673,0.7541228594088394,2.6841823534962117e-06,1.9999990163252173,0.020972969201397768,-0.5,90,0.09799531782982378,-0.04055118403201589,0.028722066898903945,0.38945741898362274,0.6166226443395785,1.734710886047708e-08,1.994578951947146,0.0038528324896316413,0.23333333333333336,17.0,0.014773845779925196,-0.04474759565551216,-0.014986874937793482,1.1700524292807035,0.7834621896759302,0.044867435241450426,1.9999997542024395,0.04411422097653228,-0.21666666666666667
V00_S1289_I00000149,P1120,P0709,P1120,P0709,P1120,212,217,5,211.28199999999993,212.68599999999992,True,215.442,221.9659999999999,True,43.0,0.05833056889656566,-0.2088232081662968,-0.07524631963486557,0.35572061990580756,0.5588004963112359,0.0028383799465830917,1.969665798255523,-0.3531889953570926,-0.5833333333333334,150,-0.09237943840130498,-0.03406482362361694,-0.06322213101246096,0.919111816649848,0.7752343067369241,0.0028383799465830917,1.9999908216444537,0.032115044146779834,-0.18333333333333332,196.0,0.016487514190427665,-0.024095933295794354,-0.0038042095526833446,0.6959978458920846,0.6955479010795395,0.0002545090456422816,1.9989581926148725,0.20588539493398134,0.0
V00_S1289_I00000149,P0709,P1120,P1120,P0709,P1120,236,238,2,234.76999999999998,238.894,True,234.76999999999998,238.894,True,124.0,-0.12955618515950046,0.07053088966701146,-0.0295126477462445,0.6598303892133088,0.6544280045571387,5.536719324150674e-05,1.9970943995476893,0.2784614707995814,0.9666666666666667,60,-0.00530297289963537,0.377148661393393,0.1859228442468788,0.5908289667726501,0.598658571736239,5.536719324150674e-05,1.9970943995476893,0.036543644015578636,0.06666666666666667,124.0,-0.12955618515950046,0.07053088966701146,-0.0295126477462445,0.6598303892133088,0.6544280045571387,5.536719324150674e-05,1.9970943995476893,0.2784614707995814,0.9666666666666667
V00_S1289_I00000150,P1120,P0709,P1120,P0709,P1120,128,131,3,111.80999999999995,125.5659999999998,False,132.19399999999996,132.86200000000008,False,413.0,0.07832611170883538,-0.17266415223811715,-0.047169020264640885,0.6090567761408976,0.6381064295118376,2.1233700364664543e-07,1.9995811712943254,0.005027591077637714,0.65,90,0.15998757719060547,0.5995275955713504,0.3797575863809779,1.1656273089347307,0.6015937821747381,0.017051562176599866,1.9963409649740642,0.5752433627634499,-0.08333333333333334,20.0,0.3324284820955406,-0.4997113414052553,-0.08364142965485735,0.4940585554292878,0.5672316726234811,0.0002872163971527897,1.9880316708577275,-0.08332250644416192,-0.1
V00_S1289_I00000150,P0709,P1120,P1120,P0709,P1120,142,145,3,133.47400000000016,184.54199999999992,True,133.47400000000016,184.54199999999992,True,1532.0,0.02512694944425395,0.00552060569010275,0.01532377756717835,0.702279833349983,0.6599681261676579,1.2554598584069154e-06,1.9999346439076384,-0.006700065264641786,1.0333333333333332,90,0.025043137738728617,-0.02094833923987519,0.0020473992494267138,1.0729133995406483,0.6404240361558569,0.003005311809569644,1.9999346439076384,0.3191786421906396,0.18333333333333335,1532.0,0.02512694944425395,0.00552060569010275,0.01532377756717835,0.702279833349983,0.6599681261676579,1.2554598584069154e-06,1.9999346439076384,-0.006700065264641786,1.0333333333333332
V00_S1289_I00000152,P0709,P1120,P1120,P0709,P1120,63,67,4,52.19399999999996,53.88599999999997,False,89.85800000000017,97.75799999999981,False,51.0,0.34320714604367875,-0.04810007634632113,0.1475535348486788,0.28957588828193354,0.600511250263647,0.0003287989256685053,1.9575063129378876,0.04783049355802868,-0.3666666666666667,120,0.07154986316204391,-0.2557984442861997,-0.09212429056207788,0.34475743320564145,0.6466154550934415,5.978055215294376e-07,1.9953349512983796,-0.0489809978006988,-0.7833333333333333,237.0,0.12584578964058643,-0.012583120335845823,0.0566313346523703,0.6124054167778047,0.80712517562349,4.14072900970508e-05,1.9931034508873653,-0.02215089531669394,1.5333333333333332
V00_S1289_I00000152,P1120,P0709,P1120,P0709,P1120,94,97,3,67.45800000000008,89.50199999999995,False,98.69000000000005,101.08599999999979,False,661.0,-0.010371340236693814,0.02066728518827834,0.005147972475792264,0.5005499409417142,0.7593023799598319,2.9083996433421078e-08,1.9996865467751355,0.018274400991627505,0.3666666666666667,90,0.024266434994608652,-0.0739254538091844,-0.024829509407287877,0.5768525350685524,0.7860708158074207,0.002764635752237954,1.9810912901231363,0.2306619448526582,1.1333333333333333,72.0,0.03727632444710978,-0.19289020960942743,-0.07780694258115883,0.23738890094934145,0.5352370648932168,1.1280420928461155e-06,1.9422826406258795,-0.00920748826079211,-0.19999999999999998
V00_S1289_I00000152,P0709,P1120,P1120,P0709,P1120,151,154,3,138.78600000000006,159.45400000000018,True,138.78600000000006,159.45400000000018,True,620.0,0.06251841172622598,0.04531926620932155,0.05391883896777376,1.0228098799950405,0.7170609335625965,4.082681809736144e-06,1.9999984306972154,0.11215068480057447,1.55,90,0.24049603423304658,0.3166348064717436,0.27856542035239507,0.7043169331230422,0.670796592366144,0.0002939099679662993,1.9984248920190655,0.3534225114149455,0.2833333333333333,620.0,0.06251841172622598,0.04531926620932155,0.05391883896777376,1.0228098799950405,0.7170609335625965,4.082681809736144e-06,1.9999984306972154,0.11215068480057447,1.55
V00_S1291_I00000000,P1121,P0430,P0430,P0430,P1121,75,77,2,8.706000000000003,88.25399999999999,True,8.706000000000003,88.25399999999999,True,2387.0,-0.08190880976756626,-0.03770556891917273,-0.059807189343369496,0.5894864903726161,0.7720721648781794,1.3222586359162847e-09,1.999999179144865,-0.11568070793878177,1.3,60,-0.09000207658594903,0.12198157173969237,0.015989747576871674,0.7586850413229046,0.8344136261544673,1.2809703906491166e-06,1.952016814286785,0.02128217992072337,-0.2833333333333333,2387.0,-0.08190880976756626,-0.03770556891917273,-0.059807189343369496,0.5894864903726161,0.7720721648781794,1.3222586359162847e-09,1.999999179144865,-0.11568070793878177,1.3
V00_S1291_I00000000,P0430,P1121,P0430,P0430,P1121,87,91,4,84.834,85.31,False,101.922,102.75,False,14.0,0.10635855326901571,0.1801449543015769,0.1432517537852963,1.1806727470505856,0.7526507586775651,0.00027155248156474077,1.8965037117805068,0.05090505708720608,0.05,120,0.1316155134353212,0.004892232500613609,0.06825387296796741,0.3803179764255701,0.5665223264303378,1.1511850844803106e-06,1.9818984988768014,0.018775466565571802,1.3666666666666667,24.0,0.03316065095628226,0.42290427676718345,0.22803246386173287,0.00835997234654512,0.004952735541994435,0.003407236804550684,0.013312707888539554,-0.5052838647738236,0.4666666666666667
V00_S1291_I00000000,P0430,P1121,P1121,P0430,P1121,137,180,43,132.098,144.254,True,180.834,192.414,False,365.0,0.15209434854735854,-0.09142349051016829,0.030335429018595123,1.0033547373375933,0.8800729948837132,6.523296593785588e-06,1.999999239708374,0.3275230968124071,0.7,1290,0.10524331892521051,-0.019638003135471448,0.042802657894869534,0.7739061181816131,0.8030738280805445,2.107648890081748e-06,1.9999781416876243,0.15333159349125244,-0.9333333333333333,347.0,-0.03810671611538896,-0.1599682572339158,-0.09903748667465238,0.7648322563486993,0.7907083699510183,1.2649319623969646e-06,1.9983324050192501,0.30549568598531773,0.16666666666666674
V00_S1291_I00000000,P0430,P1121,P1121,P0430,P1121,208,228,20,193.026,207.998,False,227.906,228.25400000000002,True,449.0,0.08782395469673727,0.014051192529269441,0.050937573613003356,1.0233308763358093,0.8373672399401154,1.429719571621746e-07,1.9999902353255943,-0.23080408596386714,0.01666666666666672,600,-0.21163578005570083,0.01008768438590209,-0.10077404783489936,0.9562252423731252,0.7778703556138008,1.4554583067205584e-05,1.9992402769376065,-0.029715819056362128,0.6166666666666667,11.0,0.13393402561446613,-0.0300390177076947,0.05194750395338572,0.7302101226497364,0.6459984613112998,0.030128755885250214,1.8193745207514955,0.02712024393400503,0.11666666666666667
V00_S1291_I00000000,P1121,P0430,P1121,P0430,P1121,244,246,2,239.87400000000002,241.95,False,248.35399999999998,248.67000000000002,False,62.0,-0.23255933610086932,0.035472567033230804,-0.09854338453381925,0.5573991280769701,0.805749029093275,7.636179786052466e-06,1.988012834817571,0.5372339312754246,-0.06666666666666668,60,-0.28578281573471115,-0.428812445250159,-0.35729763049243507,0.9095106692551328,0.8591818128962132,0.00015405841509530394,1.98840222189352,-0.03583907761651628,-0.41666666666666663,9.0,-0.7963220659251121,0.5568560169371181,-0.11973302449399703,0.6984725997435063,0.8950716282421479,0.055427674805273996,1.9907311237748218,-0.6862759400067138,-0.016666666666666666
V00_S1291_I00000001,P1121,P0430,P0430,P0430,P1121,50,51,1,14.418000000000006,63.02199999999999,True,14.418000000000006,63.02199999999999,True,1458.0,-0.11669908254765751,-0.06321896972551812,-0.08995902613658782,0.6726290697380329,0.857211111442664,1.1460232751669963e-07,1.9998807127722982,-0.18020381952643405,-1.75,30,-0.24138308931106175,-0.11169223955396462,-0.17653766443251317,1.4521014901861344,0.8633172629014003,0.0042776252865694975,1.999790104693301,0.08856351939866705,-0.65,1458.0,-0.11669908254765751,-0.06321896972551812,-0.08995902613658782,0.6726290697380329,0.857211111442664,1.1460232751669963e-07,1.9998807127722982,-0.18020381952643405,-1.75
V00_S1291_I00000001,P0430,P1121,P0430,P0430,P1121,125,129,4,123.18599999999998,123.50200000000001,False,131.762,132.30200000000002,False,9.0,0.6388113214955512,0.3576020960259503,0.49820670876075074,0.7030168771443184,0.8225181660163513,0.00032922037312466124,1.8815758443961088,-0.012235224010160473,-0.05,120,0.11895590735397954,-0.1436054859578315,-0.012324789301925987,0.4420432403379189,0.7821199261675841,3.016028826685613e-07,1.9999699103385211,0.09650789615565815,-0.5,16.0,0.3402453029646149,-0.052103608564123674,0.14407084720024563,0.2534657460318303,0.48399880643465376,0.024937901768972037,1.9283296894965378,-0.49073083641352006,-0.08333333333333334
V00_S1291_I00000001,P1121,P0430,P0430,P0430,P1121,129,133,4,63.56999999999999,206.66999999999996,True,63.56999999999999,206.66999999999996,True,4293.0,0.006976965623063359,-0.06935672188206472,-0.031189878129500682,0.47644929739663294,0.7228493422082051,4.93419244351756e-08,1.9999885326139029,-0.10428564089490606,-0.5333333333333333,120,-0.2445007473373062,-0.05299339998402244,-0.1487470736606643,0.39470511374378986,0.6818717397044854,0.0021964279391843977,1.9938969088078147,0.3557078502544363,-1.9,4293.0,0.006976965623063359,-0.06935672188206472,-0.031189878129500682,0.47644929739663294,0.7228493422082051,4.93419244351756e-08,1.9999885326139029,-0.10428564089490606,-0.5333333333333333
V00_S1291_I00000001,P1121,P0430,P0430,P0430,P1121,180,182,2,63.56999999999999,206.66999999999996,True,63.56999999999999,206.66999999999996,True,4293.0,0.006976965623063359,-0.06935672188206472,-0.031189878129500682,0.47644929739663294,0.7228493422082051,4.93419244351756e-08,1.9999885326139029,-0.10428564089490606,-0.5333333333333333,60,0.2684114364482164,-0.21019209645356082,0.029109669997327794,0.31610054103254703,0.6227361221143478,4.93419244351756e-08,1.9761575314658615,-0.016793249113500552,0.6333333333333333,4293.0,0.006976965623063359,-0.06935672188206472,-0.031189878129500682,0.47644929739663294,0.7228493422082051,4.93419244351756e-08,1.9999885326139029,-0.10428564089490606,-0.5333333333333333
V00_S1291_I00000001,P0430,P1121,P1121,P0430,P1121,245,259,14,228.65800000000002,247.95000000000005,True,257.26599999999996,283.726,True,579.0,0.11557488501662067,-0.036228558583303136,0.039673163216658765,0.8670725387858855,0.9137302103385168,3.01096742760798e-07,1.9999132450327393,0.21779829593747937,-1.2,420,-0.08470593850460194,0.2271098126902482,0.07120193709282313,0.7797540134082049,0.8294217171846122,4.54659372484123e-07,1.9999950034041307,0.008016440627218027,-0.06666666666666668,794.0,0.024412921284553843,0.10224182605268035,0.0633273736686171,0.7985036994716109,0.8244906339711183,1.2618789611007486e-06,1.9998835853254253,0.019083371883104203,0.44999999999999996
V00_S1291_I00000001,P0430,P1121,P1121,P0430,P1121,273,280,7,257.26599999999996,283.726,True,257.26599999999996,283.726,True,794.0,0.024412921284553843,0.10224182605268035,0.0633273736686171,0.7985036994716109,0.8244906339711183,1.2618789611007486e-06,1.9998835853254253,0.019083371883104203,0.44999999999999996,210,-0.12809863162785784,0.09931752530654217,-0.014390553160657835,0.6088747016228658,0.7880557931481491,1.7893139693025972e-05,1.959980762692809,-0.016961540041068285,-0.9333333333333333,794.0,0.024412921284553843,0.10224182605268035,0.0633273736686171,0.7985036994716109,0.8244906339711183,1.2618789611007486e-06,1.9998835853254253,0.019083371883104203,0.44999999999999996
V00_S1291_I00000001,P1121,P0430,P1121,P0430,P1121,281,283,2,256.21000000000004,256.59000000000003,False,283.95399999999995,284.78200000000004,False,12.0,-0.179826443904312,0.7796869238167177,0.2999302399562028,1.0383020407783758,0.8877019011355409,0.0005126998082987111,1.9783109267423118,0.6139350938250386,-0.11666666666666667,60,0.27873326182595737,-0.5373362202207613,-0.12930147919740198,0.8599808935447439,0.9255793814472838,0.0004120346586630186,1.9958549554846936,-0.6182990719454272,0.4666666666666667,24.0,0.28514884829509113,-0.6525672098100868,-0.18370918075749781,1.2707881427378684,0.883078101565724,0.018023598769761118,1.988468085451724,-0.0018745134522977214,-0.1
V00_S1291_I00000002,P0430,P1121,P1121,P0430,P1121,34,47,13,22.96199999999999,33.51800000000003,False,46.577999999999975,56.26999999999998,True,317.0,-0.38535105610771075,-0.20187396011352088,-0.2936125081106158,0.85945020437352,0.809221343937009,1.4241017853855453e-06,1.9841884352287695,-0.3677278404276446,0.35,390,-0.019822428836835684,-0.0009911036536223896,-0.010406766245229036,0.7673966490100442,0.849146253181441,1.1430110726795562e-06,1.9999564900072193,0.028417616118912054,0.9833333333333334,291.0,0.03098777077022759,0.0031722537416612254,0.01708001225594441,0.4688698203897425,0.7565054074784864,2.1173896302961737e-08,1.9971415381499344,0.03575409472993214,0.033333333333333326
V00_S1291_I00000002,P1121,P0430,P1121,P0430,P1121,53,57,4,46.322,46.702,False,56.85000000000002,57.35799999999995,True,11.0,0.07857035738105997,0.46695604133813506,0.27276319935959753,1.5107636825147253,0.735100698148234,0.22570100168359497,1.9766035846332723,-0.1266201491592376,0.15,120,0.12160298944990881,-0.20106412097339452,-0.03973056576174285,0.8078640167770046,0.9524989255474202,1.0701849662009266e-07,1.9999768506314508,-0.08820425817956506,-0.23333333333333334,15.0,-0.35087505745377534,-0.00996885224559737,-0.18042195484968634,1.4076988003896533,0.8301592035153367,0.014098968608001972,1.993220511627369,-0.018266599869807165,0.03333333333333333
V00_S1291_I00000002,P0430,P1121,P1121,P0430,P1121,114,123,9,57.26599999999996,123.21400000000006,True,57.26599999999996,123.21400000000006,True,1978.0,-0.02624529716490203,0.036093909007782664,0.004924305921440317,0.9904091173699175,0.8801140807577255,4.8451760492618234e-08,1.999998680653309,0.016487953135377365,0.0,270,-0.26991822638790247,0.2842913803282842,0.007186576970190872,1.2133953071375239,0.80663468344447,1.3244583670024568e-05,1.9984559542691787,-0.08967393431134602,-0.4666666666666667,1978.0,-0.02624529716490203,0.036093909007782664,0.004924305921440317,0.9904091173699175,0.8801140807577255,4.8451760492618234e-08,1.999998680653309,0.016487953135377365,0.0
V00_S1291_I00000002,P1121,P0430,P0430,P0430,P1121,124,125,1,122.76999999999998,125.51800000000003,True,122.76999999999998,125.51800000000003,True,83.0,0.24349311391407105,0.297674758601573,0.270583936257822,0.6278754804595866,0.8037528167625468,1.1595618848891931e-05,1.971471594404719,0.4378592149362881,-0.8166666666666667,30,-0.023119840938213232,-0.09748699637026045,-0.06030341865423684,0.690387158414291,0.8872337505407645,1.1595618848891931e-05,1.9623547825085357,-0.466906975563417,-0.21666666666666667,83.0,0.24349311391407105,0.297674758601573,0.270583936257822,0.6278754804595866,0.8037528167625468,1.1595618848891931e-05,1.971471594404719,0.4378592149362881,-0.8166666666666667
V00_S1291_I00000002,P1121,P0430,P0430,P0430,P1121,220,225,5,218.6099999999999,265.0060000000001,True,218.6099999999999,265.0060000000001,True,1392.0,-0.04759848031181502,0.07572514376794237,0.014063331728063677,0.6049518804760685,0.8281690340543318,3.264108611178429e-07,1.9999698665099257,0.026764165661339975,-0.18333333333333335,150,-0.061265959336611664,-0.08484873391576865,-0.07305734662619015,0.8578328811453294,0.8463112194362955,6.162058303615936e-07,1.982777001815042,0.03164419470956753,-1.7333333333333334,1392.0,-0.04759848031181502,0.07572514376794237,0.014063331728063677,0.6049518804760685,0.8281690340543318,3.264108611178429e-07,1.9999698665099257,0.026764165661339975,-0.18333333333333335
V00_S1291_I00000002,P0430,P1121,P0430,P0430,P1121,245,251,6,206.00199999999995,217.61400000000003,False,265.1700000000001,265.4860000000001,False,348.0,-0.17901055023464654,-0.09973050257436196,-0.13937052640450426,0.6352438765362561,0.8799722174678007,1.5050182611275886e-07,1.9981605368043867,-0.24722636296279932,1.1166666666666667,180,0.02209284064169068,0.11533415259243378,0.06871349661706223,0.30462747946080443,0.6562571708668211,2.1818297810671794e-06,1.9962213670934617,0.2914624861466196,0.35,10.0,-0.5980042908115317,0.7324488271225271,0.0672222681554977,1.550366052351968,0.7748151410657718,0.0010075573400908366,1.9992254091198274,-0.057490671927022285,0.016666666666666666
V00_S1291_I00000003,P1121,P0430,P1121,P0430,P1121,44,46,2,4.258000000000038,44.41399999999999,True,45.66599999999994,47.422000000000025,True,1204.0,-0.026641115881144407,-0.02671973192220525,-0.026680423901674827,0.7144280451459586,0.7882237452363533,1.4702507877828452e-07,1.9999536323335643,0.011351963516642041,0.25,60,0.20060514984013883,0.13297321454337657,0.1667891821917577,1.260127173522535,0.80942211070271,0.003146889214499571,1.9978834975590267,-0.05659997738391018,-0.6833333333333333,53.0,-0.1543813701462173,0.07640389116509766,-0.03898873949055982,1.1461002462243033,0.746917567749225,0.00023295603759776462,1.978089934320928,0.5328995406433186,0.26666666666666666
V00_S1291_I00000003,P0430,P1121,P0430,P0430,P1121,75,78,3,68.86599999999999,69.21399999999994,False,89.21800000000007,89.66200000000003,False,10.0,-0.17462937006229423,-0.5600551277901251,-0.3673422489262097,0.6892333024742656,0.7742820014631825,0.005853676350912718,1.8373517790608105,-0.07299647608526544,0.016666666666666666,90,-0.09886819887008982,0.23677976686719476,0.06895578399855247,0.4688386611181969,0.6672807161878069,0.00013134879383147613,1.7903871018470614,-0.4269528685628734,-1.3,13.0,0.5651363149451746,-0.0954782854919466,0.234829014726614,0.9205755447601107,0.7870934512198514,0.02175509918738927,1.9997941192850082,0.5215894592866679,-0.11666666666666667
V00_S1291_I00000003,P1121,P0430,P0430,P0430,P1121,131,135,4,119.298,157.11799999999994,True,119.298,157.11799999999994,True,1135.0,-0.104746915468732,-0.02742067378870039,-0.06608379462871619,0.7089656263889225,0.734098579832539,2.8844671984273873e-08,1.9998838342396126,-0.13835292002031152,0.7166666666666666,120,-0.21847818181228024,-0.4954765643835366,-0.35697737309790845,1.206397978962406,0.7249700152687157,0.005314884746329351,1.995248059775828,-0.10476882303839177,0.11666666666666667,1135.0,-0.104746915468732,-0.02742067378870039,-0.06608379462871619,0.7089656263889225,0.734098579832539,2.8844671984273873e-08,1.9998838342396126,-0.13835292002031152,0.7166666666666666
V00_S1291_I00000003,P1121,P0430,P0430,P0430,P1121,136,141,5,119.298,157.11799999999994,True,119.298,157.11799999999994,True,1135.0,-0.104746915468732,-0.02742067378870039,-0.06608379462871619,0.7089656263889225,0.734098579832539,2.8844671984273873e-08,1.9998838342396126,-0.13835292002031152,0.7166666666666666,150,-0.07055086545551925,-0.10698175162360574,-0.0887663085395625,0.5512198250257588,0.6929649261840058,2.1281776607762204e-05,1.9963404043562396,0.28508823434154157,1.0333333333333334,1135.0,-0.104746915468732,-0.02742067378870039,-0.06608379462871619,0.7089656263889225,0.734098579832539,2.8844671984273873e-08,1.9998838342396126,-0.13835292002031152,0.7166666666666666
V00_S1291_I00000003,P0430,P1121,P1121,P0430,P1121,212,229,17,196.35400000000004,229.75800000000004,True,196.35400000000004,229.75800000000004,True,1002.0,-0.167203614711135,-0.17132070626382304,-0.16926216048747902,1.2859955815037556,0.8450976008403527,7.232721743744008e-08,1.9999947295371254,-0.22343838323455045,1.1666666666666667,510,0.20077699651790698,-0.42127196481228774,-0.11024748414719038,1.284387675844602,0.818270231666984,7.232721743744008e-08,1.9999947295371254,-0.12870222795183123,-0.2,1002.0,-0.167203614711135,-0.17132070626382304,-0.16926216048747902,1.2859955815037556,0.8450976008403527,7.232721743744008e-08,1.9999947295371254,-0.22343838323455045,1.1666666666666667
V00_S1291_I00000003,P0430,P1121,P1121,P0430,P1121,324,326,2,298.2739999999999,324.8620000000001,True,327.61799999999994,341.69399999999996,False,798.0,-0.08300349667016776,0.3106405136615343,0.11381850849568326,0.9806288711825387,0.8655802559545088,2.046911987463318e-06,1.9999999922846725,0.050519816330467704,-0.033333333333333326,60,-0.15733684947852544,-0.3952540147978597,-0.2762954321381926,1.0721092287717222,0.6189301631901786,0.00016011861583875575,1.933528971779807,0.44619454780035656,-0.75,422.0,0.030722888054825554,-0.0971624579588349,-0.03321978495200467,0.9311737082200137,0.820575037570516,5.259094392195962e-07,1.999996744993474,0.033919942407596396,1.1
V00_S1291_I00000006,P1121,P0430,P0430,P0430,P1121,27,32,5,25.13799999999992,182.28600000000006,True,25.13799999999992,182.28600000000006,True,4715.0,-0.05308207628783099,-0.0008728762931338493,-0.02697747629048242,0.8038202626920974,0.8617412766015284,7.620021280629885e-10,1.9999998961271093,0.09649878544460991,1.1166666666666667,150,-0.08280616182418948,0.07354130875269502,-0.004632426535747233,0.5487939178622065,0.7276139858926655,4.5821201943851975e-08,1.9967046975009197,0.010634671626492842,1.2,4715.0,-0.05308207628783099,-0.0008728762931338493,-0.02697747629048242,0.8038202626920974,0.8617412766015284,7.620021280629885e-10,1.9999998961271093,0.09649878544460991,1.1166666666666667
V00_S1291_I00000006,P1121,P0430,P0430,P0430,P1121,52,54,2,25.13799999999992,182.28600000000006,True,25.13799999999992,182.28600000000006,True,4715.0,-0.05308207628783099,-0.0008728762931338493,-0.02697747629048242,0.8038202626920974,0.8617412766015284,7.620021280629885e-10,1.9999998961271093,0.09649878544460991,1.1166666666666667,60,0.30103672697238254,-0.3754249514607902,-0.037194112244203825,0.6002842216101439,0.8300778777949227,1.0291989227084741e-05,1.9886422522005476,0.05956978253038395,-0.033333333333333326,4715.0,-0.05308207628783099,-0.0008728762931338493,-0.02697747629048242,0.8038202626920974,0.8617412766015284,7.620021280629885e-10,1.9999998961271093,0.09649878544460991,1.1166666666666667
V00_S1291_I00000006,P1121,P0430,P0430,P0430,P1121,77,82,5,25.13799999999992,182.28600000000006,True,25.13799999999992,182.28600000000006,True,4715.0,-0.05308207628783099,-0.0008728762931338493,-0.02697747629048242,0.8038202626920974,0.8617412766015284,7.620021280629885e-10,1.9999998961271093,0.09649878544460991,1.1166666666666667,150,0.006833067107904432,-0.06346816346349454,-0.028317548177795054,0.9735579436078009,0.7539201775636543,4.183546787883685e-06,1.9978800926005453,-0.025144885375190995,0.4333333333333333,4715.0,-0.05308207628783099,-0.0008728762931338493,-0.02697747629048242,0.8038202626920974,0.8617412766015284,7.620021280629885e-10,1.9999998961271093,0.09649878544460991,1.1166666666666667
V00_S1291_I00000006,P0430,P1121,P0430,P0430,P1121,142,145,3,29.713999999999942,30.190000000000055,False,182.00199999999995,182.38200000000006,False,15.0,-0.540413284159278,-0.3617271287887238,-0.4510702064740009,0.5345466893203057,0.6506372865592774,0.006546833282296327,1.8411302790317667,0.1279078227658702,-0.11666666666666667,90,-0.11679166748521227,0.03896085016540301,-0.03891540865990463,0.5021204467816376,0.7877455012759623,3.151012280100396e-06,1.9996911290173633,-0.02169695495281654,-0.48333333333333334,11.0,-0.020056939946265274,-0.2349040683528696,-0.12748050414956744,1.993625395100097,0.003889391840719329,1.9862889031260516,1.9982263773294169,-0.5547946628083517,0.03333333333333334
V00_S1291_I00000006,P0430,P1121,P0430,P0430,P1121,181,184,3,29.713999999999942,30.190000000000055,False,185.80999999999995,186.2539999999999,False,15.0,-0.540413284159278,-0.3617271287887238,-0.4510702064740009,0.5345466893203057,0.6506372865592774,0.006546833282296327,1.8411302790317667,0.1279078227658702,-0.11666666666666667,90,-0.014395445301669392,0.24769229242384164,0.11664842356108612,0.4747459429704072,0.7855002770900312,6.531901600170809e-05,1.9986174140231179,-0.30872628640165256,0.8666666666666667,14.0,0.007082133336009707,-0.4997552335438557,-0.246336550103923,1.2600173583084469,0.8721274241494904,0.06042222499297012,1.993707962526953,0.04710226181987748,-0.08333333333333334
V00_S1291_I00000006,P0430,P1121,P0430,P0430,P1121,206,208,2,204.88200000000006,205.9340000000002,False,208.91400000000021,209.26200000000017,False,32.0,-0.5161278343792182,0.1258704177634514,-0.19512870830788337,1.0741235035559877,0.9332969891280201,4.08803533524793e-06,1.9997004650945032,-0.5384262457536194,-0.13333333333333333,60,-0.17607179786931107,0.07893818982073511,-0.04856680402428798,0.5878272963124833,0.787368879398959,9.932337681817227e-05,1.9671341512820395,0.5925581244936433,0.55,11.0,,,,,,,,,
V00_S1291_I00000007,P0430,P1121,P0430,P0430,P1121,46,50,4,0.0,8.829999999999927,False,88.99400000000014,89.3420000000001,False,265.0,-0.07771541801504073,-0.03763953429660171,-0.05767747615582122,0.6313105599683234,0.6764526453327422,8.508451131428174e-06,1.9420787813005236,0.0643650951895206,1.0333333333333332,120,-0.16335686125061152,-0.06855833344240748,-0.11595759734650951,1.0688793239480814,0.7938413308732605,0.0004979555053773455,1.9913486588270386,0.05243765916941162,1.15,10.0,,,,,,,,,
V00_S1291_I00000007,P1121,P0430,P0430,P0430,P1121,51,57,6,48.353999999999814,88.86200000000008,True,48.353999999999814,88.86200000000008,True,1215.0,-0.029446826310719407,0.058986687620545444,0.014769930654913018,0.7716642792437804,0.8434024453732302,2.6459184843119488e-09,1.9999914987650609,-0.03280602475175101,-1.4166666666666667,180,0.09303408983088482,0.38525516976759655,0.23914462979924067,0.8326961805619812,0.8959821475596212,6.341157695488597e-06,1.9999031147758615,-0.11167351399414799,-0.25,1215.0,-0.029446826310719407,0.058986687620545444,0.014769930654913018,0.7716642792437804,0.8434024453732302,2.6459184843119488e-09,1.9999914987650609,-0.03280602475175101,-1.4166666666666667
V00_S1291_I00000007,P0430,P1121,P0430,P0430,P1121,127,128,1,124.44999999999982,126.17399999999998,False,133.37800000000016,143.07000000000016,False,52.0,0.05106570742456629,-0.2114115165642319,-0.08017290456983281,0.35916447196063805,0.5963318185852672,2.626299506880425e-05,1.8782157549681435,-0.27972182532841977,0.3666666666666667,30,-0.2636212901160667,-0.08757432060284136,-0.17559780535945405,0.7914502171163469,0.8831464769596137,9.933636451098238e-05,1.9920179707197034,0.1463919280307941,0.2833333333333333,291.0,-0.06260965650563678,-0.43318522427405215,-0.24789744038984446,0.02258163314610979,0.025590881251790352,1.5336060443016386e-05,0.07370830893537739,-0.13244017165492122,0.41666666666666663
V00_S1291_I00000007,P1121,P0430,P1121,P0430,P1121,131,143,12,126.81800000000021,131.26200000000017,True,143.01000000000022,143.35800000000017,False,133.0,0.30214844538150215,-0.15313798887722258,0.07450522825213979,0.8019968396253884,0.8717636384035005,9.933636451098238e-05,1.9920179707197034,0.014266341471376232,0.4666666666666666,360,0.16060415206977477,-0.3531486839826751,-0.09627226595645018,0.0904189508381488,0.2592275339442701,1.5336060443016386e-05,1.8563261468218477,-0.4494325705063319,-0.5166666666666666,11.0,,,,,,,,,
V00_S1291_I00000007,P1121,P0430,,P0430,P1121,163,163,0,143.01000000000022,143.35800000000017,False,168.92999999999984,169.94999999999982,False,11.0,,,,,,,,,,0,,,,,,,,,,30.0,,,,,,,,,
V00_S1291_I00000007,P0430,P1121,P0430,P0430,P1121,175,176,1,173.442,174.59000000000015,False,175.6500000000001,204.47800000000007,True,35.0,,,,,,,,,,30,,,,,,,,,,864.0,-0.046905909043058296,0.18796540699187028,0.07052974897440599,0.9369849404764642,0.8542030973194685,1.2305408787494088e-06,1.99160586307723,0.10518300721891179,0.25
V00_S1291_I00000008,P0430,P1121,P1121,P0430,P1121,31,55,24,3.0579999999999927,30.92599999999993,False,55.21799999999985,72.17399999999998,False,836.0,-0.056953633053324,0.08768486363847607,0.015365615292576032,1.0021454428466605,0.8612614243830843,1.1071092522407788e-05,1.9999378823226581,0.05453232132410356,-0.06666666666666665,720,-0.15548490398969905,-0.07165722493432605,-0.11357106446201255,1.3291491934127484,0.7520604060551048,0.00013982321777172846,1.9968936595900921,-0.23071766597975896,-1.2,508.0,0.30644488874872383,0.25509294327210136,0.2807689160104126,0.4915382238748344,0.7472871056192885,8.939625821824393e-07,1.9999606628992685,0.3539575276778464,0.2
V00_S1291_I00000008,P1121,P0430,P1121,P0430,P1121,72,96,24,54.44999999999982,55.3420000000001,False,95.92200000000003,98.19000000000005,True,27.0,-0.05468932239142361,0.26849122391866675,0.10690095076362158,1.3269464103267137,0.6657581230399457,0.00248080927452321,1.91827641984852,-0.0996652204412756,-0.31666666666666665,720,-0.05179099532205119,-0.26379103759958283,-0.157791016460817,0.23154308688178354,0.4571111230242365,2.376437590667635e-05,1.944773984094556,-0.09689419088288738,-0.8833333333333333,68.0,,,,,,,,,
V00_S1291_I00000008,P0430,P1121,P1121,P0430,P1121,96,106,10,72.7539999999999,96.11000000000013,True,106.51400000000012,136.558,False,700.0,-0.04046135227757659,-0.2627321851158434,-0.15159676869671,0.23154308688178354,0.4571111230242365,2.376437590667635e-05,1.944773984094556,-0.08340723492981839,-0.8833333333333333,300,-0.08551440965945539,-0.3944065154275847,-0.23996046254352005,,,,,-0.287952555052224,2.0,902.0,-0.04429323002171087,-0.12092084421244564,-0.08260703711707826,0.954916879918038,0.8568545512037673,6.415958044847514e-07,1.988838009415793,-0.21016258553849199,-1.2833333333333332
V00_S1291_I00000008,P1121,P0430,P1121,P0430,P1121,96,106,10,95.92200000000003,98.19000000000005,True,105.68199999999979,106.34999999999991,True,68.0,,,,,,,,,,300,-0.08551440965945539,-0.3944065154275847,-0.23996046254352005,,,,,-0.287952555052224,2.0,20.0,,,,,,,,,
V00_S1291_I00000008,P0430,P1121,P1121,P0430,P1121,172,175,3,170.64199999999983,174.76600000000008,True,176.40200000000004,186.38200000000006,False,124.0,0.26115141474613385,-0.43822023568414803,-0.08853441046900709,0.418072356687457,0.6337522182331049,1.3124882506598823e-05,1.9727995436907815,-0.011896028783788148,0.21666666666666667,90,,,,,,,,,,299.0,-0.19941003051336126,0.10648332405960281,-0.04646335322687922,1.4848051213021904,0.7106162941313537,0.02076209344872837,1.9998788256816469,-0.24731077091758666,1.15
V00_S1291_I00000008,P0430,P1121,P1121,P0430,P1121,173,174,1,170.64199999999983,174.76600000000008,True,170.64199999999983,174.76600000000008,True,124.0,0.26115141474613385,-0.43822023568414803,-0.08853441046900709,0.418072356687457,0.6337522182331049,1.3124882506598823e-05,1.9727995436907815,-0.011896028783788148,0.21666666666666667,30,,,,,,,,,,124.0,0.26115141474613385,-0.43822023568414803,-0.08853441046900709,0.418072356687457,0.6337522182331049,1.3124882506598823e-05,1.9727995436907815,-0.011896028783788148,0.21666666666666667
V00_S1291_I00000008,P1121,P0430,P1121,P0430,P1121,189,194,5,186.54599999999982,189.9340000000002,True,194.2260000000001,195.1500000000001,False,102.0,-0.1469722671101698,-0.4468023627377176,-0.2968873149239437,0.5714091652799251,0.7867113624926695,2.3941789389136936e-05,1.9727642050399736,-0.0721779924906917,-0.5833333333333334,150,-0.34357410326081617,-0.12097957813315859,-0.23227684069698737,0.6505954879386111,0.8559952956440058,2.3941789389136936e-05,1.9727642050399736,-0.3927468875402572,-0.2833333333333333,28.0,,,,,,,,,
V00_S1291_I00000008,P1121,P0430,P1121,P0430,P1121,215,218,3,203.92200000000003,206.70200000000023,False,221.32999999999993,224.20600000000013,False,83.0,0.3526190250162534,-0.06421589772902761,0.14420156364361292,1.6579768353572137,0.10319795205645488,1.554778883300759,1.7611747874136687,0.05142074335211058,0.8999999999999999,90,,,,,,,,,,86.0,-0.5090357292374668,0.09689160475713451,-0.2060720622401661,1.2632045000833998,0.846818703859381,7.1220843523844835e-06,1.9999979270539978,-0.509373583476081,-0.45
V00_S1291_I00000009,P1121,P0430,P0430,P0430,P1121,48,54,6,0.2899999999999636,64.86200000000008,True,0.2899999999999636,64.86200000000008,True,1937.0,-0.04586036938629222,-0.019273447686180813,-0.03256690853623652,0.7368889039910496,0.8357271317606036,5.514842612575066e-07,1.9999998159445096,0.014985749279265187,1.3,180,-0.46380707625260864,-0.24595364555664176,-0.3548803609046252,1.2389140428135945,0.8926562061652383,9.875159373229359e-06,1.9999998159445096,-0.4311774762725328,-0.7,1937.0,-0.04586036938629222,-0.019273447686180813,-0.03256690853623652,0.7368889039910496,0.8357271317606036,5.514842612575066e-07,1.9999998159445096,0.014985749279265187,1.3
V00_S1291_I00000009,P0430,P1121,P0430,P0430,P1121,74,77,3,73.63400000000001,73.98199999999997,False,77.69799999999987,82.01400000000012,False,10.0,0.4623167896119664,0.7395832642590328,0.6009500269354996,0.23840510656103814,0.29768369153682295,0.0010144347886729133,0.9997360849656721,0.6009500269354995,0.0,90,-0.0221948115145994,0.11692865995777785,0.047366924221589224,0.8204724880896257,0.8235449622066068,3.7750731008090455e-05,1.9996791130868665,-0.25104630007463213,0.26666666666666666,129.0,-0.2692758311072267,-0.15127457352076362,-0.21027520231399516,0.5711436181902653,0.850148664807541,7.28287519180526e-09,1.9999332064779907,-0.40611332800328953,-1.0
V00_S1295_I00000281,P1122,P0518,P1122,P0518,P1122,45,47,2,18.370000000000005,18.71799999999999,False,64.418,65.94999999999999,False,11.0,0.8440990597481647,-0.004529137139207229,0.41978496130447873,0.7786756303687871,0.7763759967211622,0.011914146875638743,1.8420020801794008,0.22851906545499712,0.05,60,0.22800023192849497,-0.06607876709851913,0.08096073241498791,1.7770469804109326,0.4833495932632356,0.002338128549003393,1.9999408739814815,0.05954947615882322,-0.95,45.0,-0.023535392665125738,0.36995001444178816,0.17320731088833122,0.9136218917898407,0.5037056952512817,0.022474789301337506,1.8442755671356754,0.5340125364636464,-0.5499999999999999
V00_S1295_I00000281,P1122,P0518,P0518,P0518,P1122,141,142,1,130.402,165.69400000000002,True,130.402,165.69400000000002,True,1059.0,0.040918009666078746,-0.02325830707667901,0.008829851294699868,0.7925188974414769,0.6979595913301435,8.988351506422632e-07,1.999997421697928,-0.040540326470656224,0.95,30,0.7096491871632664,0.24817471735348248,0.47891195225837446,0.6805399131009799,0.6603180509744442,0.031541382018950626,1.9973168956471445,0.18380432711356573,-0.16666666666666666,1059.0,0.040918009666078746,-0.02325830707667901,0.008829851294699868,0.7925188974414769,0.6979595913301435,8.988351506422632e-07,1.999997421697928,-0.040540326470656224,0.95
V00_S1295_I00000281,P0518,P1122,P0518,P0518,P1122,180,183,3,177.442,178.046,False,185.058,185.69400000000002,False,18.0,0.5560185873616712,0.36226093927340713,0.45913976331753914,0.46000525606824955,0.36807859803911375,0.1903557783633828,1.6061308021864478,0.6136322209784949,0.06666666666666667,90,-0.09685309795955112,0.23319118138490535,0.06816904171267713,1.4159282726339995,0.6802414522099902,0.021208284896315543,1.9997934358403198,-0.01989900951866813,-0.44999999999999996,19.0,-0.025354089998957732,-0.027286750344969073,-0.026320420171963402,0.9786192420991028,0.5587171770935924,0.006446114613343656,1.8543680304690953,-0.47974145871706486,0.0
V00_S1295_I00000281,P1122,P0518,P0518,P0518,P1122,185,187,2,181.25,187.678,True,181.25,187.678,True,192.0,-0.02692919844891535,0.1369524608434907,0.05501163119728767,1.0304504473844962,0.7031331229319168,2.122593213316204e-05,1.99995240065096,-0.2920438048663288,-1.3333333333333333,60,0.24996957704519263,0.32021806051369395,0.2850938187794433,1.3099783111352004,0.5344779971646062,0.006446114613343656,1.9837330382981395,0.01542489624015006,0.4,192.0,-0.02692919844891535,0.1369524608434907,0.05501163119728767,1.0304504473844962,0.7031331229319168,2.122593213316204e-05,1.99995240065096,-0.2920438048663288,-1.3333333333333333
V00_S1295_I00000281,P0518,P1122,P1122,P0518,P1122,252,254,2,247.298,254.046,True,247.298,254.046,True,202.0,-0.07473474860025042,0.19783296368587888,0.06154910754281423,1.4424392175507441,0.7126424349218738,0.0005373412966969138,1.9999914117922366,0.38372242487405545,0.4666666666666666,60,0.014611636332372646,-0.04272037912024836,-0.014054371393937858,1.4827331327483086,0.6630491316108434,0.0005373412966969138,1.9999914117922366,-0.3635453097436059,0.7833333333333334,202.0,-0.07473474860025042,0.19783296368587888,0.06154910754281423,1.4424392175507441,0.7126424349218738,0.0005373412966969138,1.9999914117922366,0.38372242487405545,0.4666666666666666
V00_S1295_I00000281,P1122,P0518,P1122,P0518,P1122,273,277,4,266.21,266.846,False,279.33,280.03,False,19.0,-0.34943993199853896,-0.12602309591748412,-0.23773151395801154,1.7160723219378504,0.18448619234901434,1.3521365897661957,1.9915511694156423,0.015798804509669584,-0.04999999999999999,120,-0.32735884928523573,-0.034748075832726266,-0.181053462558981,1.5754014301161046,0.5927440195129507,0.007977043941781004,1.9999999998408842,0.41958943988766284,-1.45,21.0,0.5567000915540135,0.4825465529255145,0.5196233222397639,1.0880591767922698,0.9104257407722234,4.136152412370642e-05,1.9928555570489115,0.5299934885515742,-0.016666666666666666
V00_S1295_I00000281,P0518,P1122,P1122,P0518,P1122,316,317,1,308.898,320.47799999999995,True,308.898,320.47799999999995,True,347.0,-0.06255532249496884,-0.037483473281975044,-0.05001939788847194,1.0602992942300349,0.7912405757877213,9.125708376722663e-05,1.9999451050399188,0.3279304496074278,-1.6833333333333333,30,-0.3187620354576394,-0.3016284598030072,-0.3101952476303233,1.1009628640635276,0.75804785204406,0.016058446538336435,1.9988881434476384,-0.04034982168403872,-0.38333333333333336,347.0,-0.06255532249496884,-0.037483473281975044,-0.05001939788847194,1.0602992942300349,0.7912405757877213,9.125708376722663e-05,1.9999451050399188,0.3279304496074278,-1.6833333333333333
V00_S1295_I00000281,P1122,P0518,P1122,P0518,P1122,316,317,1,307.45799999999997,309.11800000000005,False,318.69000000000005,321.534,False,50.0,-0.07320015533391087,0.6833382904552999,0.3050690675606945,1.006781640855114,0.7867737091792403,0.001246070718742942,1.9998554168449632,0.6255548497481593,-0.35,30,-0.3187620354576394,-0.3016284598030072,-0.3101952476303233,1.1009628640635276,0.75804785204406,0.016058446538336435,1.9988881434476384,-0.04034982168403872,-0.38333333333333336,85.0,0.3276621926053801,0.04198371285515512,0.1848229527302676,0.830168415760467,0.7122451274089249,9.125708376722663e-05,1.9894098229467692,-0.02258142298803459,0.2833333333333333
V00_S1295_I00000282,P1122,P0518,P1122,P0518,P1122,28,31,3,,,False,43.761999999999944,44.14200000000005,False,,,,,,,,,,,90,0.07339389071579877,-0.48534407282834885,-0.20597509105627504,1.241608902138857,0.7522295568401101,0.0052944733702621205,1.9999833794447164,-0.5157314583552006,-0.06666666666666667,11.0,-0.5450417982586168,-0.4309034290618957,-0.48797261366025624,1.9965270075107122,0.0032307325010142362,1.9903907422478189,1.9999967886734342,-0.5603009155512566,-0.05
V00_S1295_I00000282,P1122,P0518,P1122,P0518,P1122,80,85,5,71.57000000000005,71.918,False,93.52200000000005,94.95799999999997,False,11.0,-0.803462946219275,0.2918223851549845,-0.2558202805321453,1.6834463166596931,0.33034543927135696,1.017730724233185,1.999828902542487,-0.16419448302764297,-0.03333333333333333,150,0.3531571810319471,0.5381927093310496,0.4456749451814983,0.814558678375105,0.7571776672735501,0.001009527827840917,1.9999959934919935,0.08146135569155169,-1.0,43.0,0.20148837566526345,0.04658571249911212,0.12403704408218778,0.7722717541308318,0.7897799546338401,3.1208249166025936e-06,1.9982024474342128,0.027404663207642455,0.19999999999999998
V00_S1295_I00000282,P0518,P1122,P1122,P0518,P1122,95,96,1,71.79399999999998,94.83000000000004,False,95.21799999999996,97.99800000000005,True,691.0,0.10045509651049102,0.026623913302771394,0.06353950490663121,1.044712161454892,0.7973152702650924,7.998341322590363e-09,1.9999995651676374,-0.05336025412333888,0.0,30,-0.19787772836587192,0.23803581557346262,0.020079043603795352,1.2159895706253652,0.76750948223899,0.006504787514927224,1.9945772861956543,-0.057482276535748,0.2833333333333333,83.0,0.026578896275259306,0.3352494490839161,0.1809141726795877,1.577580983176746,0.603587741337038,0.006504787514927224,1.9999352097741405,-0.07572161666093966,-1.3833333333333333
V00_S1295_I00000282,P0518,P1122,P1122,P0518,P1122,153,158,5,151.442,169.80600000000004,True,151.442,169.80600000000004,True,551.0,0.053820650370182105,0.37397745705434715,0.21389905371226464,1.1084022366461614,0.8410772270802571,2.1718795433223193e-06,1.9999969457001519,0.26139007979655887,-0.7,150,-0.018647478502681773,0.5279790145013807,0.2546657679993495,1.0228270868906404,0.8505689431477134,0.003952248016607984,1.999957175883441,0.5507940953720096,-0.6833333333333333,551.0,0.053820650370182105,0.37397745705434715,0.21389905371226464,1.1084022366461614,0.8410772270802571,2.1718795433223193e-06,1.9999969457001519,0.26139007979655887,-0.7
V00_S1295_I00000282,P1122,P0518,P1122,P0518,P1122,174,178,4,170.45000000000005,174.63800000000003,True,176.81799999999998,178.31799999999998,True,125.0,-0.3804835849333472,0.21022010223720744,-0.08513174134806989,1.4218428971419357,0.5682477870047395,0.02684766225916213,1.9999992896707535,0.5197982013395174,-0.8666666666666666,120,-0.19165536569597774,0.004663051008384373,-0.09349615734379668,1.220022174789319,0.73577148971195,3.890364192693507e-05,1.9998571481261895,0.01808453744050817,-0.4166666666666667,45.0,-0.09233613802359764,0.705321874080646,0.30649286802852416,1.4476758307807744,0.7645178006979012,0.00036087832539799525,1.9999137582735016,0.1757541260151954,0.3
V00_S1295_I00000282,P0518,P1122,P1122,P0518,P1122,198,202,4,178.13,210.51,True,178.13,210.51,True,971.0,0.049308472868410946,0.10820911467168266,0.0787587937700468,1.0307253401941097,0.7584078951012589,6.55334465804458e-07,1.99999949010568,0.14867874916010096,-0.25,120,0.22695929654503583,0.3153833867978911,0.27117134167146345,0.9673181500969066,0.7440335189928143,7.072480368019995e-07,1.9998437287390987,0.4302943904745796,-0.1,971.0,0.049308472868410946,0.10820911467168266,0.0787587937700468,1.0307253401941097,0.7584078951012589,6.55334465804458e-07,1.99999949010568,0.14867874916010096,-0.25
V00_S1295_I00000282,P1122,P0518,P1122,P0518,P1122,233,234,1,221.33000000000004,222.63800000000003,False,234.16200000000003,236.04600000000005,False,39.0,-0.0444461342122035,0.11496430269377511,0.035259084240785804,0.5194157174293821,0.4735901282218944,0.02956037044949189,1.998188481629209,-0.10607151763064662,0.41666666666666663,30,0.5788265492367011,-0.0454678736724454,0.2666793377821278,0.6770132858241206,0.6376934656566483,5.27870196189717e-05,1.9956829276453676,0.609014037555578,0.13333333333333333,56.0,0.4962818621503095,-0.5238715479810608,-0.013794842915375666,0.7316801921513213,0.627276274446083,0.011347489155147383,1.9980827730175363,-0.011362528858861631,-0.09999999999999999
V00_S1295_I00000282,P0518,P1122,P1122,P0518,P1122,270,277,7,264.30600000000004,268.33399999999995,False,272.21000000000004,290.95799999999997,True,121.0,-0.19488563638884834,-0.10810798041692356,-0.15149680840288596,0.8507066468795534,0.9004129687896731,3.098981951010771e-05,1.9994413656825811,-0.4487486289300208,-0.41666666666666663,210,-0.19710050203853582,-0.09070213209473196,-0.1439013170666339,1.0643478578320509,0.8213015400220068,3.3682586442318474e-05,1.9999999984784869,-0.06427537402632183,0.7666666666666666,563.0,-0.1930619898755294,0.07567305173459132,-0.05869446907046903,1.2428182735192206,0.7872118590567213,3.3682586442318474e-05,1.9999991898630018,0.010606612993509512,0.0
V00_S1295_I00000282,P0518,P1122,P1122,P0518,P1122,294,295,1,291.922,313.582,True,291.922,313.582,True,649.0,0.2629984122762778,0.07498284845661757,0.16899063036644768,0.9716324258369843,0.8182411547589737,7.585831662826337e-07,1.9999999699263733,0.010882841835581358,-0.2833333333333333,30,,,,,,,,,,649.0,0.2629984122762778,0.07498284845661757,0.16899063036644768,0.9716324258369843,0.8182411547589737,7.585831662826337e-07,1.9999999699263733,0.010882841835581358,-0.2833333333333333
V00_S1295_I00000282,P1122,P0518,P1122,P0518,P1122,294,295,1,293.298,294.414,True,298.54600000000005,299.63,False,33.0,0.10980789407857504,0.49470068836651593,0.3022542912225455,1.3057101679953467,0.6205721508663015,0.008261427888341721,1.96879714271281,0.14111600106152133,0.06666666666666667,30,,,,,,,,,,33.0,0.6120282592687567,-0.5718924687211397,0.020067895273808478,0.5406681290409229,0.6707849540836923,0.0001829205416765678,1.9977624079976257,0.03989574338075902,0.016666666666666666
V00_S1295_I00000282,P0518,P1122,P0518,P0518,P1122,348,356,8,347.37800000000004,349.35799999999995,True,355.57000000000005,356.462,True,60.0,,,,,,,,,,240,-0.004736962840064446,0.09087789336641412,0.04307046526317484,1.0989923813536484,0.6069824372295914,0.00017463817332963316,1.9978570408716854,-0.5188000117603907,0.2833333333333333,27.0,0.4420781605212891,0.4422344677928611,0.4421563141570751,1.092126731190713,0.46620928308825693,0.14649108087579388,1.9967612263557617,0.06559795578037148,-0.16666666666666669
V00_S1295_I00000282,P0518,P1122,P0518,P0518,P1122,400,401,1,396.78599999999994,397.83799999999997,False,400.11400000000003,404.0139999999999,True,31.0,-0.23576837929903588,0.23137481804117804,-0.0021967806289289182,1.751105767533074,0.47952948345916596,0.20004797722789047,1.9999881762748177,-0.4221230574103823,0.48333333333333334,30,,,,,,,,,,117.0,,,,,,,,,
V00_S1295_I00000286,P0518,P1122,P1122,P0518,P1122,68,69,1,27.13799999999992,73.56600000000003,True,27.13799999999992,73.56600000000003,True,1393.0,0.08297164784068882,-0.050445160711468096,0.016263243564610362,0.9862791076932801,0.7426796362569624,2.5488758731428973e-06,1.9999999277141045,0.0670214060493633,-1.1166666666666667,30,-0.07348637696706588,-0.28538931347802726,-0.17943784522254658,0.47138092504368245,0.6501266387417287,0.00014142356252888622,1.9732959638448226,-0.08987163574651116,-0.06666666666666667,1393.0,0.08297164784068882,-0.050445160711468096,0.016263243564610362,0.9862791076932801,0.7426796362569624,2.5488758731428973e-06,1.9999999277141045,0.0670214060493633,-1.1166666666666667
V00_S1295_I00000286,P0518,P1122,P1122,P0518,P1122,89,92,3,82.72199999999998,90.94200000000001,True,91.202,97.98199999999997,True,246.0,-0.05612680506326763,0.30947966396991017,0.12667642945332128,0.814075546020663,0.7441212792232914,0.00015347080073302433,1.9999368252898864,0.2953990701394821,-0.5833333333333334,90,0.6189864064262008,0.5618315437285885,0.5904089750773946,0.9464224049094074,0.8575181118548751,0.0011245630449568944,1.9999368252898864,0.6330000887349455,0.06666666666666667,203.0,0.36500230953170165,-0.2769402857894318,0.04403101187113492,0.8008221433552571,0.8065048411644185,3.830529898829482e-07,1.9996475257212105,-0.0014232032677075346,-0.1
V00_S1295_I00000286,P0518,P1122,P1122,P0518,P1122,143,145,2,122.91399999999999,148.73399999999992,True,122.91399999999999,148.73399999999992,True,775.0,0.041268703631299884,0.08924947468769104,0.06525908915949546,0.6896761515510635,0.6865339561551698,1.8473716090205983e-07,1.999986874854724,0.30764742410984275,0.09999999999999998,60,-0.1290399524742203,-0.08516184778220466,-0.10710090012821247,0.5005028348793944,0.4673291626938323,0.011455789473439837,1.9772037548955153,0.453517955128921,1.0333333333333334,775.0,0.041268703631299884,0.08924947468769104,0.06525908915949546,0.6896761515510635,0.6865339561551698,1.8473716090205983e-07,1.999986874854724,0.30764742410984275,0.09999999999999998
V00_S1295_I00000286,P1122,P0518,P1122,P0518,P1122,147,151,4,122.4659999999999,123.26199999999994,False,157.346,158.462,False,24.0,-0.2017430751139467,0.5892920976676498,0.19377451127685152,0.6153876164601244,0.6415755584562998,0.0045347329516731705,1.999986874854724,0.5857788891947187,0.05,120,-0.21598834302166067,0.32627025823370903,0.05514095760602418,1.262910186262421,0.7323723742477287,0.0025804278447661977,1.999562703545267,0.3238401303156422,0.06666666666666665,34.0,0.00578713079595315,-0.16689455280545562,-0.08055371100475124,1.2419234659653078,0.7630237678565671,0.0021795774711386162,1.9998065283068842,-0.000496304658938046,-0.7333333333333333
V00_S1295_I00000286,P1122,P0518,P1122,P0518,P1122,226,227,1,225.28199999999993,225.66200000000003,False,234.0820000000001,234.52600000000007,False,12.0,0.28805982778577305,-0.3720959483849988,-0.042018060299612886,0.8674310422566648,0.7324831450825326,0.026350903047683616,1.9457264677799442,0.5041384956757886,-0.16666666666666666,30,,,,,,,,,,14.0,-0.30066597206406953,0.3359799851022916,0.017657006519111035,0.604630526725264,0.6904317416264669,2.9249479145398993e-06,1.9064221245512207,0.6938308472579311,0.1
V00_S1295_I00000286,P0518,P1122,P0518,P0518,P1122,374,375,1,368.962,369.59799999999996,False,374.4659999999999,375.74199999999996,True,19.0,-0.08716670516581261,-0.15974475974322036,-0.12345573245451649,0.9133249328338697,0.7662546628672792,0.0006844493989007772,1.9999983570284008,0.5288388579818917,0.31666666666666665,30,,,,,,,,,,38.0,,,,,,,,,
V00_S1295_I00000286,P1122,P0518,P1122,P0518,P1122,394,395,1,390.01800000000003,394.33400000000006,True,394.7539999999999,396.894,True,129.0,0.39042700588614926,-0.5854413456418401,-0.09750716987784544,0.7979437140976682,0.757722086573413,0.0002940692756420171,1.9998713396498495,-0.0872798404204721,0.13333333333333336,30,0.050802331156798525,0.08377551294566106,0.0672889220512298,0.8829463543222712,0.8842259014890367,0.0014951242382431618,1.9999965819488996,-0.07872184925360348,-0.19999999999999998,64.0,0.18078026916240905,0.39698179304021963,0.28888103110131436,0.703647403875096,0.5798930534540763,0.0014951242382431618,1.9998025976393303,0.4133400178663917,-0.11666666666666667
V00_S1295_I00000286,P0518,P1122,P0518,P0518,P1122,409,412,3,408.16200000000003,408.798,False,416.0340000000001,416.4459999999999,False,19.0,-0.26766626138230126,-0.24640051664523888,-0.25703338901377004,0.7203788890430304,0.7359036367502516,6.734107472228246e-05,1.8337550521880233,0.5925868293500944,-0.25,90,-0.05673612474788255,-0.3627879040944137,-0.2097620144211481,0.48302332683160737,0.5044754563346648,0.0004251759543476563,1.5380799549799702,0.6964983789713897,1.7666666666666666,12.0,,,,,,,,,
V00_S1295_I00000286,P1122,P0518,P1122,P0518,P1122,433,436,3,432.09799999999996,434.846,True,438.914,439.54999999999995,False,82.0,,,,,,,,,,90,,,,,,,,,,19.0,,,,,,,,,
V00_S1295_I00000286,P1122,P0518,P0518,P0518,P1122,477,480,3,473.25,478.27,True,479.1700000000001,485.85400000000004,True,150.0,,,,,,,,,,90,,,,,,,,,,201.0,-0.03544552183200541,-0.03841986125191933,-0.03693269154196237,1.1740143278182402,0.8380007482976942,6.215931518838147e-06,1.9983624064269239,0.03553219957657952,0.2666666666666667
V00_S1295_I00000287,P1122,P0518,P1122,P0518,P1122,20,22,2,,,False,28.833999999999833,29.789999999999964,False,,,,,,,,,,,60,0.5397135520142102,0.22741178330031425,0.3835626676572622,0.6595640379935855,0.8111406889083385,3.6540781652716348e-06,1.990598291294793,0.029216159250931184,0.08333333333333333,29.0,0.2411540847011626,-0.06394394250229819,0.08860507109943219,0.8007891999854531,0.6624021156392215,0.021964188164358633,1.9927627349780617,0.4893415564178011,0.21666666666666665
V00_S1295_I00000287,P1122,P0518,P1122,P0518,P1122,48,50,2,28.833999999999833,29.789999999999964,False,53.66600000000017,54.04599999999982,False,29.0,0.2411540847011626,-0.06394394250229819,0.08860507109943219,0.8007891999854531,0.6624021156392215,0.021964188164358633,1.9927627349780617,0.4893415564178011,0.21666666666666665,60,0.3130584330298812,-0.027410051961183023,0.14282419053434908,0.08533559127593952,0.06017011948667934,4.8923936180500505e-05,0.24122512974630594,0.5303901951742775,0.3,11.0,-0.5054010783933442,0.21408166134875714,-0.14565970852229354,0.440861821258356,0.379076126024997,0.0004578225553418802,1.0940865005005094,-0.5345467589440331,0.08333333333333334
V00_S1295_I00000287,P1122,P0518,P1122,P0518,P1122,100,103,3,94.21000000000004,94.71799999999985,False,101.63400000000001,104.44599999999991,True,16.0,-0.32666536828683335,0.49162878189954606,0.08248170680635636,0.506883442550004,0.830030083088083,6.213450998404646e-05,1.9999636691779572,0.040603941525701015,-0.016666666666666666,90,-0.2848165631710168,0.06829482183946867,-0.10826087066577406,0.3379071178514063,0.5883022216346322,2.328305667631536e-05,1.9945372336435578,-0.4453077192384665,-0.9833333333333334,84.0,-0.009394625235584531,0.09123989921400741,0.04092263698921144,0.6350981262193222,0.7762946615055862,3.9373810667431286e-07,1.9975314907627815,-0.37695554780955304,0.39999999999999997
V00_S1295_I00000287,P0518,P1122,P1122,P0518,P1122,145,146,1,141.154,146.49400000000014,True,141.154,146.49400000000014,True,160.0,-0.575585414703427,0.298444976321802,-0.13857021919081247,1.0499982688427196,0.807126203111259,0.055174907611667434,1.99981160008039,-0.5529647121480199,-0.4666666666666667,30,-0.5807490435469572,-0.1372866762799957,-0.35901785991347646,1.650638827442702,0.5151157696043049,0.07201323604719612,1.9843196479129999,-0.5754414557785869,-0.21666666666666667,160.0,-0.575585414703427,0.298444976321802,-0.13857021919081247,1.0499982688427196,0.807126203111259,0.055174907611667434,1.99981160008039,-0.5529647121480199,-0.4666666666666667
V00_S1295_I00000287,P1122,P0518,P1122,P0518,P1122,151,154,3,147.42599999999993,149.21399999999994,False,159.20200000000023,162.04599999999982,False,53.0,0.10528712599320372,0.6052887343937841,0.3552879301934939,1.00323945020276,0.830263808290218,0.0006267730440533414,1.998547703399856,0.07262178817624121,0.0,90,-0.025957394009604937,0.16128168194062312,0.0676621439655091,1.1352421916390272,0.5749711632993135,0.09757467458539915,1.9996532416299444,0.10328542010717588,-0.13333333333333336,85.0,-0.009272495044904383,0.05181367735747552,0.021270591156285566,0.37841026220424595,0.4875280064061699,0.0002598091163026339,1.9999942543482954,0.05385757988958756,-1.1
V00_S1295_I00000287,P1122,P0518,P1122,P0518,P1122,210,212,2,201.442,202.942,False,213.98599999999988,216.92599999999993,False,45.0,0.1313664057919558,0.2641114963114816,0.1977389510517187,0.2382907271389514,0.2790448112624707,0.002023504398138587,1.467932357195221,0.009380658622212046,-0.6166666666666667,60,0.4790482328235904,0.36549421434081586,0.42227122358220315,0.8683738069300044,0.6865006534687678,0.11648703852476772,1.9999910106282248,-0.0059476546505154715,-0.5333333333333333,88.0,-0.19844333411989756,0.4144181975093951,0.10798743169474878,0.4663952358802122,0.6094155285723712,0.0031040282877091707,1.9892345495005521,-0.005031518481817848,0.2833333333333333
V00_S1295_I00000287,P0518,P1122,P1122,P0518,P1122,227,229,2,216.64199999999983,230.07799999999997,True,216.64199999999983,230.07799999999997,True,403.0,0.00019916531820202715,0.1559237579415547,0.07806146162987836,0.6878047431487988,0.6138704608343418,2.990667880564679e-06,1.9999922686286982,0.09281220040389224,1.4666666666666668,60,0.04783191719323867,-0.14358600326790938,-0.04787704303733535,0.6004827790726391,0.5782773843097643,0.0012275472981596591,1.9701508594320816,0.00488402952317829,0.9333333333333333,403.0,0.00019916531820202715,0.1559237579415547,0.07806146162987836,0.6878047431487988,0.6138704608343418,2.990667880564679e-06,1.9999922686286982,0.09281220040389224,1.4666666666666668
V00_S1295_I00000297,P1122,P0518,P0518,P0518,P1122,28,32,4,16.641999999999825,27.389999999999873,False,28.034000000000106,92.57400000000007,True,323.0,0.017483376405800253,-0.14840914600103963,-0.06546288479761969,0.4762444863949748,0.7022551537809338,1.0804839400968547e-07,1.9982901917423916,-0.3156506070672709,-1.6666666666666665,120,-0.11182337090558567,-0.11138285173059066,-0.11160311131808817,1.1742928604629197,0.8553186922743273,0.00011608081166292195,1.9999349346168598,0.02404039522234644,-0.04999999999999999,1936.0,-0.042731879277491114,0.08570714420959621,0.02148763246605255,0.627429819926413,0.8153276878732226,1.5419965804230884e-07,1.9999975241144343,-0.14375570295989276,1.5833333333333333
V00_S1295_I00000297,P0518,P1122,P0518,P0518,P1122,89,93,4,52.41800000000012,53.021999999999935,False,92.70600000000013,95.19799999999987,True,18.0,-0.5471020400826231,0.03757928006744983,-0.25476138000758664,1.6885562405823547,0.4890563683514845,0.316515056330267,1.9612820644046536,0.041606408402191486,-0.1,120,-0.10692529445421634,0.39067344967092,0.14187407760835183,0.6720696073319249,0.8131222793217644,0.00013956390061609092,1.9993551971996997,0.2151972870680053,1.1833333333333333,75.0,-0.15718455161174888,-0.25070611150602634,-0.2039453315588876,0.8853638144461244,0.9373510102209567,9.47129452261164e-05,1.9999870607862285,0.4319975893037863,0.05000000000000002
V00_S1295_I00000297,P0518,P1122,P1122,P0518,P1122,194,197,3,187.39399999999978,187.7739999999999,False,195.8420000000001,197.21399999999994,True,11.0,-0.8501373763077111,-0.9551183407292979,-0.9026278585185046,0.016764133265349625,0.02065525044767561,0.000630424514164063,0.0674360919406577,-0.9222212624383896,-0.016666666666666666,90,-0.050124338001730155,0.3290032209261672,0.1394394414622185,0.5347441487990299,0.6230278913374814,5.79096260278078e-07,1.9853731594739927,0.36421362498826676,-0.8666666666666667,41.0,-0.14021300278793483,-0.12948288511647507,-0.13484794395220495,0.8978005755670738,0.8122862654490213,6.358965680819395e-05,1.9853731594739927,-0.49275024946291013,-0.5666666666666667
V00_S1295_I00000297,P1122,P0518,P0518,P0518,P1122,253,270,17,246.8499999999999,271.4540000000002,True,246.8499999999999,271.4540000000002,True,739.0,0.13866281781107068,0.38383992923539273,0.2612513735232317,0.604803708862287,0.7129465542289999,2.645265351208792e-08,1.9999941820877971,0.35714778212042575,-0.16666666666666666,510,0.10875013801863735,0.5246926832170813,0.3167214106178593,0.5493720289608448,0.6829666404579737,2.645265351208792e-08,1.9999934166670834,0.3675113099977362,0.5833333333333333,739.0,0.13866281781107068,0.38383992923539273,0.2612513735232317,0.604803708862287,0.7129465542289999,2.645265351208792e-08,1.9999941820877971,0.35714778212042575,-0.16666666666666666
V00_S1295_I00000297,P0518,P1122,P0518,P0518,P1122,331,333,2,295.8739999999998,296.38200000000006,False,331.2020000000002,334.1419999999998,True,15.0,0.30612662624907366,-0.015899314812529857,0.1451136557182719,0.495034390128195,0.709156002682359,0.019241032443825357,1.7562079580221983,-0.05127059401426293,-0.18333333333333335,60,-0.165866744107477,0.4077164216290144,0.12092483876076869,0.3258583460441866,0.1349003560342813,0.05434208428625509,0.6595614106468615,0.4970689643033683,-0.55,88.0,-0.506671772606537,0.27865962612916473,-0.11400607323868611,0.2678487006871996,0.2901063575428819,4.107629387728462e-05,1.9780632462721095,0.0040305899684289215,-1.1
V00_S1295_I00000298,P1122,P0518,P1122,P0518,P1122,15,17,2,4.657999999999902,5.166000000000167,False,19.18600000000015,21.58199999999988,False,15.0,-0.29694920711065764,0.42172809927303834,0.06238944608119035,1.830346771197688,0.46658144814424923,0.088694638697144,1.998572734353559,0.5760171398336749,0.06666666666666667,60,0.18568795584521078,0.044500424503020906,0.11509419017411585,1.4537081673466232,0.6847833129857802,0.000811260294513394,1.9999970941257805,-0.05700590088157553,0.6166666666666667,71.0,,,,,,,,,
V00_S1295_I00000298,P0518,P1122,P1122,P0518,P1122,48,50,2,43.31399999999985,49.965999999999894,True,50.48199999999997,70.95800000000008,False,200.0,0.10524809473144035,0.3575110116641535,0.23137955319779693,0.869640914351778,0.8597219160761755,0.0006366855659744042,1.9999174680417422,0.04166943309205806,0.95,60,0.3363332196523853,0.30834580479810875,0.32233951222524704,0.04796751892452343,0.04186186080385616,0.0006366855659744042,0.21970401819748764,0.5139492506886434,0.05,615.0,0.05617148192121533,-0.3997395000761332,-0.17178400907745892,1.5303524732443508,0.7168616792623386,8.930481455782235e-06,1.9999933977872075,-0.30200289578009365,0.6166666666666667
V00_S1295_I00000298,P1122,P0518,P0518,P0518,P1122,84,85,1,82.76999999999998,84.39800000000014,True,85.29799999999977,87.59799999999996,False,49.0,0.022993291895941202,-0.19473015754583428,-0.08586843282494654,0.5055253232303724,0.6775985003731129,0.001282972198827892,1.9981224092421221,-0.09518388943938236,-0.5333333333333333,30,-0.6542838046392735,-0.1851760064398426,-0.419729905539558,0.4839823967737519,0.7353580746578979,0.001282972198827892,1.9994988518435521,-0.13184453876231203,-0.2833333333333333,69.0,0.4503758133523252,0.5424297108687565,0.4964027621105408,0.5725688225854585,0.5567679673304305,0.033763158798841286,1.6822465516739267,0.5517640222413978,-0.11666666666666667
V00_S1295_I00000298,P0518,P1122,P1122,P0518,P1122,90,93,3,86.64199999999983,88.14199999999983,False,91.82600000000002,96.55799999999999,True,45.0,,,,,,,,,,90,0.14541256385968462,0.20802795624341427,0.17672026005154945,1.3170299845985587,0.6925905799608404,0.0001250188140448083,1.99864573128569,0.11344869312999278,-0.7666666666666666,142.0,-0.5969291861900915,0.2228816591123565,-0.18702376353886752,1.3641733036195751,0.7403000458313612,1.0952226581206759e-07,1.9999807269175784,-0.6590694822160699,-0.45
V00_S1295_I00000298,P0518,P1122,P1122,P0518,P1122,131,133,2,129.45800000000008,135.30999999999995,True,129.45800000000008,135.30999999999995,True,175.0,0.1549923590822468,0.278876542428205,0.21693445075522588,0.9434177632419343,0.8062596143017535,0.00035063605480045723,1.9999897285070278,-0.009762864835784202,0.15,60,,,,,,,,,,175.0,0.1549923590822468,0.278876542428205,0.21693445075522588,0.9434177632419343,0.8062596143017535,0.00035063605480045723,1.9999897285070278,-0.009762864835784202,0.15
V00_S1295_I00000298,P1122,P0518,P1122,P0518,P1122,131,133,2,128.2420000000002,129.9659999999999,False,134.962,136.97400000000016,False,52.0,-0.23056984840937966,0.012018908906533727,-0.10927546975142297,0.5219480117772591,0.6029765850565878,0.001972470818318417,1.9650706626063374,0.0224412283105537,-0.25,60,,,,,,,,,,60.0,0.06969383269927149,0.06112607131694158,0.06540995200810654,1.3234459293368668,0.7373685029836394,0.038660318789715875,1.9999897285070278,0.20717277851426968,-0.4666666666666667
V00_S1295_I00000298,P1122,P0518,P0518,P0518,P1122,192,201,9,184.14600000000019,184.78200000000015,False,192.3380000000002,201.29399999999987,True,19.0,-0.25985595882339807,0.4811144884406531,0.1106292648086275,0.6465667340522807,0.9168639206664555,1.7197879214059242e-06,1.9998849761208675,-0.4356554845801459,-0.08333333333333334,270,-0.05419990083339824,-0.014415108844756564,-0.0343075048390774,0.9437603142129802,0.8103477859924656,1.2190770562137132e-05,1.9999951713462776,0.06930483664446323,-1.1333333333333333,269.0,-0.023698803288094466,-0.010677683833672381,-0.017188243560883422,0.9621600616161315,0.8101509920317426,1.2190770562137132e-05,1.9999951713462776,0.08233103981478755,-1.1333333333333333
V00_S1297_I00000197,P1019,P1123,P1123,P1019,P1123,10,12,2,0.0,30.413999999999987,True,0.0,30.413999999999987,True,912.0,0.004673293715401984,0.2313596544163239,0.11801647406586294,1.2844057961506348,0.5566964950497063,0.00012209316757150201,1.9999898670813372,0.16277497592038812,-0.3333333333333333,60,-0.07706591934715937,-0.1652304067983863,-0.12114816307277283,1.2588815526368056,0.604766102233489,0.03293188118271162,1.9995425524056958,0.057010912500887356,-0.26666666666666666,912.0,0.004673293715401984,0.2313596544163239,0.11801647406586294,1.2844057961506348,0.5566964950497063,0.00012209316757150201,1.9999898670813372,0.16277497592038812,-0.3333333333333333
V00_S1297_I00000197,P1019,P1123,P1123,P1019,P1123,30,32,2,0.0,30.413999999999987,True,30.833999999999946,51.75800000000004,True,912.0,0.004673293715401984,0.2313596544163239,0.11801647406586294,1.2844057961506348,0.5566964950497063,0.00012209316757150201,1.9999898670813372,0.16277497592038812,-0.3333333333333333,60,-0.17384062933071087,0.038106275376078115,-0.06786717697731638,1.2993568076883935,0.7450966614769313,0.0018073050535960533,1.9999742781414522,0.0007521908636563823,-0.31666666666666665,628.0,0.06241809743071973,0.2616031152555278,0.16201060634312378,0.9037045304615746,0.6725870968757626,3.6192036700910535e-07,1.999983124505227,0.21497660936754515,-0.16666666666666666
V00_S1297_I00000197,P1019,P1123,P1123,P1019,P1123,50,52,2,30.833999999999946,51.75800000000004,True,53.809999999999945,62.285999999999945,False,628.0,0.06241809743071973,0.2616031152555278,0.16201060634312378,0.9037045304615746,0.6725870968757626,3.6192036700910535e-07,1.999983124505227,0.21497660936754515,-0.16666666666666666,60,-0.24644702689355444,0.1386768727846722,-0.05388507705444112,1.4419947043961998,0.5369822416676785,0.08714918409895744,1.9999089732457844,-0.3871163254427458,-0.8166666666666667,255.0,0.023891821049333573,-0.2723576435575371,-0.12423291125410177,0.5609358499586875,0.5507628197023897,5.131239544020616e-05,1.9938343996187773,-0.05285149588588556,-0.23333333333333334
V00_S1297_I00000197,P1019,P1123,P1123,P1019,P1123,92,94,2,62.450000000000045,94.54200000000003,True,62.450000000000045,94.54200000000003,True,962.0,0.08461470459720588,-0.047704915637922236,0.018454894479641822,0.946235375849035,0.6267740912968962,4.775111377897101e-05,1.999990363500896,0.17229593210357236,-0.9833333333333333,60,0.1994227293128906,0.1893500431922725,0.19438638625258153,1.4292101376791504,0.32783105719180405,0.46505002103885573,1.999869295900202,0.032776391823529705,0.95,962.0,0.08461470459720588,-0.047704915637922236,0.018454894479641822,0.946235375849035,0.6267740912968962,4.775111377897101e-05,1.999990363500896,0.17229593210357236,-0.9833333333333333
V00_S1297_I00000197,P1123,P1019,P1019,P1019,P1123,146,148,2,112.01800000000003,197.35799999999995,True,112.01800000000003,197.35799999999995,True,2560.0,0.003970717436888571,0.019580463676089087,0.01177559055648883,1.074283295303807,0.6825526017331861,6.267819927519014e-07,1.9999999988569677,0.13779676812149239,1.2333333333333334,60,-0.37086850027269413,0.2703394753943325,-0.050264512439180814,1.0985064206615456,0.8139018563113934,0.06609534842688047,1.9999999988569677,-0.5349908268475878,-0.49999999999999994,2560.0,0.003970717436888571,0.019580463676089087,0.01177559055648883,1.074283295303807,0.6825526017331861,6.267819927519014e-07,1.9999999988569677,0.13779676812149239,1.2333333333333334
V00_S1297_I00000197,P1123,P1019,P1019,P1019,P1123,203,206,3,199.41000000000008,209.13400000000001,True,199.41000000000008,209.13400000000001,True,292.0,-0.04975978892073915,0.08279386790456082,0.016517039491910836,0.8282405227736137,0.7643794397638856,3.0287608021595247e-07,1.9999571618836764,0.23402300933202827,-1.0333333333333332,90,-0.06038594041604605,-0.17352890695398945,-0.11695742368501776,0.8738486964946475,0.5483013023417163,0.00012106566513236938,1.905436241772497,-0.3875073001753452,-0.6000000000000001,292.0,-0.04975978892073915,0.08279386790456082,0.016517039491910836,0.8282405227736137,0.7643794397638856,3.0287608021595247e-07,1.9999571618836764,0.23402300933202827,-1.0333333333333332
V00_S1297_I00000200,P1123,P1019,P1019,P1019,P1123,31,35,4,26.32199999999989,31.501999999999953,True,32.14599999999996,56.75,True,155.0,0.4008065755097751,0.4140130080121922,0.4074097917609837,1.2804973325401743,0.5885794644517617,0.20837366022155646,1.999997451525163,0.45752120730008905,-0.6166666666666667,120,0.1631642643385647,-0.04066814326228451,0.061248060538140095,1.2391101864887117,0.6397228932330182,0.00010656609162063013,1.9993086757432499,-0.028083604541259577,0.06666666666666665,738.0,0.08375010285180617,0.06024327425487545,0.0719966885533408,1.374026520149291,0.5663094294784875,3.318029081778029e-05,1.999999943798676,-0.05772800618503983,-0.7
V00_S1297_I00000200,P1019,P1123,P1123,P1019,P1123,61,62,1,58.48199999999997,61.549999999999955,True,64.30600000000004,65.03800000000001,False,92.0,0.2307307572538873,-0.16742353611099298,0.031653610571447166,1.2460466810235733,0.5974118446319601,0.030012120320338953,1.9995521352100265,-0.009576243189903577,-1.4,30,0.20048564472432298,0.46931997281798166,0.3349028087711523,0.6523603034790154,0.4783890457400429,0.0027982779422601745,1.4631099443887667,0.02416390085270259,0.3333333333333333,22.0,0.08323326059777866,0.06878887434074224,0.07601106746926045,0.4391570211811859,0.46254026020141864,0.0018369288069732814,1.3947038841340587,-0.4783111346095436,-0.06666666666666667
V00_S1297_I00000200,P1019,P1123,P1123,P1019,P1123,72,73,1,67.02600000000007,67.82199999999989,False,72.30600000000004,75.11799999999994,True,24.0,0.4054057606382639,-0.29573885527462573,0.05483345268181908,1.6399994349021292,0.6190855827089485,0.053160063614543396,1.999601126939313,0.6173042083812703,0.35,30,0.27045536850041674,0.4017706759671387,0.3361130222337777,0.33084823106642597,0.43224140709771997,0.002077804525205562,1.7434869550490175,0.4583188209493777,0.03333333333333333,85.0,0.08683051099470512,-0.061060081271226356,0.012885214861739384,0.8230534128328765,0.6719418434703198,2.819487550986821e-06,1.9844177173830222,-0.08010762735523115,0.6833333333333333
V00_S1297_I00000200,P1019,P1123,P1019,P1019,P1123,79,81,2,75.37799999999993,76.71800000000007,False,80.49800000000005,81.61400000000003,True,41.0,0.30561868879391946,0.15131643578646056,0.22846756229019,1.0610761209559356,0.7039623981841001,0.003963016429461619,1.999992494865279,0.019152085383043693,-1.0333333333333332,60,-0.30917253954155,0.24739840164472612,-0.030887068948411936,1.3978666405319204,0.627556705322761,0.005794989668083783,1.9989286832663768,-0.049540445798877314,-0.25,33.0,0.0613702373408989,-0.3311241237285031,-0.13487694319380208,1.0263734423904485,0.6608210702086478,0.005794989668083783,1.9980907184756809,-0.06054707369829143,0.8666666666666667
V00_S1297_I00000200,P1019,P1123,P1019,P1019,P1123,118,119,1,116.11400000000003,117.3900000000001,False,118.89799999999991,119.5340000000001,True,39.0,0.23477381304874997,0.4364834792335269,0.33562864614113846,1.0289223077985248,0.7571837288081487,0.025507129398460116,1.9974465717842684,0.6305805447640922,-0.05,30,-0.07001761364519177,0.14177284414076982,0.03587761524778903,1.218145945799101,0.2629157644029249,0.7087238973099783,1.9976412404495667,-0.31957668910692116,-0.5666666666666667,19.0,-0.09283064767762444,0.5249145131891538,0.2160419327557647,1.3226259493127643,0.5204102046280076,0.15499567414282667,1.9995358514130679,-0.03209833865860079,0.09999999999999999
V00_S1297_I00000201,P1019,P1123,P1123,P1019,P1123,11,14,3,2.018000000000029,102.75,True,2.018000000000029,102.75,True,3021.0,0.027408932009650413,-0.07594746290179319,-0.024269265446071386,1.13994056209835,0.690086377900142,9.876028567168404e-07,1.9999996765490744,-0.022031816019380614,0.6666666666666667,90,0.46700496739836334,0.250718744885531,0.35886185614194716,1.2423966491920135,0.5257433167825781,0.02628366942361382,1.9992686643336754,-0.015747945902092164,0.5166666666666666,3021.0,0.027408932009650413,-0.07594746290179319,-0.024269265446071386,1.13994056209835,0.690086377900142,9.876028567168404e-07,1.9999996765490744,-0.022031816019380614,0.6666666666666667
V00_S1297_I00000201,P1019,P1123,P1123,P1019,P1123,100,103,3,2.018000000000029,102.75,True,105.50600000000009,115.26199999999994,False,3021.0,0.027408932009650413,-0.07594746290179319,-0.024269265446071386,1.13994056209835,0.690086377900142,9.876028567168404e-07,1.9999996765490744,-0.022031816019380614,0.6666666666666667,90,0.48207070897813964,-0.6309922623661152,-0.07446077669398776,1.3346859223370284,0.47098666599371436,0.022419227465171332,1.99947309891045,-0.08286347762670093,0.13333333333333333,293.0,0.05640303491159837,0.19393751211280916,0.12517027351220378,1.5986436503781654,0.568621277323385,9.117201025587995e-05,1.9999987764960698,0.09811490052737319,1.7166666666666668
V00_S1297_I00000201,P1123,P1019,P1123,P1019,P1123,109,111,2,102.78600000000006,105.47000000000003,False,114.59400000000005,123.77399999999989,False,80.0,-0.12876488031590272,-0.09639088687839405,-0.11257788359714838,1.5779690831063018,0.48359533616333716,0.004306080100691334,1.9997337652428344,0.1637231455989833,-1.4666666666666666,60,0.1823636723312797,0.39828625910282045,0.2903249657170501,1.5641082550104966,0.5716264608291766,9.117201025587995e-05,1.9988539473050146,-0.060686534518052365,0.31666666666666665,275.0,0.15243309913953998,0.188977874876727,0.17070548700813348,1.1166034781815644,0.7480555507965484,0.0002621434684431101,1.9999983043514153,0.32852452872495336,-0.9333333333333333
V00_S1297_I00000202,P1019,P1123,P1123,P1019,P1123,23,27,4,16.642000000000053,41.94999999999982,True,16.642000000000053,41.94999999999982,True,759.0,-0.05554703319550657,0.011654100114258749,-0.02194646654062391,1.259032061079903,0.6757735194436343,2.6390784846230808e-05,1.9999943708200147,-0.021516426447253267,-1.2333333333333334,120,-0.07128327793486748,0.08193938751607548,0.005328054790603998,1.2912946253777058,0.6037352024781386,0.0032100876595817507,1.9999943708200147,-0.4177249228532845,-0.9833333333333334,759.0,-0.05554703319550657,0.011654100114258749,-0.02194646654062391,1.259032061079903,0.6757735194436343,2.6390784846230808e-05,1.9999943708200147,-0.021516426447253267,-1.2333333333333334
V00_S1297_I00000202,P1123,P1019,P1019,P1019,P1123,93,96,3,89.73000000000002,94.75,True,96.41800000000012,96.95800000000008,False,150.0,-0.16167072111409594,-0.32466385387051017,-0.24316728749230304,1.4020538359243193,0.6913851899605336,0.030347272244353518,1.999999875562343,-0.3813101872942386,0.11666666666666667,90,0.1741142336917634,-0.3809426800999746,-0.10341422320410561,1.3008404884617428,0.6821787981316759,0.16254317800363416,1.9999763653746583,-0.47603016646090757,-1.15,16.0,0.29174869321564106,-0.1869176622499881,0.05241551548282648,1.4794456712208441,0.27560804323579186,0.6810570788496806,1.7888989853897583,-0.5596717827416996,0.2
V00_S1297_I00000204,P1123,P1019,P1019,P1019,P1123,6,8,2,0.0,7.677999999999884,True,18.338000000000193,20.445999999999913,False,230.0,-0.2455485165883653,-0.09757184617240137,-0.17156018138038334,1.2364131774705134,0.7086018002736311,0.0020582267722958347,1.9999771201051917,0.3382638396171357,-0.43333333333333335,60,-0.17915604219823067,-0.13940210085956395,-0.1592790715288973,1.5484040454165764,0.6404921244793104,0.06010331991544726,1.9999771201051917,0.46393892547972093,0.9333333333333333,63.0,-0.01464277350251803,0.6895874102688934,0.33747231838318764,1.1035808164398861,0.7610061316399892,0.004099910984265542,1.9999069141757744,0.24839077506005683,-0.36666666666666664
V00_S1297_I00000204,P1019,P1123,P1123,P1019,P1123,27,30,3,20.514000000000124,45.40599999999995,True,20.514000000000124,45.40599999999995,True,747.0,-0.12270986274930872,0.0651430978846505,-0.028783382432329106,1.1419551961467818,0.7988132976852217,5.429372931908816e-06,1.9999997778241654,-0.019222946122158892,-0.09999999999999999,90,0.024749395444054974,0.39300990075109044,0.2088796480975727,1.3477801332994044,0.80535900683009,0.001255934192385899,1.999913956042044,0.4526428586694813,0.6166666666666667,747.0,-0.12270986274930872,0.0651430978846505,-0.028783382432329106,1.1419551961467818,0.7988132976852217,5.429372931908816e-06,1.9999997778241654,-0.019222946122158892,-0.09999999999999999
V00_S1297_I00000204,P1019,P1123,P1123,P1019,P1123,100,103,3,78.91400000000021,118.59000000000015,True,78.91400000000021,118.59000000000015,True,1191.0,0.04551851889640492,-0.037971179747635225,0.003773669574384849,1.0802730119452033,0.7451456629392968,1.2449041225659485e-05,1.9999922251705353,-0.03672266503491763,0.033333333333333326,90,-0.1521777706797787,-0.11330098759377992,-0.1327393791367793,1.3887338187057428,0.6331525819750986,0.0016530738647098087,1.9999054342208704,0.12252741531921618,0.16666666666666666,1191.0,0.04551851889640492,-0.037971179747635225,0.003773669574384849,1.0802730119452033,0.7451456629392968,1.2449041225659485e-05,1.9999922251705353,-0.03672266503491763,0.033333333333333326
V00_S1297_I00000204,P1019,P1123,P1123,P1019,P1123,113,116,3,78.91400000000021,118.59000000000015,True,78.91400000000021,118.59000000000015,True,1191.0,0.04551851889640492,-0.037971179747635225,0.003773669574384849,1.0802730119452033,0.7451456629392968,1.2449041225659485e-05,1.9999922251705353,-0.03672266503491763,0.033333333333333326,90,0.47332014096726055,-0.14139431793582605,0.16596291151571724,0.53931916962823,0.5457408090014391,0.0003352218006075214,1.789424396704778,0.3889107692821704,0.48333333333333334,1191.0,0.04551851889640492,-0.037971179747635225,0.003773669574384849,1.0802730119452033,0.7451456629392968,1.2449041225659485e-05,1.9999922251705353,-0.03672266503491763,0.033333333333333326
V00_S1297_I00000204,P1123,P1019,P1019,P1019,P1123,133,136,3,131.71399999999994,150.49400000000014,True,131.71399999999994,150.49400000000014,True,564.0,0.07425367363821887,-0.14935521033482538,-0.03755076834830325,1.2528948234996387,0.6901114806931378,1.5646011142234073e-07,1.999999999664671,0.011299869855462566,1.6333333333333333,90,0.14869632013547515,-0.45127721724950404,-0.15129044855701446,1.5081991885436332,0.6338036245384548,4.8628374045289746e-05,1.9998459312128993,-0.36375588718446955,-0.7,564.0,0.07425367363821887,-0.14935521033482538,-0.03755076834830325,1.2528948234996387,0.6901114806931378,1.5646011142234073e-07,1.999999999664671,0.011299869855462566,1.6333333333333333
V00_S1297_I00000205,P1123,P1019,P1019,P1019,P1123,63,65,2,7.2020000000002256,64.19000000000005,True,65.50599999999986,87.23000000000002,False,1710.0,0.050004300967259545,-0.05653556633738743,-0.003265632685063944,1.0457353968758087,0.6972765516568336,1.951135567557216e-06,1.999994991554559,0.01832390134063301,0.18333333333333332,60,0.3619511544369528,-0.17068073684913396,0.09563520879390942,0.7104945338670475,0.5516661669096926,9.80504194891818e-06,1.9943298906677516,0.059931098698480234,-0.2833333333333333,652.0,0.0012039250731073602,0.02341696969144455,0.012310447382275956,1.4809387685629856,0.6202014883540994,7.92552980873884e-05,1.999997377427094,0.0011947511312973974,0.1166666666666667
V00_S1297_I00000205,P1019,P1123,P1123,P1019,P1123,91,96,5,87.52199999999993,88.0619999999999,False,94.91400000000021,98.62199999999984,True,16.0,-0.22353886720935734,-0.2616091646108453,-0.24257401591010133,1.0045484039780572,0.7834535761266462,0.01668695041138546,1.9946222415899262,0.04545745819115099,0.03333333333333333,150,-0.24673816222681075,-0.10910897297756278,-0.17792356760218675,1.8010929751821663,0.4373256139958037,0.023950486166023244,1.99999620552299,0.2891625716835849,1.2333333333333334,112.0,0.37903531176508587,-0.3731372624025577,0.0029490246812640952,1.5378721887087408,0.7524030661135577,0.004555500693386949,1.9999998520132474,0.033112499365462345,0.2833333333333333
V00_S1297_I00000205,P1123,P1019,P1123,P1019,P1123,93,98,5,87.8739999999998,91.67799999999988,False,98.33800000000019,100.09400000000005,False,114.0,0.018326444343617954,0.0840564351150727,0.051191439729345325,1.2444187623725422,0.5488409797620701,7.477550889922746e-06,1.999996020774205,0.3430466581172372,-0.1166666666666667,150,0.04028617560498235,-0.44457902286247525,-0.20214642362874646,1.8711150975983522,0.40541635797630177,0.004555500693386949,1.9999998520132474,-0.42533025906581895,-0.7666666666666666,53.0,0.4646919288570988,-0.04759435641689327,0.20854878622010278,1.054579451209311,0.7020758038754239,0.010789698772327494,1.9967619335468396,0.6288663275798567,0.1
V00_S1297_I00000205,P1123,P1019,P1123,P1019,P1123,160,162,2,137.154,159.8380000000002,False,164.0659999999998,175.58199999999988,False,680.0,0.06417696668520555,0.006548464507098636,0.03536271559615209,1.2238140800726343,0.6909389282011785,0.00014153716408871198,1.999997952328533,0.20916426422269857,-0.31666666666666665,60,0.22176307658857292,-0.28241995530892705,-0.030328439360177067,1.2513813335042732,0.5065197555438925,0.023842278825039864,1.96197884827488,0.32530109067239554,0.6666666666666666,345.0,-0.09473605210938199,0.2279504650544712,0.0666072064725446,1.3878360620828543,0.5205998379585436,0.0025025724406080307,1.9999997042267603,0.05385960952820164,0.25
V00_S1297_I00000205,P1019,P1123,P1123,P1019,P1123,162,163,1,160.38599999999997,164.0619999999999,True,160.38599999999997,164.0619999999999,True,110.0,0.37495580613164725,-0.2090652554056117,0.08294527536301778,1.3993271446316697,0.3968367307055106,0.005064748015495502,1.9999700558565578,-0.01084936945443421,0.8166666666666667,30,-0.20101054293440765,0.33648334045673123,0.06773639876116179,1.5259462831111297,0.40932821777310113,0.4791879595123819,1.9999700558565578,-0.03883250838399682,0.05,110.0,0.37495580613164725,-0.2090652554056117,0.08294527536301778,1.3993271446316697,0.3968367307055106,0.005064748015495502,1.9999700558565578,-0.01084936945443421,0.8166666666666667
V00_S1297_I00000205,P1123,P1019,P1019,P1019,P1123,170,173,3,164.0659999999998,175.58199999999988,True,164.0659999999998,175.58199999999988,True,345.0,-0.09473605210938199,0.2279504650544712,0.0666072064725446,1.3878360620828543,0.5205998379585436,0.0025025724406080307,1.9999997042267603,0.05385960952820164,0.25,90,-0.3190779966428383,0.49144015074917513,0.08618107705316841,1.3766910307811904,0.5492556759963942,0.040681997926530045,1.9988246129352532,0.06286845416000858,-0.03333333333333333,345.0,-0.09473605210938199,0.2279504650544712,0.0666072064725446,1.3878360620828543,0.5205998379585436,0.0025025724406080307,1.9999997042267603,0.05385960952820164,0.25
V00_S1297_I00000205,P1123,P1019,P1019,P1019,P1123,184,185,1,176.09799999999996,197.6619999999998,True,176.09799999999996,197.6619999999998,True,647.0,-0.021683282799461117,-0.23776357058142789,-0.1297234266904445,1.642826144393446,0.4537427548453776,0.0009250171821799658,1.999999970960503,-0.3212041402734658,1.2833333333333332,30,-0.03609543017263788,-0.31581005354479286,-0.17595274185871537,1.7812019910355494,0.39014149764797157,0.1908989166059354,1.9999891771041765,0.07930134009141648,0.35,647.0,-0.021683282799461117,-0.23776357058142789,-0.1297234266904445,1.642826144393446,0.4537427548453776,0.0009250171821799658,1.999999970960503,-0.3212041402734658,1.2833333333333332
V00_S1297_I00000226,P1019,P1123,P1019,P1019,P1123,2,9,7,0.0,1.3260000000000218,False,80.36999999999989,81.16600000000017,False,40.0,0.19917116062493218,-0.08481911588248592,0.05717602237122313,1.1267438213049996,0.7031417686419833,6.511369375350462e-06,1.9999775082853066,-0.42327931898089544,0.2666666666666667,210,0.03246483213706558,0.3044951937043822,0.1684800129207239,1.3753195758104981,0.46376131457108166,0.0186199068930355,1.9999753528421467,0.38118987500057316,0.8666666666666667,24.0,0.11428234743477492,0.08552289269809239,0.09990262006643366,1.716489158170195,0.2805646285820671,0.9694599397660013,1.9810238125612636,-0.0348693109732689,-0.3333333333333333
V00_S1297_I00000226,P1123,P1019,P1019,P1019,P1123,39,42,3,1.4899999999997817,83.40599999999995,True,1.4899999999997817,83.40599999999995,True,2457.0,0.035537100112356584,0.18012763860351086,0.10783236935793372,1.1728043392520806,0.674043899177428,4.379477688831734e-06,1.9999993158189557,0.12816337564843683,0.19999999999999998,90,0.05940141536471044,0.6473332922192389,0.35336735379197465,1.0250915051264111,0.5224976619438993,0.0060583122927821975,1.999008016815488,0.4808961272357012,0.9166666666666666,2457.0,0.035537100112356584,0.18012763860351086,0.10783236935793372,1.1728043392520806,0.674043899177428,4.379477688831734e-06,1.9999993158189557,0.12816337564843683,0.19999999999999998
V00_S1297_I00000226,P1123,P1019,P1019,P1019,P1123,78,80,2,1.4899999999997817,83.40599999999995,True,1.4899999999997817,83.40599999999995,True,2457.0,0.035537100112356584,0.18012763860351086,0.10783236935793372,1.1728043392520806,0.674043899177428,4.379477688831734e-06,1.9999993158189557,0.12816337564843683,0.19999999999999998,60,0.13096964614051892,0.12780267820135213,0.12938616217093551,0.8805323080909413,0.521008305562918,0.024248111282810236,1.9999967165836139,0.004544193058247575,0.6333333333333333,2457.0,0.035537100112356584,0.18012763860351086,0.10783236935793372,1.1728043392520806,0.674043899177428,4.379477688831734e-06,1.9999993158189557,0.12816337564843683,0.19999999999999998
V00_S1297_I00000226,P1123,P1019,P1019,P1019,P1123,182,183,1,173.7779999999998,193.71000000000004,True,173.7779999999998,193.71000000000004,True,598.0,-0.05473891392823989,-0.10634764969754681,-0.08054328181289336,1.2269730994431005,0.7000064327100947,1.549419763491322e-05,1.9999938937623467,0.016284942242293876,0.2666666666666667,30,0.5781339134304555,0.03394993542217548,0.3060419244263155,1.3717545646826816,0.4836428454856663,0.4882894497448459,1.9963016556088968,0.47849954670470657,-0.26666666666666666,598.0,-0.05473891392823989,-0.10634764969754681,-0.08054328181289336,1.2269730994431005,0.7000064327100947,1.549419763491322e-05,1.9999938937623467,0.016284942242293876,0.2666666666666667
V00_S1297_I00000226,P1123,P1019,P1123,P1019,P1123,268,269,1,261.5540000000001,264.87800000000016,False,271.57000000000016,271.9180000000001,False,99.0,-0.043756622391480544,0.19556388936284302,0.07590363348568124,1.249944416319664,0.6155068624550349,6.38082622742564e-05,1.9233412833367622,-0.01616464048378624,-1.7,30,0.020525799554861116,-0.22241303324306289,-0.10094361684410089,0.7793113608839844,0.3847286758885511,0.17505107698085798,1.931048571983502,-0.08650616269431818,-0.3666666666666667,11.0,-0.19178782124740368,-0.017604522634678765,-0.10469617194104122,1.8085684593163782,0.2869987198127645,1.0089302557436524,1.9999839364387642,0.04350203026578475,-0.03333333333333334
