interaction_id,annotated_participant,non_annotated_participant,event_speaker,participant_a,participant_b,start_moi,end_moi,moi_duration,pre_overlap,post_overlap,pre_m1a_cosine_sim_mean,pre_m1a_n_valid,pre_m1b_summary_cosine,pre_m2_xcorr_peak,pre_m2_xcorr_lag_s,pre_m2_n_valid,pre_m3_mv_lag_peak_r,pre_m3_mv_lag_s,pre_m3_n_valid,moi_m1a_cosine_sim_mean,moi_m1a_n_valid,moi_m1b_summary_cosine,moi_m2_xcorr_peak,moi_m2_xcorr_lag_s,moi_m2_n_valid,moi_m3_mv_lag_peak_r,moi_m3_mv_lag_s,moi_m3_n_valid,post_m1a_cosine_sim_mean,post_m1a_n_valid,post_m1b_summary_cosine,post_m2_xcorr_peak,post_m2_xcorr_lag_s,post_m2_n_valid,post_m3_mv_lag_peak_r,post_m3_mv_lag_s,post_m3_n_valid
V00_S1132_I00000333,P1093,P0737,P0737,P0737,P1093,26,28,2,True,True,0.14471212363716685,943,-0.2126309831274621,0.21842013183022044,1.8333333333333333,943,-0.1068521047173544,-0.8666666666666667,943,0.7098266736112211,60,0.9945724992645155,0.3322089687384363,-0.03333333333333333,60,0.5094567738381864,1.7,60,0.14471212363716685,943,-0.2126309831274621,0.21842013183022044,1.8333333333333333,943,-0.1068521047173544,-0.8666666666666667,943
V00_S1132_I00000333,P0737,P1093,P1093,P0737,P1093,50,52,2,True,True,0.030933277183773127,654,0.9972210038895417,0.1168218647293921,1.0,654,-0.1446052819233529,-1.4666666666666666,654,-0.13976646752775454,60,-0.22327307732056295,-0.4316007428716527,0.06666666666666667,60,0.5077131663527517,-1.8333333333333333,60,0.030933277183773127,654,0.9972210038895417,0.1168218647293921,1.0,654,-0.1446052819233529,-1.4666666666666666,654
V00_S1132_I00000333,P0737,P1093,P0737,P0737,P1093,62,66,4,False,False,0.39308249216398067,98,0.5964569593569029,0.3269476323636956,0.3333333333333333,98,-0.2743785441311763,1.6666666666666667,98,-0.1464624560666671,120,-0.3076068474761353,0.45933557742355247,0.7666666666666667,120,-0.43051515739888374,0.2,120,0.0716434183385997,55,-0.8396131357403793,0.5535052748035639,0.26666666666666666,55,-0.7206451383343597,-0.8,55
V00_S1132_I00000333,P1093,P0737,P0737,P0737,P1093,126,127,1,True,False,0.00012438362490436268,265,-0.4492021434681969,0.32990924467529914,0.9666666666666667,265,0.3127004826833839,-0.9666666666666667,265,0.2906510023956867,30,0.9877625476359987,0.5683207453086111,0.1,30,-0.8009180217584347,0.8333333333333334,30,0.37153609583069175,457,0.33667632916183676,0.3179909575904963,0.5333333333333333,457,-0.13954943601545228,1.0,457
V00_S1132_I00000333,P0737,P1093,P0737,P0737,P1093,204,206,2,False,False,0.5594561282687603,170,0.9949643297436515,0.34201373431754173,1.5666666666666667,170,0.38274210162599126,-1.5666666666666667,170,-0.8888956356008333,60,-0.9649886896655082,-0.5513734972443377,-0.9,60,-0.7254417181132675,-1.8333333333333333,60,0.6595354803038096,30,0.995937618933033,-0.476736685950188,0.13333333333333333,30,-0.7614330422540966,-0.8333333333333334,30
V00_S1132_I00000333,P1093,P0737,P0737,P0737,P1093,208,214,6,True,True,-0.07770244412908957,247,-0.8514128361089938,-0.42018717310300363,-1.0333333333333334,247,0.3490791361318042,0.5,247,0.29620942341573087,180,0.2819180340709209,-0.21802714197040374,0.2,180,-0.29601749735521077,1.2666666666666666,180,0.31542093457647163,230,0.5723763148906049,0.21693887069490678,-1.2333333333333334,230,-0.16477092260009055,1.6666666666666667,230
V00_S1132_I00000333,P1093,P0737,P0737,P0737,P1093,240,243,3,True,True,-0.25438003100012496,614,-0.8946152675060056,0.16260722472276712,1.0666666666666667,614,-0.1947422506940597,-1.0,614,0.23622318248054303,90,0.9259814540251002,0.4029101701957153,1.0,90,0.3650613174103184,1.8333333333333333,90,-0.25438003100012496,614,-0.8946152675060056,0.16260722472276712,1.0666666666666667,614,-0.1947422506940597,-1.0,614
V00_S1132_I00000335,P0737,P1093,P0737,P0737,P1093,136,141,5,False,False,0.6888421490701322,17,0.8098505580866382,-0.546094232223809,-0.06666666666666667,17,0.543856614623698,-0.23333333333333334,17,-0.6213014326331968,150,-0.9960549587552983,-0.3469241593385049,0.4666666666666667,150,0.3051209220987568,-0.03333333333333333,150,0.16419202100871644,1501,0.08201656841172053,0.07562618629627493,0.9666666666666667,1501,-0.0384368069394429,1.0333333333333334,1501
V00_S1132_I00000335,P0737,P1093,P1093,P0737,P1093,164,165,1,True,True,0.16419202100871644,1501,0.08201656841172053,0.07562618629627493,0.9666666666666667,1501,-0.0384368069394429,1.0333333333333334,1501,0.564853031383834,30,-0.19383519975797367,0.6688836358237557,0.7333333333333333,30,-0.6012734205931358,0.7333333333333333,30,0.16419202100871644,1501,0.08201656841172053,0.07562618629627493,0.9666666666666667,1501,-0.0384368069394429,1.0333333333333334,1501
V00_S1132_I00000335,P1093,P0737,P1093,P0737,P1093,189,190,1,False,False,-0.0242208426703692,1862,-0.5308717028605371,0.13780746327273366,1.2,1862,-0.11424459357437029,-1.8666666666666667,1862,0.03864330803926178,30,-0.23300297278307852,-0.6671594142274141,-0.43333333333333335,30,0.6883401009716766,-0.6,30,0.7852876859691283,16,0.777015947155812,0.6214457889574883,-0.13333333333333333,16,0.6912578770151515,0.3,16
V00_S1132_I00000335,P1093,P0737,P0737,P0737,P1093,215,217,2,True,True,0.11008486666652241,196,-0.47762144773692655,-0.354679923957383,-1.3,196,-0.24437340746319275,-1.8666666666666667,196,0.13112485222721582,60,-0.7996434693708631,0.4113310486764809,0.0,60,0.5590894715642238,1.7,60,0.11008486666652241,196,-0.47762144773692655,-0.354679923957383,-1.3,196,-0.24437340746319275,-1.8666666666666667,196
V00_S1132_I00000335,P1093,P0737,P1093,P0737,P1093,221,225,4,True,True,0.31197956286777206,80,-0.34231998210938314,0.41073304959766377,-1.2666666666666666,80,-0.5796718647197919,1.6666666666666667,80,0.24260117715364732,120,0.8155269116226029,0.2687660511160392,-1.0333333333333334,120,0.2746998137204577,-1.6333333333333333,120,0.10378235105666811,51,-0.15608700175421977,0.41702071234734317,0.6666666666666666,51,-0.7929758136858351,1.4666666666666666,51
V00_S1132_I00000336,P0737,P1093,P0737,P0737,P1093,54,55,1,False,False,,0,,,,0,,,0,0.6203003665172757,30,0.783115670483455,0.43477706801418325,0.5666666666666667,30,0.5285781922804129,0.7333333333333333,30,0.04426114735589997,231,-0.6088604854894027,0.3637611066138219,0.1,231,0.3539870857918155,-0.4666666666666667,231
V00_S1132_I00000336,P1093,P0737,P0737,P0737,P1093,70,71,1,True,True,0.11107602369228153,5919,-0.17798037523262336,0.11656775020509556,-0.16666666666666666,5919,0.0272427749739517,-0.2,5919,0.3638798811024623,30,0.4399425917692975,0.4884586993025479,0.26666666666666666,30,0.5537165331823837,-0.26666666666666666,30,0.11107602369228153,5919,-0.17798037523262336,0.11656775020509556,-0.16666666666666666,5919,0.0272427749739517,-0.2,5919
V00_S1132_I00000336,P0737,P1093,P0737,P0737,P1093,121,122,1,False,False,,0,,,,0,,,0,0.4849943490202072,30,0.8092026463351365,0.4836980737423658,0.4666666666666667,30,-0.7624348536318468,-0.7333333333333333,30,0.04426114735589997,231,-0.6088604854894027,0.3637611066138219,0.1,231,0.3539870857918155,-0.4666666666666667,231
V00_S1132_I00000336,P0737,P1093,P0737,P0737,P1093,272,276,4,False,True,0.5147067247092464,14,0.8498253874415453,0.5880436860435091,-0.03333333333333333,14,-0.6152140626041004,-0.16666666666666666,14,0.4310663754116708,120,0.3034446739940166,0.43745146359615017,-1.0,120,0.29865628094303254,1.3,120,0.40666592698389503,42,0.09175785875622841,0.5374312588467139,0.9,42,0.8022802829571802,1.2333333333333334,42
V00_S1132_I00000336,P1093,P0737,P1093,P0737,P1093,306,311,5,False,False,0.49336460239630325,11,-0.2211850530834808,0.7295170581328398,0.23333333333333334,11,-0.3693645510578369,-0.2,11,-0.08830364414795583,150,0.836517494416448,0.3466025633686291,-0.06666666666666667,150,-0.2798199798301515,1.7333333333333334,150,-0.6991987403834611,43,-0.8667110866801652,0.45690571308746386,0.6666666666666666,43,-0.6585592728651598,1.1333333333333333,43
V00_S1132_I00000336,P1093,P0737,P1093,P0737,P1093,331,336,5,False,True,0.49336460239630325,11,-0.2211850530834808,0.7295170581328398,0.23333333333333334,11,-0.3693645510578369,-0.2,11,-0.16576181443465787,150,0.7306478423866352,-0.2212724130763957,1.5333333333333334,150,-0.224177125106295,1.7333333333333334,150,0.02487144731315108,17,0.9317764459431088,0.5976936919898278,0.3,17,0.7388600421690996,-0.3,17
V00_S1132_I00000337,P0737,P1093,P1093,P0737,P1093,13,23,10,True,True,0.21086215264419716,544,-0.37658019927644737,-0.21496589763808668,1.3666666666666667,544,0.2787642490608509,-0.03333333333333333,544,-0.07084766357212643,300,-0.9503119201124043,-0.37470195423457703,1.7,300,0.23208898676749268,0.7,300,0.21086215264419716,544,-0.37658019927644737,-0.21496589763808668,1.3666666666666667,544,0.2787642490608509,-0.03333333333333333,544
V00_S1132_I00000337,P1093,P0737,P0737,P0737,P1093,25,31,6,False,True,0.6281145360837862,29,0.8556989348448651,0.7949636078677174,-0.4666666666666667,29,0.9066575709888813,0.7,29,0.36647818331346876,180,0.9231375934921927,0.33548894827782944,-1.9666666666666666,180,0.3441771416026465,2.0,180,-0.13534017315551894,43,-0.5572848905897612,-0.5749837258520787,0.2,43,-0.5791601436357884,1.2666666666666666,43
V00_S1132_I00000337,P1093,P0737,P0737,P0737,P1093,80,84,4,True,True,0.3943041519514875,1012,0.9466067281860636,0.26582216978907175,-0.16666666666666666,1012,0.14811182976645923,0.16666666666666666,1012,0.5854764223178975,60,0.9614021093562245,0.5215489009008798,-1.0,60,0.5998230711149486,-1.6666666666666667,60,0.3943041519514875,1012,0.9466067281860636,0.26582216978907175,-0.16666666666666666,1012,0.14811182976645923,0.16666666666666666,1012
V00_S1132_I00000352,P1093,P0737,P1093,P0737,P1093,14,21,7,False,False,,0,,,,0,,,0,-0.1679143875605151,210,-0.8295946081879739,0.3202442280845351,-0.03333333333333333,210,-0.22346643398144414,0.26666666666666666,210,-0.04665013261660034,408,-0.696644745680186,-0.24620393248620684,0.13333333333333333,408,0.1925882782209603,0.8,408
V00_S1132_I00000352,P0737,P1093,P1093,P0737,P1093,22,24,2,True,True,0.1030085417730397,3174,0.583743346025098,-0.0906894053120843,-1.9333333333333333,3174,0.03847233873989729,-1.4,3174,,0,,,,0,,,0,0.1030085417730397,3174,0.583743346025098,-0.0906894053120843,-1.9333333333333333,3174,0.03847233873989729,-1.4,3174
V00_S1132_I00000352,P1093,P0737,P1093,P0737,P1093,67,70,3,False,False,,0,,,,0,,,0,0.13119026113887355,90,0.021783706971189646,0.37326127077997034,0.5333333333333333,90,0.40846867908741225,-1.4333333333333333,90,-0.04665013261660034,408,-0.696644745680186,-0.24620393248620684,0.13333333333333333,408,0.1925882782209603,0.8,408
V00_S1132_I00000352,P0737,P1093,P1093,P0737,P1093,92,96,4,True,True,0.1030085417730397,3174,0.583743346025098,-0.0906894053120843,-1.9333333333333333,3174,0.03847233873989729,-1.4,3174,0.07283516934510417,120,-0.18374387799562297,0.8165608365903858,-1.1666666666666667,120,-0.2232406930633954,1.9333333333333333,120,0.1030085417730397,3174,0.583743346025098,-0.0906894053120843,-1.9333333333333333,3174,0.03847233873989729,-1.4,3174
V00_S1132_I00000352,P0737,P1093,P1093,P0737,P1093,105,109,4,True,True,0.1030085417730397,3174,0.583743346025098,-0.0906894053120843,-1.9333333333333333,3174,0.03847233873989729,-1.4,3174,-0.3468191518836218,120,-0.6323963059009807,-0.3713429558786962,0.36666666666666664,120,0.3837283233553598,1.1666666666666667,120,0.1030085417730397,3174,0.583743346025098,-0.0906894053120843,-1.9333333333333333,3174,0.03847233873989729,-1.4,3174
V00_S1132_I00000352,P0737,P1093,P0737,P0737,P1093,118,123,5,False,False,0.1030085417730397,3174,0.583743346025098,-0.0906894053120843,-1.9333333333333333,3174,0.03847233873989729,-1.4,3174,-0.3750829042043672,150,-0.9935849208501276,0.36781879675050194,0.36666666666666664,150,0.29097196933615294,0.7,150,-0.06214060341935089,10,-0.4223703555455942,0.46807945766551573,-0.06666666666666667,10,-0.6695302653114076,-0.03333333333333333,10
V00_S1132_I00000352,P1093,P0737,P0737,P0737,P1093,133,135,2,False,True,-0.04665013261660034,408,-0.696644745680186,-0.24620393248620684,0.13333333333333333,408,0.1925882782209603,0.8,408,-0.8621704812221058,60,-0.9993042205504851,-0.4270029138139071,0.03333333333333333,60,0.7797129041123015,-1.1,60,-0.0633829391170025,305,-0.9421606606240813,0.2950360346634298,-1.3666666666666667,305,0.17959879947993201,-1.3666666666666667,305
V00_S1132_I00000360,P1093,P0737,P1093,P0737,P1093,21,23,2,False,False,,0,,,,0,,,0,0.6552645818970233,60,0.9438813152606775,-0.5050100653752341,0.7666666666666667,60,-0.524790260340771,1.8,60,0.30341030596746943,60,0.671699394993027,-0.28854174236146973,-0.8333333333333334,60,-0.5532165604801491,-1.4,60
V00_S1132_I00000360,P0737,P1093,P1093,P0737,P1093,48,51,3,True,True,0.21894249507085062,2923,0.9940112176317283,0.09132040670285174,-1.8,2923,0.09505232173489933,-1.3666666666666667,2923,0.008913391755229058,90,0.5740560706201885,0.26282549376612385,-1.7333333333333334,90,-0.353369176298771,-1.8666666666666667,90,0.21894249507085062,2923,0.9940112176317283,0.09132040670285174,-1.8,2923,0.09505232173489933,-1.3666666666666667,2923
V00_S1132_I00000360,P1093,P0737,P1093,P0737,P1093,76,79,3,False,False,,0,,,,0,,,0,-0.23638867474119604,90,-0.37806265231251507,0.2400124274197649,-0.6333333333333333,90,0.3934477399064338,1.8666666666666667,90,0.30341030596746943,60,0.671699394993027,-0.28854174236146973,-0.8333333333333334,60,-0.5532165604801491,-1.4,60
V00_S1132_I00000360,P0737,P1093,P0737,P0737,P1093,161,163,2,False,False,0.8932311880798295,15,0.9850966343115957,-0.7384330215738052,-0.36666666666666664,15,0.6984419956516199,0.26666666666666666,15,-0.04715529858534611,60,-0.9186025581607006,0.22367256507225694,1.2,60,0.5516618754854927,1.0333333333333334,60,0.07747802119279074,513,0.3421253149454341,-0.10244608026324702,-0.9333333333333333,513,0.12555645131278476,-1.5,513
V00_S1132_I00000360,P0737,P1093,P1093,P0737,P1093,180,184,4,True,True,0.07747802119279074,513,0.3421253149454341,-0.10244608026324702,-0.9333333333333333,513,0.12555645131278476,-1.5,513,0.2962673940320375,120,0.5522592626663216,-0.172696519365385,-0.8,120,0.29405577708418135,-1.9333333333333333,120,0.07747802119279074,513,0.3421253149454341,-0.10244608026324702,-0.9333333333333333,513,0.12555645131278476,-1.5,513
V00_S1132_I00000361,P1093,P0737,P0737,P0737,P1093,16,22,6,True,True,0.2979336412747859,347,0.989559511669043,0.22608321946329163,-1.5666666666666667,347,-0.14551723535983696,0.5666666666666667,347,0.33772819814932237,120,0.8844276843597314,0.5303481127302361,0.03333333333333333,120,0.3482672108496244,-0.9,120,0.2979336412747859,347,0.989559511669043,0.22608321946329163,-1.5666666666666667,347,-0.14551723535983696,0.5666666666666667,347
V00_S1132_I00000361,P0737,P1093,P0737,P0737,P1093,17,22,5,False,False,0.09602491133051129,220,0.9894138261016323,0.615596707852127,0.36666666666666664,220,0.43317445847263814,-1.6666666666666667,220,0.22648623061039624,90,0.28438733966511226,0.5598623773311017,0.0,90,-0.6599611008096702,1.9666666666666666,90,0.22777207039210984,280,0.694788739310426,0.22858957105482436,1.1,280,0.3241432233112375,-1.1,280
V00_S1132_I00000361,P1093,P0737,P1093,P0737,P1093,60,61,1,False,False,-0.14691635409144893,92,0.9757298172319052,-0.26174460585530634,-0.9666666666666667,92,0.31352443442302247,1.5333333333333334,92,0.4571218101377817,30,0.09227556475679889,-0.4400172732803335,-0.8666666666666667,30,-0.5480197145123663,0.4666666666666667,30,-0.13514053289507727,388,-0.525795091245002,0.25710431611606593,1.6333333333333333,388,-0.13399782169508268,-1.9666666666666666,388
V00_S1132_I00000361,P0737,P1093,P1093,P0737,P1093,101,107,6,True,True,-0.005566159436170869,897,0.7071964871498634,-0.13962478794685565,1.8333333333333333,897,-0.09242813659597535,-0.36666666666666664,897,0.20039816067740732,180,0.09194630699391604,0.32287986448254413,-0.8666666666666667,180,-0.11332926388487369,1.4333333333333333,180,-0.005566159436170869,897,0.7071964871498634,-0.13962478794685565,1.8333333333333333,897,-0.09242813659597535,-0.36666666666666664,897
V00_S1204_I00000198,P1109,P1110,P1109,P1109,P1110,2,13,11,False,False,,0,,,,0,,,0,0.7769121003718402,270,0.9319766335251806,-0.24067699581557034,1.3666666666666667,270,0.1304156266558731,-0.5666666666666667,270,0.9283913060003318,12,0.9639340610201266,0.4951318533527392,-0.06666666666666667,12,-0.6104152511301637,-0.2,12
V00_S1204_I00000198,P1110,P1109,P1109,P1109,P1110,59,61,2,True,False,0.8076707362716209,277,0.9902938544734258,0.2539532381713797,0.8666666666666667,277,0.16581517547896474,-0.8666666666666667,277,0.8533986578174502,60,0.9995100696517444,-0.4711228490520066,-0.26666666666666666,60,0.704942428063326,-1.4666666666666666,60,0.8807991960212374,52,0.9973434267125492,0.5302421430561107,-0.43333333333333335,52,0.5577869778344047,-0.6,52
V00_S1204_I00000201,P1109,P1110,P1109,P1109,P1110,0,17,17,False,False,,0,,,,0,,,0,0.6836340737569027,240,0.8593625472402229,0.2799095834636233,0.7666666666666667,240,-0.142132678725283,-0.13333333333333333,240,0.7751466100015568,9,0.9140641439545684,-0.6647447151841195,0.03333333333333333,9,-0.758612986301858,-0.1,9
V00_S1204_I00000201,P1110,P1109,P1109,P1109,P1110,0,17,17,False,True,,0,,,,0,,,0,0.6836340737569027,240,0.8593625472402229,0.2799095834636233,0.7666666666666667,240,-0.142132678725283,-0.13333333333333333,240,0.736685117200393,1089,0.9784271778046392,-0.1127339920072534,-1.9,1089,-0.09970476583663526,1.9,1089
V00_S1204_I00000201,P1110,P1109,P1109,P1109,P1110,127,129,2,True,True,0.9116680356259163,360,0.972270631939995,0.23535813403459285,-1.7333333333333334,360,0.23456540281528115,1.7666666666666666,360,0.6155148785525597,30,0.8556554576651669,-0.515226333554863,0.0,30,0.5531275395449238,-0.5666666666666667,30,0.9116680356259163,360,0.972270631939995,0.23535813403459285,-1.7333333333333334,360,0.23456540281528115,1.7666666666666666,360
V00_S1204_I00000201,P1109,P1110,P1110,P1109,P1110,139,150,11,False,True,,0,,,,0,,,0,0.6140061688219345,270,0.7575208028805442,0.26595945980375985,-1.1666666666666667,270,0.33259915657553335,1.3,270,0.736699338157188,1970,0.9960996320298451,0.15452391452040773,-1.3,1970,0.08033844227480948,1.2666666666666666,1970
V00_S1204_I00000201,P1110,P1109,P1110,P1109,P1110,150,166,16,False,False,0.9116680356259163,360,0.972270631939995,0.23535813403459285,-1.7333333333333334,360,0.23456540281528115,1.7666666666666666,360,0.8041150703316138,480,0.9999541340551299,0.2037334604191979,-1.0,480,0.15309601917522156,-1.7333333333333334,480,0.5588842088781433,25,0.5768238648138307,0.6530143190473642,-0.1,25,-0.9034584074947445,-0.5666666666666667,25
V00_S1204_I00000201,P1110,P1109,P1109,P1109,P1110,266,270,4,True,False,0.8318874412642164,154,0.97988466922295,0.2918481580740518,0.43333333333333335,154,0.3575261665251155,1.8,154,0.8107393358292516,120,0.9275455619204018,0.41845036536568664,-0.06666666666666667,120,0.4017324776937502,1.9333333333333333,120,0.8063467452492423,23,0.772525332042695,-0.7015466296558318,0.0,23,0.5024072441574341,-0.4666666666666667,23
V00_S1204_I00000201,P1109,P1110,P1110,P1109,P1110,271,276,5,True,True,0.8730202549096115,338,0.9630098146921908,0.17738010505044877,-0.9666666666666667,338,0.16062683117363616,1.3666666666666667,338,0.8803266516518249,150,0.9543161835634058,0.3648951679926712,0.36666666666666664,150,0.3293792734835386,-0.6,150,0.8730202549096115,338,0.9630098146921908,0.17738010505044877,-0.9666666666666667,338,0.16062683117363616,1.3666666666666667,338
V00_S1204_I00000201,P1110,P1109,P1109,P1109,P1110,288,293,5,False,False,0.8063467452492423,23,0.772525332042695,-0.7015466296558318,0.0,23,0.5024072441574341,-0.4666666666666667,23,0.76614230999275,150,0.9647619243923905,0.4618705560539874,0.1,150,0.26624545950702233,-1.5333333333333334,150,0.8445671296592674,96,0.9918387483366702,0.7043121381615028,-1.2666666666666666,96,0.5165166533212943,1.2666666666666666,96
V00_S1204_I00000201,P1109,P1110,P1110,P1109,P1110,362,363,1,False,True,0.901098782228661,70,0.9953483566896154,0.43937449542895074,1.5,70,0.7665478423320615,-1.5333333333333334,70,0.4865174170388968,30,0.9730001098260154,-0.5907204452276319,-0.1,30,-0.803644179561636,0.8333333333333334,30,0.3296979761713751,96,0.669393338498743,-0.5223273540281921,-0.1,96,-0.48359404734651806,1.7666666666666666,96
V00_S1204_I00000201,P1109,P1110,P1110,P1109,P1110,427,431,4,True,True,0.8351861734160979,164,0.9998301557117185,0.220202516377408,0.3333333333333333,164,-0.26643228761953874,0.8,164,0.6150767855588275,60,0.9844003372513407,0.3108354962790053,0.4,60,0.5705668010976908,1.7,60,0.8351861734160979,164,0.9998301557117185,0.220202516377408,0.3333333333333333,164,-0.26643228761953874,0.8,164
V00_S1204_I00000202,P1109,P1110,P1110,P1109,P1110,24,29,5,True,True,0.7528564504007554,1260,0.9374749243558775,0.16471426065250655,-0.5,1260,-0.13629270054416168,-0.36666666666666664,1260,0.853220024343236,120,0.9810733210142345,0.2968167970459611,-1.7,120,0.46692290027142425,-1.1666666666666667,120,0.7528564504007554,1260,0.9374749243558775,0.16471426065250655,-0.5,1260,-0.13629270054416168,-0.36666666666666664,1260
V00_S1204_I00000202,P1109,P1110,P1110,P1109,P1110,76,80,4,True,True,0.443587032597198,373,0.9196066544732391,0.24121633715127241,-1.5,373,0.2167321465566196,-1.4333333333333333,373,0.33398899577553376,120,0.8630257624993062,-0.27345892961818935,-1.1,120,0.25579284493997284,1.0666666666666667,120,0.443587032597198,373,0.9196066544732391,0.24121633715127241,-1.5,373,0.2167321465566196,-1.4333333333333333,373
V00_S1204_I00000202,P1110,P1109,,P1109,P1110,84,84,0,False,False,,0,,,,0,,,0,,0,,,,0,,,0,0.7105256314557695,30,0.999851359672058,-0.4452458933222011,0.03333333333333333,30,0.70095972164956,0.7666666666666667,30
V00_S1204_I00000202,P1110,P1109,P1109,P1109,P1110,100,105,5,False,False,0.6052393125795078,17,0.5552617383246405,0.6254472557628297,-0.26666666666666666,17,0.49955724756794173,-0.3,17,,0,,,,0,,,0,,0,,,,0,,,0
V00_S1204_I00000204,P1109,P1110,P1109,P1109,P1110,163,166,3,False,False,0.9386442407502122,11,0.9786835813437242,-0.4341237640499321,-0.16666666666666666,11,-0.4847940764546992,-0.16666666666666666,11,0.6774189590841637,30,0.7724349972992409,0.7965446961831515,0.0,30,-0.621233663966573,-0.36666666666666664,30,0.7044989409605258,138,0.909097085595357,0.3967035096115143,0.3333333333333333,138,0.3215414707393526,0.3,138
V00_S1204_I00000204,P1109,P1110,P1110,P1109,P1110,221,223,2,True,True,0.8741694572653671,168,0.9965046396802756,0.38673206010901384,-1.2333333333333334,168,0.3989666984956611,0.8333333333333334,168,0.8920118249302554,30,0.9968530844626461,0.5036508117096868,-0.06666666666666667,30,0.5316054163185546,0.7,30,0.8741694572653671,168,0.9965046396802756,0.38673206010901384,-1.2333333333333334,168,0.3989666984956611,0.8333333333333334,168
V00_S1204_I00000204,P1110,P1109,P1110,P1109,P1110,237,239,2,False,False,0.78932808879102,408,0.9945407079601877,-0.21035950012875163,1.8333333333333333,408,-0.17042208200136283,-1.8666666666666667,408,0.4546080544695058,60,0.6227559471438977,-0.5340527693696491,-0.03333333333333333,60,0.7452109431140352,1.3333333333333333,60,0.6475356976927824,15,0.6784943206056371,0.47620343874280185,0.26666666666666666,15,0.7215189864439056,-0.3333333333333333,15
V00_S1204_I00000204,P1109,P1110,P1109,P1109,P1110,307,308,1,False,False,0.8100184936257083,257,0.9459151224296606,0.3548880784668395,-1.9,257,0.40295354528781874,1.7666666666666666,257,0.7020586314106307,30,0.893208189757623,-0.5366076144830385,0.1,30,0.6313007320414936,-0.7333333333333333,30,0.9645754644280227,32,0.999384662878741,0.8771956679417976,-0.03333333333333333,32,0.8096012788532789,0.03333333333333333,32
V00_S1204_I00000204,P1110,P1109,P1109,P1109,P1110,324,325,1,True,True,0.7642526763681033,589,0.9637167754535293,0.21155700924214765,-0.5,589,0.1558961013078666,0.7,589,0.5128001997651416,30,0.786391839809326,-0.49751922258820114,-0.16666666666666666,30,-0.8088739260945428,0.6333333333333333,30,0.7642526763681033,589,0.9637167754535293,0.21155700924214765,-0.5,589,0.1558961013078666,0.7,589
V00_S1204_I00000204,P1109,P1110,P1109,P1109,P1110,355,361,6,False,True,0.7400836764127311,396,0.9048585103614848,0.1888975572265247,0.8,396,0.21235148441551518,0.8333333333333334,396,,0,,,,0,,,0,,4,,,,4,,,4
V00_S1204_I00000204,P1110,P1109,P1109,P1109,P1110,357,361,4,True,False,,2,,,,2,,,2,,0,,,,0,,,0,0.718335716827507,332,0.9634923779539292,0.2667170695954534,0.7,332,0.20194125893327447,-0.1,332
V00_S1279_I00000314,P1118,P0317,P1118,P0317,P1118,68,69,1,False,False,0.563029156019199,336,0.9499122741521618,0.2803716426969017,0.4666666666666667,336,-0.3085541435360351,-0.3,336,0.22282034452119914,30,0.8697078672504945,0.3011253680976607,-0.06666666666666667,30,-0.6968217096737789,-0.6333333333333333,30,0.6190169896428902,160,0.9878627150582675,0.518579752965613,1.0666666666666667,160,-0.43324027801677994,0.8333333333333334,160
V00_S1279_I00000314,P0317,P1118,P0317,P0317,P1118,82,84,2,False,False,0.9815027018604006,30,0.9992670092534806,-0.5103402549084185,0.26666666666666666,30,-0.717358988742802,-0.7,30,0.40805081926793857,60,0.8921786243875741,0.6168954826923176,0.0,60,0.7987281390854803,-1.7333333333333334,60,0.9893854452102036,20,0.9998471034187811,-0.3279965436405522,-0.1,20,0.5983440078183531,0.4666666666666667,20
V00_S1279_I00000314,P1118,P0317,P1118,P0317,P1118,86,88,2,False,True,0.595071124452665,136,0.9781808239853449,-0.5948366794279175,-1.3,136,-0.4278799118276327,1.3,136,0.6792832305605155,60,0.9175503681644043,-0.43741574643942743,-0.26666666666666666,60,-0.6327996024642033,1.3333333333333333,60,0.5558060963589282,79,0.9672678421508605,0.3510130129754359,-0.16666666666666666,79,0.4154369305247927,-1.0,79
V00_S1279_I00000314,P0317,P1118,P1118,P0317,P1118,164,165,1,True,True,0.8540561700705747,86,0.9990805216594817,-0.394868429878903,0.16666666666666666,86,-0.46480222309173375,0.43333333333333335,86,0.9669578152490488,30,0.9950772218980592,-0.38969042895928824,0.1,30,0.4986365120827828,-0.5,30,0.8540561700705747,86,0.9990805216594817,-0.394868429878903,0.16666666666666666,86,-0.46480222309173375,0.43333333333333335,86
V00_S1279_I00000314,P1118,P0317,P1118,P0317,P1118,235,238,3,True,True,0.7608274906932511,17,0.9882912414798952,0.46864050182861083,0.03333333333333333,17,-0.6612810653343943,0.4,17,0.8000272752981286,90,0.9982968476676728,0.4425969750562901,0.7,90,0.4873948055865599,-0.9333333333333333,90,0.8842532386828661,31,0.9422491229363171,0.6589861086413887,0.0,31,0.3820167344731736,0.26666666666666666,31
V00_S1279_I00000314,P0317,P1118,P1118,P0317,P1118,248,250,2,True,True,0.7334366831426712,110,0.9825209299610227,0.3367512877003593,2.0,110,0.5634739242794736,-2.0,110,0.6679128923354785,60,0.9447876926266687,0.3955631906834737,1.9,60,-0.9454876073530099,-1.7333333333333334,60,0.7334366831426712,110,0.9825209299610227,0.3367512877003593,2.0,110,0.5634739242794736,-2.0,110
V00_S1279_I00000314,P1118,P0317,P1118,P0317,P1118,278,279,1,False,False,0.7488147996646565,15,0.9399177571185209,0.6497498902623052,0.03333333333333333,15,-0.6054818054770494,0.3333333333333333,15,0.4467714614391536,30,0.9936787193700087,0.4458355371538937,-0.4,30,-0.7692071876825236,0.7333333333333333,30,0.9478350009330686,15,0.974451354508063,0.6890230791764836,-0.43333333333333335,15,-0.6774586456094358,-0.16666666666666666,15
V00_S1279_I00000314,P0317,P1118,P1118,P0317,P1118,285,287,2,True,True,0.6013321148703378,1014,0.9852652607878606,-0.12759420849570213,-1.5,1014,-0.15344586214501757,-0.7,1014,0.8863439755608016,60,0.9843765884248469,0.47361228334836764,1.3333333333333333,60,0.570830532837101,-1.3333333333333333,60,0.6013321148703378,1014,0.9852652607878606,-0.12759420849570213,-1.5,1014,-0.15344586214501757,-0.7,1014
V00_S1279_I00000315,P1118,P0317,P1118,P0317,P1118,12,15,3,False,True,0.7189444695612822,140,0.8340912461042574,0.21449809174772588,0.03333333333333333,140,-0.27394166090209365,1.3,140,0.6642288662570845,90,0.7646430665795647,0.5633098842392603,-0.03333333333333333,90,0.4209810750647228,-1.9333333333333333,90,0.28314299073486043,21,0.2956305386769031,0.6277972266737097,-0.03333333333333333,21,0.661540108885038,-0.3333333333333333,21
V00_S1279_I00000315,P0317,P1118,P1118,P0317,P1118,68,70,2,True,True,0.4953824698472012,925,0.9500529606207496,0.1649533542394648,-0.26666666666666666,925,-0.21194604773526482,-0.2,925,0.8895095874682901,60,0.9762329162813257,-0.49348949195409714,0.1,60,-0.5698170371420757,0.8,60,0.4953824698472012,925,0.9500529606207496,0.1649533542394648,-0.26666666666666666,925,-0.21194604773526482,-0.2,925
V00_S1279_I00000315,P1118,P0317,P1118,P0317,P1118,73,78,5,False,False,0.5430482962715291,15,0.8901888410602266,-0.5349482890208751,-0.16666666666666666,15,0.5128373654713472,0.3,15,-0.36571756794060944,30,-0.7708966765023951,0.5238811691291815,0.0,30,-0.597169260884855,-0.5,30,-0.8768154409175014,9,-0.8712383317585194,-0.5831450463958183,0.0,9,0.536635150639712,-0.06666666666666667,9
V00_S1279_I00000315,P1118,P0317,P1118,P0317,P1118,107,110,3,False,True,,0,,,,0,,,0,0.6248418888941581,90,0.904795142691212,-0.4193635176257653,-0.2,90,-0.578423424297466,1.3333333333333333,90,0.960007541854502,15,0.9935333457438154,0.4460671661893318,-0.1,15,0.5638023559533412,0.2,15
V00_S1279_I00000315,P0317,P1118,P1118,P0317,P1118,117,121,4,True,True,0.7899941700905014,564,0.9779702926042011,-0.10824403641679996,-0.23333333333333334,564,0.16686352142282587,1.8,564,0.8403018552521012,120,0.999676327271666,-0.382822955701609,1.0666666666666667,120,0.28285862444375154,1.4,120,0.5302564164289318,267,0.9151409269601195,0.22987785864792257,-1.1,267,-0.2618937944987695,1.0,267
V00_S1279_I00000315,P0317,P1118,P0317,P0317,P1118,159,169,10,False,False,0.7782225880428025,29,0.9995966123374312,0.49096148236420073,-0.43333333333333335,29,-0.6120634087197389,0.8,29,0.5546461445509201,300,0.9751518443434302,0.3088716006187053,-1.4666666666666666,300,-0.28111659792787363,-1.9333333333333333,300,0.29849352735355134,25,0.9955404190581346,0.6025861609717156,0.3333333333333333,25,0.6069287857417065,0.5333333333333333,25
V00_S1279_I00000315,P1118,P0317,P0317,P0317,P1118,159,171,12,True,True,0.6511675080767144,96,0.9984113018127616,-0.36319942268570543,0.2,96,0.3237504552784224,-1.5333333333333334,96,0.5316291437720078,330,0.9551912253833786,0.28284636734193425,-1.9666666666666666,330,-0.2584835456378126,-1.9333333333333333,330,0.30485747052817425,295,0.9082489420399101,0.20000405534507992,0.4,295,-0.14872942126543806,-0.9333333333333333,295
V00_S1279_I00000315,P1118,P0317,P1118,P0317,P1118,207,209,2,True,False,0.43283901462433755,354,0.9961080952895565,0.29994738626041517,1.6333333333333333,354,0.17303257091002838,1.9333333333333333,354,0.7972464110372156,60,0.9533688578527161,-0.34461941215123953,-0.9,60,-0.6385171912856915,1.8333333333333333,60,,0,,,,0,,,0
V00_S1279_I00000315,P0317,P1118,P0317,P0317,P1118,236,239,3,False,False,,0,,,,0,,,0,-0.46953596049797014,60,-0.9428149874207313,-0.5699327180037141,0.9333333333333333,60,0.721904476564515,-0.9,60,0.5368331792775383,132,0.8595260170303344,-0.4499814613327444,0.8666666666666667,132,-0.4109604658650928,-0.3333333333333333,132
V00_S1279_I00000315,P1118,P0317,P1118,P0317,P1118,244,248,4,True,False,0.6972035357535662,37,0.990389735476593,-0.323198194386216,0.6333333333333333,37,0.7240188725075923,1.0666666666666667,37,0.6658178220380916,120,0.9485931511115242,0.3582774276241955,1.2333333333333334,120,0.36173893002392155,-2.0,120,,0,,,,0,,,0
V00_S1279_I00000316,P0317,P1118,P0317,P0317,P1118,39,52,13,False,False,0.9727524409816136,11,0.9782214499264014,0.552818399727012,0.03333333333333333,11,0.5578540482551905,0.2,11,0.4254798552323185,270,0.9473198973573936,-0.26053262121186405,1.3666666666666667,270,-0.24300602554673212,-1.5666666666666667,270,,0,,,,0,,,0
V00_S1279_I00000316,P1118,P0317,P1118,P0317,P1118,76,78,2,True,False,0.5099685771534052,422,0.9988060423582822,0.2839642151683534,1.1,422,0.24087969252451338,-2.0,422,,0,,,,0,,,0,0.5987198338597514,180,0.6987339115799053,-0.2541365457404682,-1.1666666666666667,180,-0.29622045116634443,-0.5333333333333333,180
V00_S1279_I00000316,P0317,P1118,P0317,P0317,P1118,102,105,3,False,False,,0,,,,0,,,0,0.2782132877961416,90,0.9843297608085413,-0.4023989280952526,2.0,90,-0.46225325469818546,0.5,90,0.9313913432504481,20,0.9319040986805172,0.45383596265929615,0.43333333333333335,20,-0.5487264487290522,0.4,20
V00_S1279_I00000316,P0317,P1118,P1118,P0317,P1118,192,199,7,True,True,0.6994525968044624,754,0.9864446704225539,0.26969200931491977,-1.1333333333333333,754,0.14428347805435243,1.1333333333333333,754,0.731202391920752,210,0.9650404521217874,-0.25280763721094346,0.5,210,-0.297939484004629,0.5333333333333333,210,0.6994525968044624,754,0.9864446704225539,0.26969200931491977,-1.1333333333333333,754,0.14428347805435243,1.1333333333333333,754
V00_S1279_I00000316,P1118,P0317,P1118,P0317,P1118,227,229,2,False,False,0.7803216283607622,11,0.9040794619751932,-0.40488267985513354,-0.06666666666666667,11,-0.7425465018641368,0.1,11,0.5128168577793603,60,0.9883788194755277,-0.34698674721013284,-0.6666666666666666,60,0.6691316391083151,1.7666666666666666,60,0.7986267526516819,25,0.9993823732831063,0.3980299697539084,0.3,25,-0.48009397264605264,0.6666666666666666,25
V00_S1279_I00000316,P0317,P1118,P1118,P0317,P1118,232,236,4,True,True,0.6144052626781231,461,0.9684103087753423,-0.19065972272143789,1.2,461,0.07040158901822216,0.2,461,0.41388757455227215,120,0.9481546502153908,-0.2675023071565,0.36666666666666664,120,-0.4403255979699992,1.6333333333333333,120,0.6592626457981714,306,0.9973535790110424,-0.28381379593580147,0.7666666666666667,306,-0.25493738203960997,-1.8666666666666667,306
V00_S1279_I00000319,P0317,P1118,P0317,P0317,P1118,38,42,4,False,False,0.10348326195995391,19,0.23683578304369665,-0.45080503779694614,0.16666666666666666,19,0.5979682936797244,-0.43333333333333335,19,0.18237710478987307,60,-0.05884743042375829,-0.31638560536291943,-0.9,60,-0.8492302332641909,1.7,60,,0,,,,0,,,0
V00_S1279_I00000319,P1118,P0317,P0317,P0317,P1118,42,43,1,True,True,0.3891279431134646,14,0.39998769552099755,0.3268816465897849,0.3,14,0.5168172457419726,-0.23333333333333334,14,,0,,,,0,,,0,0.3891279431134646,14,0.39998769552099755,0.3268816465897849,0.3,14,0.5168172457419726,-0.23333333333333334,14
V00_S1279_I00000319,P1118,P0317,P1118,P0317,P1118,86,90,4,False,False,0.3978351073291386,16,0.993123266658052,-0.5783236408764932,-0.03333333333333333,16,0.6517095080970847,-0.2,16,0.7023324378600319,120,0.9846916961438077,0.427408918900932,-0.5,120,0.44085024680772333,1.0,120,0.7900662427150327,13,0.8672985670138146,-0.5112017519709787,-0.23333333333333334,13,-0.7456266850247667,0.23333333333333334,13
V00_S1279_I00000319,P0317,P1118,P1118,P0317,P1118,123,124,1,False,True,0.6890591279133977,62,0.945668668308774,0.7232170533172443,-0.06666666666666667,62,-0.7657005030009225,-1.4,62,0.9188349249170847,30,0.9971887569902844,-0.5543640646106504,0.13333333333333333,30,-0.5304307791622188,0.8333333333333334,30,0.8600707273199022,17,0.9808659397320804,-0.41557624555571276,-0.03333333333333333,17,0.4110208086130914,-0.06666666666666667,17
V00_S1279_I00000319,P1118,P0317,P1118,P0317,P1118,173,176,3,False,False,0.7213761992204875,10,0.7159787837070085,-0.38261082331084534,-0.03333333333333333,10,-0.645499166399133,-0.13333333333333333,10,0.7659140999671521,90,0.9852529765838028,0.42991939598596013,-1.0666666666666667,90,0.29923785129881997,-2.0,90,0.9726577588815661,15,0.9944233643412176,-0.57238637859837,0.1,15,-0.6489243733851261,-0.1,15
V00_S1279_I00000319,P0317,P1118,P1118,P0317,P1118,211,215,4,True,True,0.8303139821792784,153,0.9999912437849828,0.40734361514545087,1.0,153,0.2580753692537379,1.8333333333333333,153,0.8875819741742296,120,0.9984498510879635,-0.3036050218030411,-0.23333333333333334,120,-0.27955883548166016,-1.4666666666666666,120,0.8303139821792784,153,0.9999912437849828,0.40734361514545087,1.0,153,0.2580753692537379,1.8333333333333333,153
V00_S1279_I00000319,P0317,P1118,P0317,P0317,P1118,220,227,7,False,True,0.8303139821792784,153,0.9999912437849828,0.40734361514545087,1.0,153,0.2580753692537379,1.8333333333333333,153,,0,,,,0,,,0,,0,,,,0,,,0
V00_S1279_I00000319,P1118,P0317,P0317,P0317,P1118,220,227,7,True,True,0.807761443057422,142,0.9773773624247081,0.5563469636758462,0.9,142,-0.27202243935940573,1.5666666666666667,142,,0,,,,0,,,0,,0,,,,0,,,0
V00_S1279_I00000319,P0317,P1118,P1118,P0317,P1118,356,360,4,True,False,0.7356673559712114,430,0.9883393628746135,-0.1458582066977527,0.4666666666666667,430,0.19317473582384628,1.1666666666666667,430,0.7429509924547519,120,0.8724486716329665,0.26473252703760364,1.8333333333333333,120,0.3780951308135884,-1.6,120,0.5809513373394516,89,0.9887364231605323,0.38089200667736706,-0.7333333333333333,89,0.579920326542533,2.0,89
V00_S1279_I00000323,P0317,P1118,P1118,P0317,P1118,41,44,3,True,True,0.66789568052314,442,0.9329256679557759,-0.2568643158983125,-1.6666666666666667,442,-0.14446293641865818,1.9,442,0.891788175658533,90,0.9551099140658943,0.4738202657796508,-0.06666666666666667,90,-0.6246798461190405,1.7333333333333334,90,0.66789568052314,442,0.9329256679557759,-0.2568643158983125,-1.6666666666666667,442,-0.14446293641865818,1.9,442
V00_S1279_I00000323,P1118,P0317,P1118,P0317,P1118,112,114,2,True,False,-0.16090312104818216,21,-0.39973254295507926,0.4607155269045027,0.06666666666666667,21,-0.5612382213512889,-0.4,21,,0,,,,0,,,0,0.9911103470305849,10,0.9974189432643307,-0.31851939729293266,-0.26666666666666666,10,0.5870769025253071,-0.13333333333333333,10
V00_S1279_I00000323,P0317,P1118,P1118,P0317,P1118,140,142,2,True,True,0.679409518096623,513,0.9757572869677393,-0.12596089621343745,-2.0,513,0.11618458658048314,-0.16666666666666666,513,,0,,,,0,,,0,0.679409518096623,513,0.9757572869677393,-0.12596089621343745,-2.0,513,0.11618458658048314,-0.16666666666666666,513
V00_S1279_I00000323,P1118,P0317,P0317,P0317,P1118,208,209,1,True,True,0.5152305872786083,137,0.9409422907514361,-0.23948450766888557,-0.43333333333333335,137,-0.3718941556541114,-1.5333333333333334,137,0.4828015580509801,30,0.9695657019740695,-0.6468989745762104,-0.2,30,0.46830275946991473,0.8333333333333334,30,0.5152305872786083,137,0.9409422907514361,-0.23948450766888557,-0.43333333333333335,137,-0.3718941556541114,-1.5333333333333334,137
V00_S1279_I00000323,P1118,P0317,P0317,P0317,P1118,230,233,3,True,True,0.6611261660395784,527,0.9460235658474309,-0.22972162771376378,-1.6,527,0.12954406309543945,-0.5,527,0.3566512026119895,90,0.6582612012349269,0.583415179848912,0.8333333333333334,90,0.6973475870456478,-1.3333333333333333,90,0.6611261660395784,527,0.9460235658474309,-0.22972162771376378,-1.6,527,0.12954406309543945,-0.5,527
V00_S1279_I00000323,P0317,P1118,P0317,P0317,P1118,236,241,5,False,False,0.7816867925741008,29,0.8551609084310303,-0.39861839204246496,-0.16666666666666666,29,-0.5219639891323316,-0.7,29,0.8388652788332938,150,0.9691800925326371,0.4436645853055237,0.03333333333333333,150,0.3243362819333929,-1.3,150,0.9332227264088973,10,0.9891229387822448,-0.526419469863355,-0.03333333333333333,10,-0.3530061767393482,0.03333333333333333,10
V00_S1279_I00000323,P1118,P0317,P1118,P0317,P1118,283,285,2,True,False,0.6775798227544414,766,0.9999822518716488,-0.14389730603619072,1.2,766,-0.1287443307973688,1.9666666666666666,766,0.6607967179022669,60,0.9451211825261457,-0.626688780197153,0.4,60,0.7366927417060329,1.8333333333333333,60,0.3740037764460362,574,0.6827243425226798,0.29777548740947607,1.4666666666666666,574,0.12752281615893502,-0.6,574
V00_S1279_I00000323,P0317,P1118,P1118,P0317,P1118,314,316,2,True,False,0.6825292904837781,100,0.9348661687572483,0.4053096474363149,-0.03333333333333333,100,-0.357970564635753,-2.0,100,0.8028863492849639,60,0.9407447261863469,-0.45790182701428156,0.36666666666666664,60,-0.5774233888488943,-1.5333333333333334,60,0.7157823850322175,12,0.9838774805517027,0.6146920595825777,-0.1,12,0.71206997629686,0.2,12
V00_S1279_I00000323,P1118,P0317,P0317,P0317,P1118,346,349,3,True,True,0.35390247553770376,84,0.9114230994991932,0.6035069461369806,-0.3333333333333333,84,-0.5095026124835007,-1.7666666666666666,84,0.1236771940667678,90,0.9929392629135874,0.3873431979083003,-0.5666666666666667,90,-0.49823513418043985,-0.43333333333333335,90,0.48624133841768763,227,0.9880231090101083,-0.3310953466795915,1.9,227,-0.35171043746743874,-1.2666666666666666,227
V00_S1279_I00000323,P0317,P1118,P1118,P0317,P1118,420,422,2,True,True,0.5833041225420221,489,0.941341780973982,0.2106860273083202,0.1,489,0.15798145491999363,-1.2,489,0.6851984710012166,60,0.9873104333908931,0.6473453253262821,-0.6666666666666666,60,-0.7402101208574776,-1.6666666666666667,60,0.5833041225420221,489,0.941341780973982,0.2106860273083202,0.1,489,0.15798145491999363,-1.2,489
V00_S1279_I00000323,P1118,P0317,P1118,P0317,P1118,423,424,1,False,False,0.709635565307284,11,0.2418276690529901,0.5547302548220258,-0.1,11,-0.7328908944709223,0.16666666666666666,11,,0,,,,0,,,0,0.5473917925115597,78,0.9997046077059626,-0.48269630117797657,-0.06666666666666667,78,0.6338188694052982,1.7666666666666666,78
V00_S1279_I00000324,P0317,P1118,P0317,P0317,P1118,28,36,8,False,False,0.31864361970416694,47,0.7844871784138341,0.34869341351504696,0.8666666666666667,47,0.6299996578037915,-1.4,47,0.7334750448574262,120,0.8300484917907535,-0.5946094187137413,0.16666666666666666,120,-0.38727052861236,-0.6666666666666666,120,0.933323253348821,6,0.9365772373417633,0.7215719065660601,0.0,6,-0.6129780814740438,-0.03333333333333333,6
V00_S1279_I00000324,P1118,P0317,P0317,P0317,P1118,129,131,2,False,True,0.7936448857264131,9,0.8436569049715716,-0.928448244941516,0.0,9,-0.7715624556036006,-0.03333333333333333,9,0.534026944696347,30,0.9679240300925203,0.3387064963758418,0.3,30,-0.7760976652844074,-0.5,30,,2,,,,2,,,2
V00_S1279_I00000324,P0317,P1118,P1118,P0317,P1118,137,139,2,False,True,0.534026944696347,30,0.9679240300925203,0.3387064963758418,0.3,30,-0.7760976652844074,-0.5,30,,0,,,,0,,,0,0.36693425418425085,36,0.8477198349408136,0.32414076010188286,0.1,36,-0.8046759960089103,1.0,36
V00_S1279_I00000324,P1118,P0317,P0317,P0317,P1118,349,353,4,False,True,0.5847365170480168,18,0.9712882169289719,-0.23858330624070292,-0.3333333333333333,18,0.5049536512307474,0.2,18,0.698087767797793,120,0.882175142081511,0.48028048421707153,0.4,120,-0.17756996760673202,1.6333333333333333,120,0.5382328382583956,138,0.7725980981336579,0.482537745772509,-0.5,138,-0.5354564676785121,1.1333333333333333,138
V00_S1279_I00000324,P0317,P1118,P1118,P0317,P1118,398,401,3,False,True,0.42316307440984463,51,0.8550107150494459,-0.6314886604520024,-0.16666666666666666,51,0.7028065629207283,1.5333333333333334,51,-0.461675363496039,90,-0.576889084027806,0.431844460343514,0.06666666666666667,90,0.35385441089884423,-1.9666666666666666,90,0.06316958960326295,118,0.44494188776881305,0.3782527768674906,0.06666666666666667,118,-0.4058778144056224,0.2,118
V00_S1279_I00000325,P0317,P1118,P1118,P0317,P1118,17,22,5,True,True,0.6016421305553897,885,0.944234337445407,-0.1278213737172867,0.8666666666666667,885,-0.13194378323793293,0.8333333333333334,885,0.6397079810410784,90,0.8689619477952341,0.33042726409739864,-1.5,90,-0.31001919682783674,0.3333333333333333,90,0.6016421305553897,885,0.944234337445407,-0.1278213737172867,0.8666666666666667,885,-0.13194378323793293,0.8333333333333334,885
V00_S1279_I00000325,P1118,P0317,P1118,P0317,P1118,43,46,3,False,False,,0,,,,0,,,0,0.42212631639020987,90,0.9999949617278099,0.3096132587306582,0.2,90,0.3650728138960192,-1.7,90,0.9155917406349395,11,0.9914322129163046,-0.3619169210286206,0.06666666666666667,11,-0.6755115513750443,-0.06666666666666667,11
V00_S1279_I00000325,P0317,P1118,P1118,P0317,P1118,53,57,4,True,True,0.5920055979751645,697,0.9967443654318702,0.2547367918074497,-0.43333333333333335,697,-0.2346273444614141,-1.5666666666666667,697,0.6977335703375513,120,0.9873726539922004,0.30224294055917367,-0.5666666666666667,120,-0.3983237981805081,-1.5666666666666667,120,0.5920055979751645,697,0.9967443654318702,0.2547367918074497,-0.43333333333333335,697,-0.2346273444614141,-1.5666666666666667,697
V00_S1279_I00000325,P1118,P0317,P1118,P0317,P1118,73,75,2,False,False,0.7540391440150203,18,0.9309563526324692,0.6763221776907135,-0.03333333333333333,18,-0.6713896414255456,0.23333333333333334,18,0.5848704041985806,60,0.9689303623406067,0.32089147161410864,-0.16666666666666666,60,-0.5463926010455818,-1.8,60,0.1963961965735504,131,0.9975677429543331,0.2489104969027723,-0.03333333333333333,131,0.29592636372564246,0.06666666666666667,131
V00_S1279_I00000325,P0317,P1118,P1118,P0317,P1118,85,87,2,True,True,0.7396754731967323,189,0.9834747894511582,0.5285614842013223,0.9666666666666667,189,0.30388600456275017,-0.9666666666666667,189,0.838703733586826,60,0.9857486679831313,-0.37559020136959453,0.7,60,0.7106369932556171,-1.8333333333333333,60,0.7396754731967323,189,0.9834747894511582,0.5285614842013223,0.9666666666666667,189,0.30388600456275017,-0.9666666666666667,189
V00_S1279_I00000325,P0317,P1118,P0317,P0317,P1118,166,167,1,False,True,0.8478812035385843,41,0.9852662258817376,0.5323102369487054,0.1,41,0.6644473595814426,1.1666666666666667,41,,0,,,,0,,,0,,0,,,,0,,,0
V00_S1279_I00000325,P1118,P0317,P0317,P0317,P1118,166,167,1,True,True,0.28649178204688347,780,0.9767729499117598,0.15414623995630128,-1.6666666666666667,780,-0.13255514416624756,-2.0,780,,0,,,,0,,,0,0.28649178204688347,780,0.9767729499117598,0.15414623995630128,-1.6666666666666667,780,-0.13255514416624756,-2.0,780
V00_S1279_I00000325,P1118,P0317,P0317,P0317,P1118,262,272,10,True,True,0.7920138677491564,10,0.9950057481831575,0.591173040886154,0.0,10,0.8040640231248952,0.16666666666666666,10,0.6278993130513222,60,0.9991500741416072,-0.3301402955319688,0.4,60,-0.6075319289088059,-1.7,60,,3,,,,3,,,3
V00_S1279_I00000325,P0317,P1118,P0317,P0317,P1118,275,276,1,False,True,,0,,,,0,,,0,,0,,,,0,,,0,,0,,,,0,,,0
V00_S1288_I00000092,P0071,P1119,P0071,P0071,P1119,49,51,2,False,False,,0,,,,0,,,0,-0.17246814212079886,60,-0.8335418407834092,0.23801573678169047,-0.4,60,0.6535159829148409,-1.1666666666666667,60,0.5202749173514207,837,0.9825221998435913,0.1910304401171457,-0.7666666666666667,837,-0.10009572104227168,0.3333333333333333,837
V00_S1288_I00000092,P1119,P0071,P0071,P0071,P1119,86,87,1,False,True,0.8538104112247341,9,0.9974848744865941,-0.70339511765471,-0.06666666666666667,9,0.6571546027564839,-0.06666666666666667,9,0.34514090365947314,30,0.7883694327895691,0.564505900121594,0.0,30,-0.5404719179767121,0.8,30,0.6053186362371882,132,0.7683287944821555,0.5860000263634589,-0.5,132,0.33805481157700373,0.6666666666666666,132
V00_S1288_I00000092,P0071,P1119,P1119,P0071,P1119,123,124,1,True,False,0.4919212698562882,276,0.8764535312338433,0.25584288254144666,0.5,276,0.2766418372804641,-1.8666666666666667,276,0.9502932801182367,30,0.9701352520484144,-0.44083403682853123,0.3,30,0.73803858233181,-0.8,30,0.8566120195565297,43,0.9917530558992194,0.3437756063699018,0.3,43,0.6222412858587879,1.1666666666666667,43
V00_S1288_I00000092,P1119,P0071,P0071,P0071,P1119,247,250,3,True,True,0.29422646327307506,306,0.591189921631353,0.19469727984293128,-1.6333333333333333,306,0.20584393045793897,1.1,306,0.2400480323543725,90,-0.022536501173286174,-0.25143189155763657,0.8,90,0.3622882899808295,-0.8,90,0.29422646327307506,306,0.591189921631353,0.19469727984293128,-1.6333333333333333,306,0.20584393045793897,1.1,306
V00_S1288_I00000092,P1119,P0071,P1119,P0071,P1119,289,292,3,True,False,0.16267636841735927,237,0.11706682333548511,0.2600861646392693,0.3,237,0.17317119709643788,-0.7333333333333333,237,0.3433603197038459,90,0.658113707229522,0.44964942863284,0.5,90,-0.45339374718422787,0.16666666666666666,90,0.21670991927948713,1462,0.7794155676854714,-0.09721147444753414,-0.2,1462,-0.06910443671146897,0.7333333333333333,1462
V00_S1288_I00000092,P0071,P1119,P1119,P0071,P1119,349,350,1,True,True,0.7314528782619253,68,0.6206559631294867,-0.382239559523743,-0.6,68,0.6290361168512704,-1.9,68,0.8068495640613359,30,0.8287656051400886,0.5287464490238853,0.1,30,-0.6631173662613666,-0.8,30,0.7314528782619253,68,0.6206559631294867,-0.382239559523743,-0.6,68,0.6290361168512704,-1.9,68
V00_S1288_I00000092,P0071,P1119,P1119,P0071,P1119,370,371,1,True,False,0.5139905146330414,42,0.9695765175855435,0.5523088629981115,0.9,42,0.6841469731925836,-1.1,42,0.5491631266302657,30,0.5858355233125477,0.4276433169032433,0.16666666666666666,30,-0.47773141932853325,0.16666666666666666,30,0.6365303177375105,41,0.7845623725546919,0.7171143447575343,0.16666666666666666,41,0.7340275284287199,-0.16666666666666666,41
V00_S1288_I00000092,P1119,P0071,P0071,P0071,P1119,372,373,1,True,False,0.6270821364659834,70,0.9914349142827125,0.4731960498186383,-0.7666666666666667,70,-0.6221253476023351,-1.8333333333333333,70,0.6264669466440005,30,0.999093098429413,0.6051073366274597,0.16666666666666666,30,0.6240279099164854,-0.5666666666666667,30,0.714276704507982,184,0.9991319780559581,0.4559076043702632,0.7666666666666667,184,-0.26860820015124076,2.0,184
V00_S1288_I00000093,P0071,P1119,P0071,P0071,P1119,19,23,4,False,False,,0,,,,0,,,0,0.2563261832197102,120,0.5035775203942604,-0.36159141165065717,-0.9333333333333333,120,-0.3530207967639663,2.0,120,-0.18933872739826738,17,-0.3409393629661693,0.3323159948501272,0.36666666666666664,17,-0.5659943812171481,-0.36666666666666664,17
V00_S1288_I00000093,P1119,P0071,P0071,P0071,P1119,23,26,3,True,True,0.3085249037812658,634,0.802372921606949,0.13911561355523505,-2.0,634,0.059938774978127746,-1.7,634,0.59244894209375,90,0.9824608847509902,0.35429922405483605,-0.8666666666666667,90,0.5047564035064545,0.8,90,0.27958669511070233,89,0.4704218607853421,0.5455805629389077,-0.8666666666666667,89,-0.4194842356457623,0.6666666666666666,89
V00_S1288_I00000093,P0071,P1119,P1119,P0071,P1119,87,88,1,True,False,0.038693930452200744,151,-0.25565406008952635,-0.5053091005279974,-1.2666666666666666,151,-0.486061299663089,-1.9333333333333333,151,0.7617071017163461,30,0.8936241131651659,-0.4537466299576678,0.0,30,0.7600858923965623,-0.7666666666666667,30,0.7582831291423205,17,0.9953855058373328,0.5852010800107414,0.0,17,0.5432791842728473,-0.3,17
V00_S1288_I00000093,P1119,P0071,P0071,P0071,P1119,88,89,1,True,True,0.4980357872239976,229,0.930339660301998,0.3584880691370524,2.0,229,0.23067114104419295,-1.9333333333333333,229,0.8583660696188888,30,0.9998851586418095,0.7137268704976251,0.0,30,0.7829836539251729,0.6,30,0.4980357872239976,229,0.930339660301998,0.3584880691370524,2.0,229,0.23067114104419295,-1.9333333333333333,229
V00_S1288_I00000094,P0071,P1119,,P0071,P1119,24,24,0,False,False,0.6700273500335554,175,0.7224852948544265,0.4755722596076858,-0.03333333333333333,175,0.29862830962904224,0.0,175,,0,,,,0,,,0,0.8577531654230464,98,0.9568562068951652,0.36288703623205615,-1.0,98,-0.38900652810814246,-2.0,98
V00_S1288_I00000094,P1119,P0071,P0071,P0071,P1119,54,55,1,True,True,0.9206023533176526,99,0.9474016682291568,0.39761486047976463,-0.16666666666666666,99,0.5531969872319334,-1.5,99,0.9646513091722537,30,0.9959202688850721,0.4190500909314168,-0.16666666666666666,30,-0.8800651790672791,-0.8,30,0.9206023533176526,99,0.9474016682291568,0.39761486047976463,-0.16666666666666666,99,0.5531969872319334,-1.5,99
V00_S1288_I00000094,P1119,P0071,P0071,P0071,P1119,166,169,3,True,True,0.18222953321027305,224,0.16305061433280307,0.34019271476310253,-0.5,224,0.1833933038959063,1.7333333333333334,224,0.10577765302317058,90,-0.06071524960311228,0.42467102678602947,-0.5333333333333333,90,0.4897534048257185,1.7333333333333334,90,0.8011911635103532,38,0.9425215079622635,0.47763941512875113,-0.9,38,0.5571875504929137,-1.0333333333333334,38
V00_S1288_I00000094,P0071,P1119,P0071,P0071,P1119,193,195,2,True,False,0.3894791376124595,68,0.9471769138650176,0.6059315580809796,1.6666666666666667,68,0.6951673216504146,-1.6666666666666667,68,0.15563628925849907,60,0.10678094411498096,0.439202233808932,0.3333333333333333,60,-0.6518296702883231,-1.7,60,0.1417097887400173,19,0.10733429691705536,-0.6287489048647619,0.1,19,0.8792789204605083,-0.43333333333333335,19
V00_S1288_I00000094,P0071,P1119,P1119,P0071,P1119,276,278,2,True,True,0.25135521747905176,770,0.3753243765955375,-0.12491088116869839,0.9,770,-0.12569736400782533,0.16666666666666666,770,0.4142197231472829,60,0.32303270404459505,0.702706192958205,-0.6,60,0.8084159265721755,1.8,60,0.25135521747905176,770,0.3753243765955375,-0.12491088116869839,0.9,770,-0.12569736400782533,0.16666666666666666,770
V00_S1288_I00000094,P1119,P0071,P1119,P0071,P1119,276,278,2,False,False,0.5000089520462241,15,0.4383799354949183,0.6948363206917123,0.23333333333333334,15,0.971333027565697,-0.3333333333333333,15,0.4142197231472829,60,0.32303270404459505,0.702706192958205,-0.6,60,0.8084159265721755,1.8,60,0.7052822759089347,41,0.7048629067274146,0.6881439789993243,0.16666666666666666,41,0.47655623754747906,1.0666666666666667,41
V00_S1288_I00000095,P0071,P1119,P1119,P0071,P1119,39,43,4,True,True,0.7237332641839422,20,0.8921741363363416,0.6885026845189284,0.3333333333333333,20,0.7657739024553947,0.4666666666666667,20,0.309139943991002,120,0.14862298457747283,0.4516770261989592,0.23333333333333334,120,0.3259640756551316,-1.3,120,0.3612390514240091,133,0.3588899340494934,0.3582564001556339,0.2,133,0.4100385230651483,-1.3,133
V00_S1288_I00000095,P1119,P0071,P1119,P0071,P1119,45,47,2,True,False,0.9062663242379998,66,0.9967419113648974,0.36834618993643553,-1.7333333333333334,66,-0.8437325573458389,2.0,66,0.7907549470938698,60,0.9932076175729859,0.3539542883576351,0.5666666666666667,60,-0.7885470126016094,1.5333333333333334,60,0.1601608164977959,149,-0.4822429375427236,0.32204999638439613,-0.3,149,0.3177078046678315,-1.7333333333333334,149
V00_S1288_I00000095,P0071,P1119,P0071,P0071,P1119,110,112,2,False,False,0.6212313030861248,35,0.8589867813621982,0.518921919788623,1.0,35,-0.6406928119097296,1.0,35,0.4825398969234081,60,0.6815185494796999,0.3301802361938709,-0.5666666666666667,60,-0.5041877118464809,-1.6666666666666667,60,0.08526045604667941,40,0.4125815962393816,0.3904796981720006,0.8333333333333334,40,0.5880792914611592,-1.0,40
V00_S1288_I00000095,P0071,P1119,P0071,P0071,P1119,145,147,2,False,False,0.026573332319810763,13,-0.10673358475341217,-0.4529839620517629,0.0,13,0.5199677564100108,0.2,13,0.044193461828393565,60,0.009617162743169696,0.43508140900971426,0.26666666666666666,60,-0.9001202611104878,-1.8333333333333333,60,0.04704693360195382,47,-0.06435713391887074,0.4883233607333512,-0.3333333333333333,47,-0.545661794566559,-1.0,47
V00_S1288_I00000095,P1119,P0071,P0071,P0071,P1119,185,187,2,True,False,0.17198556892464129,128,0.1597937718445651,0.29980835781065873,-0.7333333333333333,128,0.2819223329491647,-0.26666666666666666,128,0.12056975162941366,60,0.2399340247720969,0.5574308328213005,0.26666666666666666,60,0.6256252669054295,0.8,60,0.6885157191740386,51,0.8420760899644201,-0.5179206805666934,0.2,51,0.7601187050588559,1.3,51
V00_S1288_I00000095,P1119,P0071,P1119,P0071,P1119,313,314,1,False,True,0.0935955850036683,2151,0.16150754773955556,-0.10164090248368907,-0.16666666666666666,2151,-0.08258788957128917,-1.7,2151,-0.07212245289589933,30,-0.18360163629587642,-0.5089997851360322,-0.5,30,0.7119593445744528,0.7,30,0.15698476688809354,49,0.17890341163098697,0.5976711164680265,0.4666666666666667,49,-0.847677743784886,1.4333333333333333,49
V00_S1288_I00000097,P1119,P0071,P0071,P0071,P1119,32,33,1,True,True,0.21175471043482663,980,0.42360881255161176,0.10000889363239736,0.9666666666666667,980,0.07477557819271533,-1.0333333333333334,980,0.5793497415499296,30,0.9803136556594059,0.42935899241149944,0.43333333333333335,30,0.6335593791832977,-0.8333333333333334,30,0.21175471043482663,980,0.42360881255161176,0.10000889363239736,0.9666666666666667,980,0.07477557819271533,-1.0333333333333334,980
V00_S1288_I00000097,P0071,P1119,P1119,P0071,P1119,38,41,3,True,False,0.8067143652308928,190,0.9395269996137701,0.3819790241412584,1.3333333333333333,190,0.23065027668128693,-0.8333333333333334,190,0.7639000205048627,90,0.9443783148986574,0.37073751633764956,-0.5666666666666667,90,-0.3355295359591252,1.9,90,0.11749302898120527,58,0.011344151066992167,0.4137084483181114,1.6,58,-0.5694804886444431,1.7333333333333334,58
V00_S1288_I00000097,P0071,P1119,P1119,P0071,P1119,107,108,1,True,True,0.6148149025919458,221,0.9988236478336787,0.27042963197715975,-1.8333333333333333,221,-0.20073475321166442,-1.5666666666666667,221,0.6766906953194326,30,0.6950331387787458,0.49483871209201274,0.3333333333333333,30,-0.5806574489483516,0.8,30,0.6148149025919458,221,0.9988236478336787,0.27042963197715975,-1.8333333333333333,221,-0.20073475321166442,-1.5666666666666667,221
V00_S1288_I00000097,P1119,P0071,P1119,P0071,P1119,115,117,2,False,False,0.6053257566198751,103,0.722814090506099,0.30981037284429513,-0.1,103,0.35356419365291897,-1.7,103,0.8000850506422743,60,0.9868924357099301,0.47926356050168306,-0.2,60,-0.8934823903962361,-1.8333333333333333,60,0.738266041213611,15,0.787500360825182,0.6284631964589962,-0.03333333333333333,15,-0.6161699692968738,0.16666666666666666,15
V00_S1288_I00000097,P0071,P1119,P1119,P0071,P1119,123,125,2,True,True,0.4807757615929855,638,0.6452734484957099,0.19841250868643842,0.26666666666666666,638,0.1946938286207515,-0.3,638,0.3409217108645116,60,0.19545833203376814,-0.35759155699776873,0.4,60,-0.7826533344401263,-1.8333333333333333,60,0.4807757615929855,638,0.6452734484957099,0.19841250868643842,0.26666666666666666,638,0.1946938286207515,-0.3,638
V00_S1288_I00000097,P1119,P0071,P1119,P0071,P1119,147,148,1,False,True,0.694991899581736,18,0.7255840642772495,0.6587013839054374,-0.16666666666666666,18,-0.5177238367276848,-0.2,18,0.53548286523041,30,0.738024877813283,0.6168420167904062,-0.23333333333333334,30,-0.7166050977598257,-0.6666666666666666,30,0.4292450906882776,47,0.4567048502420601,0.5525498023068185,0.9333333333333333,47,0.8069538647764923,-0.9666666666666667,47
V00_S1288_I00000097,P1119,P0071,P1119,P0071,P1119,193,194,1,True,False,0.3861063234647014,52,0.406848501826151,0.553426868615035,-0.26666666666666666,52,0.5178761925522744,-1.3666666666666667,52,0.643094066576337,30,0.6587912022522189,0.5983312810831166,-0.16666666666666666,30,-0.6263523093908483,0.8,30,0.939744135749326,33,0.9707129256458247,0.49727555906052945,-0.7333333333333333,33,-0.6944926444981466,-0.9,33
V00_S1288_I00000097,P0071,P1119,P1119,P0071,P1119,194,195,1,True,True,0.8121643077774204,46,0.9072535471669103,0.3716273060650014,0.9,46,-0.8149536244463852,1.2333333333333334,46,0.934926272371086,30,0.9998974128071175,0.5845483937293419,0.26666666666666666,30,-0.5217242908010717,0.4666666666666667,30,0.9113161174366949,54,0.934954793632678,0.6566710615752761,0.0,54,0.6105129240601656,-0.9,54
V00_S1288_I00000098,P1119,P0071,P1119,P0071,P1119,90,93,3,True,False,0.16907098066427995,2603,0.2758569331884257,-0.1045901850165921,-0.3,2603,-0.05864836366694259,1.3333333333333333,2603,0.02823214280035514,90,-0.2551515841194657,0.42571966602511113,-0.13333333333333333,90,0.5479514567632435,-0.8666666666666667,90,0.7443466795636572,30,0.8011813456666476,0.4148989652186425,0.03333333333333333,30,0.5952112649059429,0.8,30
V00_S1288_I00000098,P0071,P1119,P1119,P0071,P1119,102,103,1,True,False,0.7854919238607022,81,0.83253506117616,0.6121313811625753,-0.5,81,0.5963622701763658,0.5,81,0.7748166407910413,30,0.8727223040028071,0.7238147385861278,-0.5,30,0.6859379073161622,0.5,30,0.4967677101009213,88,0.3608537765267756,0.30590589098476373,-1.2333333333333334,88,0.7254848141410861,-1.9666666666666666,88
V00_S1288_I00000098,P0071,P1119,P0071,P0071,P1119,166,169,3,False,False,0.44881866186310454,42,0.5607820516190919,0.6171965990355658,-0.1,42,0.4669886024900537,0.8333333333333334,42,0.10691738295433907,90,0.8753433974618516,0.44717854205076657,0.5666666666666667,90,0.28600795408832635,-1.9333333333333333,90,0.30105649467544804,142,0.12759677627289304,0.5509323142548219,1.9333333333333333,142,0.2861928590573457,-0.3333333333333333,142
V00_S1288_I00000098,P1119,P0071,P0071,P0071,P1119,195,197,2,True,True,0.3047787252272246,224,0.20404475438056646,0.36409486034793975,-0.7333333333333333,224,0.2998191691345927,-1.8333333333333333,224,0.617439188546221,60,0.7362306095787428,-0.42012284552239815,-0.6666666666666666,60,-0.7710260314757771,-1.7333333333333334,60,0.3047787252272246,224,0.20404475438056646,0.36409486034793975,-0.7333333333333333,224,0.2998191691345927,-1.8333333333333333,224
V00_S1288_I00000098,P0071,P1119,P1119,P0071,P1119,210,211,1,True,False,0.4663593860632803,122,0.8446730297014571,0.39037808042775907,-1.3666666666666667,122,0.3541524040884034,0.7666666666666667,122,-0.036872507237808216,30,-0.09520820537631598,-0.5079077152810011,-0.03333333333333333,30,0.4513342551440942,-0.5333333333333333,30,0.05073388429948288,58,-0.03195107808678101,0.42550045505058265,0.43333333333333335,58,0.6885001279730473,-1.7,58
V00_S1288_I00000098,P1119,P0071,P1119,P0071,P1119,234,237,3,False,False,0.7841194016512645,31,0.8516578541187841,0.6312546493205599,0.06666666666666667,31,0.5755903227004441,-0.7666666666666667,31,0.4858968169818973,90,0.9218708141571575,0.32905421909304144,-1.8,90,0.4859181323972916,1.9,90,-0.6131771106252498,21,-0.690379644338937,-0.5623220515392214,-0.1,21,0.6733100131463304,0.2,21
V00_S1288_I00000099,P0071,P1119,P1119,P0071,P1119,16,18,2,True,True,0.3042925319500795,558,0.30629576733594854,-0.11111974725497709,1.7,558,0.15435276686404997,-0.23333333333333334,558,0.5550626201346296,60,0.7518933790455407,0.5437529387684807,0.26666666666666666,60,0.7057318065921147,0.9666666666666667,60,0.3042925319500795,558,0.30629576733594854,-0.11111974725497709,1.7,558,0.15435276686404997,-0.23333333333333334,558
V00_S1288_I00000099,P1119,P0071,P1119,P0071,P1119,55,65,10,False,False,0.8839532073714664,29,0.9434633530837012,-0.6274264697440429,0.0,29,-0.8196479842271616,0.6,29,0.5670736015645682,300,0.9413649392000176,0.37329746317352347,-0.26666666666666666,300,-0.2320730827717493,-0.9,300,0.32607897988264656,77,0.26235760405144454,-0.4220116629453174,0.1,77,-0.617250394350197,-1.9333333333333333,77
V00_S1288_I00000099,P0071,P1119,P1119,P0071,P1119,164,165,1,True,False,0.07939948119677685,287,0.8481156740248091,0.32019435363484505,-0.26666666666666666,287,-0.3797132897526665,0.7333333333333333,287,0.8233429948941743,30,0.9908381701661327,0.48333196304139847,0.8,30,-0.6167601210327778,-0.8333333333333334,30,0.1228068871358719,1055,0.037200071544114144,-0.208976816804795,0.13333333333333333,1055,0.19318085521651956,0.3333333333333333,1055
V00_S1288_I00000099,P0071,P1119,P1119,P0071,P1119,208,211,3,True,False,0.3565928155085762,247,0.7688124317353464,0.29909175002566957,1.8333333333333333,247,0.21371182544742046,1.2666666666666666,247,0.6102358200928856,90,0.6658562782531708,0.5522485373842724,-0.5666666666666667,90,0.5082373834687999,0.5666666666666667,90,0.7802591563722644,22,0.9179980107236207,0.40720243014214913,-0.13333333333333333,22,-0.5423558584516969,-0.5666666666666667,22
V00_S1288_I00000099,P1119,P0071,P1119,P0071,P1119,321,323,2,False,False,0.47213337075362166,134,0.8783519805803368,0.3348595716376898,-0.1,134,0.3693121756359143,-1.2,134,0.12060865189616103,60,0.09093824478207509,-0.28441650507811445,0.0,60,0.5957887166236242,-1.6,60,0.8745353521400824,55,0.9097512776773486,0.5196891161001388,-0.6666666666666666,55,-0.48865750423726434,1.3666666666666667,55
V00_S1288_I00000099,P1119,P0071,P0071,P0071,P1119,406,407,1,True,True,0.8745353521400824,55,0.9097512776773486,0.5196891161001388,-0.6666666666666666,55,-0.48865750423726434,1.3666666666666667,55,0.9595132561666119,30,0.986359816337987,-0.6719893394568192,-0.06666666666666667,30,0.549662432237584,0.7666666666666667,30,0.8745353521400824,55,0.9097512776773486,0.5196891161001388,-0.6666666666666666,55,-0.48865750423726434,1.3666666666666667,55
V00_S1288_I00000102,P0071,P1119,P1119,P0071,P1119,16,19,3,True,True,0.37040372587917697,662,0.5781327458130958,-0.12451390748311106,1.6,662,0.15826611190765513,-2.0,662,0.5262361000399073,90,0.6959817115545534,0.74092530441159,-0.3333333333333333,90,0.5492279221445775,-1.3666666666666667,90,0.37040372587917697,662,0.5781327458130958,-0.12451390748311106,1.6,662,0.15826611190765513,-2.0,662
V00_S1288_I00000102,P0071,P1119,P1119,P0071,P1119,48,49,1,True,False,0.28625404219382566,484,0.39484403600202667,0.20560855425055463,-1.8666666666666667,484,-0.16349409819080576,0.3,484,0.6407560260545749,30,0.8839267901109418,-0.6115504918855098,-0.06666666666666667,30,-0.7912225893446081,-0.7333333333333333,30,0.3133056056777579,433,0.34851664480615857,0.28331257680514205,-0.5666666666666667,433,0.1472584218075161,0.5,433
V00_S1288_I00000102,P1119,P0071,P1119,P0071,P1119,103,106,3,False,False,0.41451920858104996,35,0.4120002862253033,0.8839597613984431,-0.5,35,0.8195465860858573,0.9666666666666667,35,-0.049150055310785506,90,-0.21682076802325542,0.4830007918404638,-0.9666666666666667,90,0.4265906517063798,-2.0,90,0.05187737166611902,112,-0.09501707624511171,0.40818400344919264,0.5333333333333333,112,0.4912688827313183,1.9333333333333333,112
V00_S1288_I00000102,P1119,P0071,P1119,P0071,P1119,165,166,1,False,False,0.7567145195954382,15,0.6800848396995749,-0.6301423322722548,-0.23333333333333334,15,0.42822620319507815,-0.3,15,0.6491232005738913,30,0.7481552512231644,0.4087352099217871,0.1,30,0.6093551251579273,0.6,30,0.6679944948492798,40,0.9555096709348451,-0.4086230259540315,0.5666666666666667,40,-0.4315471672552242,1.1333333333333333,40
V00_S1288_I00000102,P1119,P0071,P0071,P0071,P1119,176,177,1,True,True,0.5466172880758117,115,0.15714038285494633,-0.5078150494111433,-0.36666666666666664,115,0.2400613880221079,-1.4666666666666666,115,0.6135168011486793,30,0.7240149537125208,0.5701244236088763,0.4666666666666667,30,0.6499270782300279,-0.4666666666666667,30,0.5466172880758117,115,0.15714038285494633,-0.5078150494111433,-0.36666666666666664,115,0.2400613880221079,-1.4666666666666666,115
V00_S1288_I00000102,P0071,P1119,P0071,P0071,P1119,188,191,3,True,False,0.3111672336266758,353,0.5625253161018358,0.16436758088588865,-1.8666666666666667,353,-0.15210524443376275,0.9,353,0.5185651091643486,90,0.4804482679086523,0.2563065178812779,0.5666666666666667,90,-0.26313547669583154,1.6,90,0.11324734372455605,325,0.8882379048946931,-0.5300711398130522,-0.03333333333333333,325,-0.4192062056171572,1.3666666666666667,325
V00_S1288_I00000103,P0071,P1119,P1119,P0071,P1119,66,70,4,True,True,0.6825923089302763,308,0.8780758904828797,0.22098435756817214,1.7666666666666666,308,0.20986101385698364,-1.8666666666666667,308,0.6127321270376335,120,0.969638612452152,0.47445645721759055,-0.3333333333333333,120,-0.36290355659254325,1.2666666666666666,120,0.7200807620486308,92,0.936638477817636,0.5234353885369014,1.0,92,0.5326263866405192,-1.1,92
V00_S1288_I00000103,P1119,P0071,P1119,P0071,P1119,73,76,3,True,False,0.6478930852869187,80,0.5786294199791765,0.5837770626555244,0.06666666666666667,80,-0.3445768631756478,-2.0,80,0.816589451342702,90,0.9905270823842146,0.39944785318673875,1.1333333333333333,90,0.5777441319874637,-1.9,90,0.29067848290182424,20,0.9751669322592378,0.7833660984482284,-0.26666666666666666,20,-0.7518723995227896,0.3,20
V00_S1288_I00000103,P0071,P1119,P0071,P0071,P1119,313,314,1,False,False,0.2046933338394736,165,0.11108254202539737,0.5283044773399803,-0.3,165,-0.3069351833409447,-0.4,165,0.5976774033431902,30,0.7622404330834108,0.8712332556161663,0.06666666666666667,30,-0.6653288769694645,-0.8333333333333334,30,0.4765316407243232,17,0.46822167092719363,-0.5291364046693543,0.2,17,-0.6059685171444273,0.36666666666666664,17
V00_S1288_I00000103,P1119,P0071,P1119,P0071,P1119,343,346,3,False,False,0.7807949070303247,19,0.9999793591637738,-0.5238507725756207,-0.5,19,0.6593152895376564,0.3333333333333333,19,0.88347197963491,90,0.999352500152527,0.563792855655359,0.0,90,0.7173576861444138,-2.0,90,0.31229060988146673,199,0.9058836006521865,0.35330894324373946,0.7333333333333333,199,0.2801380459525443,-0.3,199
V00_S1288_I00000103,P0071,P1119,P1119,P0071,P1119,434,436,2,True,False,-0.058423048089910584,487,-0.2343446831736253,-0.2982418496681365,0.7,487,-0.11933275747651277,-0.8666666666666667,487,0.5917881866723034,60,0.5827170561561321,0.46965290713821717,-0.3333333333333333,60,-0.7446163885818404,1.6666666666666667,60,0.0997790058521847,120,0.06654470252252463,0.3026338579397187,-1.2,120,-0.3677103043982509,-1.6,120
V00_S1288_I00000103,P1119,P0071,P0071,P0071,P1119,518,520,2,True,True,0.1451552655746355,66,0.28433462569577506,0.3300757539778009,-2.0,66,0.7129572786752243,1.9666666666666666,66,0.1469748514092421,60,0.2600704433549397,0.6125534760191154,-1.8666666666666667,60,-0.8344789363324632,1.7333333333333334,60,0.1451552655746355,66,0.28433462569577506,0.3300757539778009,-2.0,66,0.7129572786752243,1.9666666666666666,66
V00_S1289_I00000144,P1120,P0709,P0709,P0709,P1120,82,87,5,True,True,0.46277776977698926,213,0.2612136441536582,-0.1701452753875378,-0.16666666666666666,213,0.18230671277062005,-1.0666666666666667,213,0.3922724830287031,150,0.17309963140496742,0.3159949560808546,0.1,150,0.16723504235558914,0.9333333333333333,150,0.31196553457131565,191,-0.23540932753460117,0.20161801442908392,-1.3333333333333333,191,0.23013846796056492,-1.8333333333333333,191
V00_S1289_I00000144,P0709,P1120,P1120,P0709,P1120,114,116,2,False,True,0.1411155303381995,10,0.13572071213748005,-0.8281550239839868,-0.03333333333333333,10,0.7698129005192971,0.13333333333333333,10,0.5990854947173889,60,0.5715569248933561,0.5639666604599636,0.9,60,0.5365139226410717,-1.4333333333333333,60,0.6739516057672893,74,0.761333669492895,0.4868831447035294,0.6666666666666666,74,-0.3622635723178346,-1.7666666666666666,74
V00_S1289_I00000144,P1120,P0709,P1120,P0709,P1120,160,161,1,False,True,0.3639380243903047,72,0.3393024592623628,0.3328362840276409,0.13333333333333333,72,-0.40590379977777824,2.0,72,-0.260151238955123,30,-0.6431238199354928,0.27481429082476644,0.06666666666666667,30,-0.6880444612296787,0.6333333333333333,30,0.11919096167258138,84,0.38144454092365093,0.3469210433836073,0.3333333333333333,84,-0.3597615478578042,1.1,84
V00_S1289_I00000144,P1120,P0709,P1120,P0709,P1120,186,189,3,False,True,,0,,,,0,,,0,0.351189772535465,90,0.3630418895560529,-0.29529523802459046,-0.16666666666666666,90,-0.34183095923876083,1.9333333333333333,90,0.504368968976397,20,0.43010246621812176,0.54433634635129,-0.06666666666666667,20,0.5018890693283621,0.03333333333333333,20
V00_S1289_I00000144,P1120,P0709,P0709,P0709,P1120,197,199,2,False,True,0.5572186957859718,84,0.6005853348636284,0.28802113511416466,1.1333333333333333,84,0.5378450375460848,1.8666666666666667,84,0.34170750403583466,60,0.16248123640195664,-0.33692591800679833,-0.03333333333333333,60,0.6233688116538924,1.8,60,0.23649017233299,57,0.1532703108275108,-0.39094148130855055,-0.03333333333333333,57,0.6316995384498318,1.6333333333333333,57
V00_S1289_I00000146,P1120,P0709,P1120,P0709,P1120,32,35,3,True,False,0.23966400174167568,873,0.026407498962096102,-0.11675089644830233,-1.5333333333333334,873,0.06937952073821214,-1.0333333333333334,873,0.5200646203576448,60,0.35615655187031975,0.3490817023266025,-1.3,60,-0.5420798952225497,1.2666666666666666,60,,0,,,,0,,,0
V00_S1289_I00000146,P0709,P1120,P1120,P0709,P1120,60,63,3,True,True,0.7317003264246039,156,0.9510559128348685,0.4302864786071333,0.3333333333333333,156,-0.2119174134553221,-1.1666666666666667,156,0.7185251266569509,90,0.9777723267555253,0.606460410622092,0.3333333333333333,90,0.3612805459287939,1.9666666666666666,90,0.7317003264246039,156,0.9510559128348685,0.4302864786071333,0.3333333333333333,156,-0.2119174134553221,-1.1666666666666667,156
V00_S1289_I00000146,P1120,P0709,P0709,P0709,P1120,63,66,3,False,False,,0,,,,0,,,0,0.3468197100722652,90,-0.9302189578795583,-0.3194830284517369,-0.16666666666666666,90,-0.47167826369247534,-1.9333333333333333,90,0.17327907365635553,298,0.4546848586840977,0.17237176220932268,0.7,298,0.16701052318963297,1.9,298
V00_S1289_I00000146,P0709,P1120,P1120,P0709,P1120,100,102,2,True,True,,0,,,,0,,,0,,0,,,,0,,,0,,0,,,,0,,,0
V00_S1289_I00000146,P0709,P1120,P1120,P0709,P1120,132,133,1,True,True,,0,,,,0,,,0,,0,,,,0,,,0,,0,,,,0,,,0
V00_S1289_I00000146,P1120,P0709,P1120,P0709,P1120,175,179,4,False,True,,0,,,,0,,,0,,0,,,,0,,,0,,0,,,,0,,,0
V00_S1289_I00000146,P0709,P1120,P1120,P0709,P1120,191,194,3,True,True,-0.12472832044332888,180,-0.08860333806256361,0.2986224973921233,1.3666666666666667,180,-0.252417842511928,-0.1,180,-0.6957852211298294,30,-0.8564922647537268,0.6310600357402073,0.9,30,-0.9366145488613903,-0.8,30,-0.12472832044332888,180,-0.08860333806256361,0.2986224973921233,1.3666666666666667,180,-0.252417842511928,-0.1,180
V00_S1289_I00000147,P1120,P0709,P0709,P0709,P1120,16,18,2,True,True,0.06807663600336852,720,0.5321739596362398,0.09105217862494569,0.7,720,0.10325786287581606,-0.5666666666666667,720,0.4944465233672457,60,0.9956388477284845,0.34191361382200647,-0.7666666666666667,60,-0.6373564908645399,1.6666666666666667,60,0.06807663600336852,720,0.5321739596362398,0.09105217862494569,0.7,720,0.10325786287581606,-0.5666666666666667,720
V00_S1289_I00000147,P0709,P1120,P1120,P0709,P1120,64,66,2,True,True,0.18737312326043662,224,0.9861910789826993,0.3989492167368861,-1.0333333333333334,224,0.19494312955662424,1.0,224,0.45924031965989,60,0.9594907018364599,0.3004719456219577,0.03333333333333333,60,-0.6220397943170692,-1.5,60,0.18737312326043662,224,0.9861910789826993,0.3989492167368861,-1.0333333333333334,224,0.19494312955662424,1.0,224
V00_S1289_I00000147,P1120,P0709,P0709,P0709,P1120,67,68,1,False,True,-0.4178412670910285,15,-0.9740870654856921,-0.7321728288387638,-0.06666666666666667,15,0.7211743667592261,0.3333333333333333,15,,0,,,,0,,,0,,0,,,,0,,,0
V00_S1289_I00000147,P0709,P1120,P1120,P0709,P1120,96,98,2,True,True,0.10335925535794066,1216,0.9999066157756578,0.10305419993596064,-1.6,1216,-0.08829023496911889,2.0,1216,0.40327515075782144,60,0.9307803684759443,-0.7116043168721087,0.0,60,0.90684172107332,-1.8333333333333333,60,0.10335925535794066,1216,0.9999066157756578,0.10305419993596064,-1.6,1216,-0.08829023496911889,2.0,1216
V00_S1289_I00000147,P0709,P1120,P1120,P0709,P1120,113,116,3,True,True,0.10335925535794066,1216,0.9999066157756578,0.10305419993596064,-1.6,1216,-0.08829023496911889,2.0,1216,0.043840806907661706,90,0.030791745446639294,0.30160016372453263,2.0,90,0.46901454200315507,-2.0,90,0.10335925535794066,1216,0.9999066157756578,0.10305419993596064,-1.6,1216,-0.08829023496911889,2.0,1216
V00_S1289_I00000147,P0709,P1120,P1120,P0709,P1120,125,128,3,True,True,0.10335925535794066,1216,0.9999066157756578,0.10305419993596064,-1.6,1216,-0.08829023496911889,2.0,1216,0.4386727255953565,30,0.7077108057394224,-0.5110962081469171,-0.4666666666666667,30,-0.4747135271372982,-0.2,30,0.10335925535794066,1216,0.9999066157756578,0.10305419993596064,-1.6,1216,-0.08829023496911889,2.0,1216
V00_S1289_I00000147,P0709,P1120,P1120,P0709,P1120,138,141,3,False,True,0.10335925535794066,1216,0.9999066157756578,0.10305419993596064,-1.6,1216,-0.08829023496911889,2.0,1216,-0.32718696401824204,90,0.9553721542156351,-0.33562007656783566,-0.6666666666666666,90,-0.41914415803507765,-1.9,90,-0.016455866309296487,425,-0.2238030625948239,0.24904720988246584,-0.9666666666666667,425,-0.15838345854191327,-0.4666666666666667,425
V00_S1289_I00000147,P1120,P0709,P1120,P0709,P1120,143,149,6,False,False,-0.20174978069399635,20,-0.603285148050161,0.5532074275331326,-0.26666666666666666,20,-0.8649250329118772,0.5,20,-0.07617266671682048,180,-0.8827106208253276,0.34086341511333135,0.3333333333333333,180,-0.23471650074755823,0.8,180,-0.07857007503300681,141,0.9926916061403401,0.29835192466633237,0.4,141,0.34612088318601575,-0.4666666666666667,141
V00_S1289_I00000147,P1120,P0709,P1120,P0709,P1120,201,203,2,False,False,0.538017875126521,32,0.6999838408095618,0.6039121029580952,0.5333333333333333,32,0.5463596817517364,-0.8333333333333334,32,0.25537307946990256,60,0.9776413077458448,-0.36161626188666524,0.0,60,-0.6365744961808968,-1.8,60,-0.006321550128897858,170,0.2817209521162575,0.229963655618267,-1.3666666666666667,170,-0.15198926337203125,0.6,170
V00_S1289_I00000147,P0709,P1120,P1120,P0709,P1120,226,229,3,True,True,0.5235326759515401,545,0.948198897549386,0.21633700574096865,1.0333333333333334,545,0.07453992588707359,-1.8666666666666667,545,0.5034567062771794,90,0.9634687660690789,0.3716403103457285,0.4,90,0.6139065766712486,-1.9666666666666666,90,0.5235326759515401,545,0.948198897549386,0.21633700574096865,1.0333333333333334,545,0.07453992588707359,-1.8666666666666667,545
V00_S1289_I00000149,P1120,P0709,P1120,P0709,P1120,40,44,4,True,False,0.44618900084747065,648,0.6412666209203172,-0.11163557454652413,-1.7666666666666666,648,0.059598646340581485,1.9,648,0.17853789814151752,120,0.6872781314248227,0.3031591165967766,0.4,120,-0.4594934684638046,1.7333333333333334,120,0.33595634986785794,135,0.18461391734447705,-0.249674541957285,-1.4333333333333333,135,0.29200427971923903,-0.7,135
V00_S1289_I00000149,P1120,P0709,P0709,P0709,P1120,89,93,4,True,True,0.32170311953274877,513,0.5424058733767035,0.14990184031652948,-1.2333333333333334,513,-0.13450836986242876,-1.2666666666666666,513,0.11612552911238819,120,0.7340578046499822,-0.24307988693828345,-0.9333333333333333,120,-0.21486671870513152,1.7666666666666666,120,0.24894873090941663,194,0.8034487198045931,-0.2690307458794739,-0.9333333333333333,194,-0.14393709538296914,2.0,194
V00_S1289_I00000149,P0709,P1120,P1120,P0709,P1120,104,110,6,False,True,0.10051293056170114,9,-0.2543501030652789,-0.4503168519859708,0.13333333333333333,9,0.6866169532441595,0.13333333333333333,9,-0.03804608810541789,180,-0.6628903539634485,0.2409925523539464,-0.23333333333333334,180,-0.31709587897778907,-1.0333333333333334,180,0.06214203198860092,474,0.29100488627673404,0.1584008205922318,-1.2,474,0.12304199308180912,1.1,474
V00_S1289_I00000149,P0709,P1120,P1120,P0709,P1120,114,118,4,True,True,0.06214203198860092,474,0.29100488627673404,0.1584008205922318,-1.2,474,0.12304199308180912,1.1,474,0.18886600435168813,60,0.1264173217541281,0.31392630559072404,-1.2,60,0.6694894202764232,-1.4666666666666666,60,0.06214203198860092,474,0.29100488627673404,0.1584008205922318,-1.2,474,0.12304199308180912,1.1,474
V00_S1289_I00000149,P1120,P0709,P1120,P0709,P1120,168,171,3,True,False,0.19578992858732702,1056,0.5568865740664252,-0.0888989248655256,-1.1666666666666667,1056,-0.07602518980782608,-1.8,1056,0.6105425810163774,90,0.8832715003008123,0.328279607908436,-0.26666666666666666,90,0.27791777515569815,0.3,90,-0.1700524292807035,17,-0.2984545941565053,0.7146575771937774,-0.26666666666666666,17,0.9628235104133644,0.4,17
V00_S1289_I00000149,P1120,P0709,P1120,P0709,P1120,212,217,5,True,True,0.6442793800941924,43,0.18255973245743456,0.33517737425261185,-0.2,43,-0.4429892579208494,-0.7666666666666667,43,0.08088818335015212,150,0.213644068805984,0.26137113806578477,1.2333333333333334,150,-0.22012263529935583,2.0,150,0.3040021541079154,196,-0.03809345148772399,0.2627392798711724,-1.8,196,0.20631219233210737,-1.2333333333333334,196
V00_S1289_I00000149,P0709,P1120,P1120,P0709,P1120,236,238,2,True,True,0.3401696107866911,124,0.4604314273931273,0.3607654658062249,1.9,124,-0.2544752035533272,-1.7333333333333334,124,0.4091710332273496,60,0.6494808117645084,0.3474585010152847,0.1,60,-0.6489582012721533,-1.8333333333333333,60,0.3401696107866911,124,0.4604314273931273,0.3607654658062249,1.9,124,-0.2544752035533272,-1.7333333333333334,124
V00_S1289_I00000150,P1120,P0709,P1120,P0709,P1120,128,131,3,False,False,0.3909432238591024,413,0.11097459922756163,0.1406313892663469,0.26666666666666666,413,0.1501122303321039,-1.4666666666666666,413,-0.16562730893473063,90,-0.4133047060021053,0.5515885839245434,-0.06666666666666667,90,0.568960467843754,0.1,90,0.5059414445707122,20,0.9879188974678624,0.41767880476378505,-0.4,20,0.6491033860720792,0.5,20
V00_S1289_I00000150,P0709,P1120,P1120,P0709,P1120,142,145,3,True,True,0.2977201666500168,1532,0.9926420145271878,-0.07714097353330643,-1.4,1532,-0.05038714106057511,0.9666666666666667,1532,-0.07291339954064828,90,-0.9580717808851836,0.33681892653912565,-0.1,90,-0.4415265948476428,-1.0,90,0.2977201666500168,1532,0.9926420145271878,-0.07714097353330643,-1.4,1532,-0.05038714106057511,0.9666666666666667,1532
V00_S1289_I00000152,P0709,P1120,P1120,P0709,P1120,63,67,4,False,False,0.7104241117180663,51,0.8156942258791049,0.39034670698051577,-0.03333333333333333,51,0.7825630515632832,1.5333333333333334,51,0.6552425667943587,120,0.7626016813662772,-0.18641682770068127,0.06666666666666667,120,0.27113615637129584,1.6333333333333333,120,0.3875945832221953,237,0.3407042906420255,-0.24170166362673384,-0.6666666666666666,237,-0.13467527685193664,-0.9666666666666667,237
V00_S1289_I00000152,P1120,P0709,P1120,P0709,P1120,94,97,3,False,False,0.4994500590582857,661,0.8265712203393697,-0.1503606621565977,1.5666666666666667,661,0.08161362021659399,0.5666666666666667,661,0.4231474649314477,90,0.4738854029577106,0.30994335548092633,0.9333333333333333,90,0.2673175613650831,-1.4333333333333333,90,0.7626110990506585,72,0.923972328636543,-0.2695370093224595,-0.36666666666666664,72,0.6315990288249986,-1.8333333333333333,72
V00_S1289_I00000152,P0709,P1120,P1120,P0709,P1120,151,154,3,True,True,-0.02280987999504034,620,-0.36431232888140175,0.16127395501724032,1.8333333333333333,620,0.1010210197553141,1.5333333333333334,620,0.29568306687695783,90,0.7463161346671563,0.4080124799163222,0.4666666666666667,90,0.497464708949229,1.5,90,-0.02280987999504034,620,-0.36431232888140175,0.16127395501724032,1.8333333333333333,620,0.1010210197553141,1.5333333333333334,620
V00_S1291_I00000000,P1121,P0430,P0430,P0430,P1121,75,77,2,True,True,0.4105135096273839,2027,0.9058589509766005,0.0666969367460748,-0.6,2027,-0.056975829057383374,-1.3,2027,0.24131495867709535,60,0.8819321409600507,0.35425601155310915,-0.6,60,-0.7608700087822109,1.7666666666666666,60,0.4105135096273839,2027,0.9058589509766005,0.0666969367460748,-0.6,2027,-0.056975829057383374,-1.3,2027
V00_S1291_I00000000,P0430,P1121,P0430,P0430,P1121,87,91,4,False,False,-0.18067274705058534,14,0.1980601113675683,0.26306756972131795,0.0,14,-0.7311827259146926,0.23333333333333334,14,0.6196820235744299,120,0.9220379076555978,0.2464837615801604,1.3333333333333333,120,0.25376480119740463,1.8,120,,2,,,,2,,,2
V00_S1291_I00000000,P0430,P1121,P1121,P0430,P1121,137,180,43,True,False,-0.0033547373375933933,365,-0.01764259410882478,0.11223097370120017,-0.8,365,0.24500845014498773,-2.0,365,0.2260938818183869,1170,0.4643928215254891,-0.12362596342077574,-0.5666666666666667,1170,-0.08926299706902444,-1.0,1170,0.23516774365130064,347,0.7900489051187848,0.17809567403962206,0.0,347,-0.2729410045433651,2.0,347
V00_S1291_I00000000,P0430,P1121,P1121,P0430,P1121,208,228,20,False,True,-0.023330876335809363,449,-0.11259325600358683,-0.28777085570363403,-1.7,449,-0.18246328448414442,-1.6666666666666667,449,0.04377475762687489,600,0.028278969518182998,0.21014573990956145,-0.06666666666666667,600,-0.1881530776902211,1.4666666666666666,600,0.26978987735026344,11,-0.14278190489901307,-0.5098764341321523,0.13333333333333333,11,-0.4664975244591744,-0.16666666666666666,11
V00_S1291_I00000000,P1121,P0430,P1121,P0430,P1121,244,246,2,False,False,0.44260087192303005,62,0.9810733960729312,-0.36761524933542195,-0.36666666666666664,62,-0.521191669478543,-1.9,62,0.09048933074486702,60,0.8163347186338881,-0.31983866466191757,-0.6,60,-0.5400445843983885,1.1333333333333333,60,0.30152740025649366,9,0.9135294865022768,-0.6654535119353344,0.03333333333333333,9,-0.8011135251074255,0.03333333333333333,9
V00_S1291_I00000001,P1121,P0430,P0430,P0430,P1121,50,51,1,True,True,0.327370930261967,887,0.993484740874329,0.11037210532347402,-0.5666666666666667,887,-0.09914500133933661,-1.1333333333333333,887,-0.4521014901861348,30,-0.9744596376441546,0.6958398819385879,0.0,30,0.7027931496311363,0.7333333333333333,30,0.327370930261967,887,0.993484740874329,0.11037210532347402,-0.5666666666666667,887,-0.09914500133933661,-1.1333333333333333,887
V00_S1291_I00000001,P0430,P1121,P0430,P0430,P1121,125,129,4,False,False,0.29698312285568157,9,0.6602929475276624,-0.6130879676355894,0.0,9,0.6642133660796721,-0.1,9,0.557956759662081,120,0.991964058136891,0.29012774140439174,0.3333333333333333,120,0.4589932511095787,1.3333333333333333,120,0.7465342539681697,16,0.8583440615438525,-0.37732056240220263,-0.2,16,-0.6234708755846513,0.2,16
V00_S1291_I00000001,P1121,P0430,P0430,P0430,P1121,129,133,4,True,True,0.5235507026033671,3540,0.9772812273354756,-0.09697452784173058,1.8,3540,-0.059347135882932646,1.7333333333333334,3540,0.6052948862562102,120,0.8696755368793441,-0.29369213856146487,-1.4666666666666666,120,0.38701122113674974,1.9,120,0.5235507026033671,3540,0.9772812273354756,-0.09697452784173058,1.8,3540,-0.059347135882932646,1.7333333333333334,3540
V00_S1291_I00000001,P1121,P0430,P0430,P0430,P1121,180,182,2,True,True,0.5235507026033671,3540,0.9772812273354756,-0.09697452784173058,1.8,3540,-0.059347135882932646,1.7333333333333334,3540,0.6838994589674529,60,0.8720716910659543,-0.3701667462043752,0.9333333333333333,60,0.5979392190954365,-1.6666666666666667,60,0.5235507026033671,3540,0.9772812273354756,-0.09697452784173058,1.8,3540,-0.059347135882932646,1.7333333333333334,3540
V00_S1291_I00000001,P0430,P1121,P1121,P0430,P1121,245,259,14,True,True,0.1329274612141144,300,0.9739176461847691,0.3682114150921457,-0.7333333333333333,300,0.1062628640247692,1.4666666666666666,300,0.22024598659179517,360,0.7795795986250649,0.17864544561030313,-1.9,360,0.162378105429186,0.6666666666666666,360,0.201496300528389,674,0.6714935500056078,0.19003554710752474,1.1666666666666667,674,0.21880407560336962,0.6333333333333333,674
V00_S1291_I00000001,P0430,P1121,P1121,P0430,P1121,273,280,7,True,True,0.201496300528389,674,0.6714935500056078,0.19003554710752474,1.1666666666666667,674,0.21880407560336962,0.6333333333333333,674,0.3911252983771341,150,0.8739342520318242,0.3218883651155277,1.2666666666666666,150,0.3149980470702653,-0.9,150,0.201496300528389,674,0.6714935500056078,0.19003554710752474,1.1666666666666667,674,0.21880407560336962,0.6333333333333333,674
V00_S1291_I00000001,P1121,P0430,P1121,P0430,P1121,281,283,2,False,False,-0.0383020407783757,12,-0.28860853573193024,0.6747606605278728,-0.03333333333333333,12,0.7930494614476502,0.23333333333333334,12,0.140019106455256,60,0.4659686838075186,-0.37855579093218156,-0.16666666666666666,60,-0.9419001713907849,-1.8333333333333333,60,-0.2707881427378685,24,-0.7073129194002616,0.6922052676383633,0.1,24,-0.6150449268606906,-0.26666666666666666,24
V00_S1291_I00000002,P0430,P1121,P1121,P0430,P1121,34,47,13,False,True,0.14054979562647985,317,0.3120213803955822,0.23160925040303004,1.7,317,-0.3801387689158694,-0.3,317,0.2326033509899559,390,0.7704702535162875,-0.22535898676115573,1.9,390,0.12254337369126077,-1.9666666666666666,390,0.5311301796102575,291,0.9536241409982542,0.18954941881292486,-2.0,291,-0.13884608826638192,-1.8666666666666667,291
V00_S1291_I00000002,P1121,P0430,P1121,P0430,P1121,53,57,4,False,True,-0.5107636825147253,11,-0.8823186119988902,0.3825267240372456,-0.13333333333333333,11,-0.48020834587815586,0.13333333333333333,11,0.19213598322299538,120,0.9751619412657879,0.31810165514053057,-1.1333333333333333,120,0.2857904445831907,-1.9,120,-0.4076988003896534,15,0.4866662224185272,0.4560938941398794,0.06666666666666667,15,0.7057693130623943,-0.13333333333333333,15
V00_S1291_I00000002,P0430,P1121,P1121,P0430,P1121,114,123,9,True,True,0.009590882630082433,1498,0.13072874875389273,0.17565095318010515,1.9,1498,0.10344983012896775,-0.36666666666666664,1498,-0.213395307137524,150,-0.47758355121488205,-0.3836309750820823,0.9,150,-0.36369476831185604,1.8333333333333333,150,0.009590882630082433,1498,0.13072874875389273,0.17565095318010515,1.9,1498,0.10344983012896775,-0.36666666666666664,1498
V00_S1291_I00000002,P1121,P0430,P0430,P0430,P1121,124,125,1,True,True,0.3721245195404133,83,0.425570696322849,-0.34724290033675437,-0.06666666666666667,83,-0.5077454573637005,-1.5333333333333334,83,0.3096128415857092,30,0.8508081707635108,-0.42926013201135504,0.06666666666666667,30,-0.6708553830564679,-0.6,30,0.3721245195404133,83,0.425570696322849,-0.34724290033675437,-0.06666666666666667,83,-0.5077454573637005,-1.5333333333333334,83
V00_S1291_I00000002,P1121,P0430,P0430,P0430,P1121,220,225,5,True,True,0.39504811952393143,1332,0.8261584046924224,0.12118455032758982,-0.8666666666666667,1332,-0.13007063393352586,-1.8666666666666667,1332,0.14216711885467082,150,0.08897972708950652,-0.1915379496093428,0.4,150,-0.4597650168279569,-1.7666666666666666,150,0.39504811952393143,1332,0.8261584046924224,0.12118455032758982,-0.8666666666666667,1332,-0.13007063393352586,-1.8666666666666667,1332
V00_S1291_I00000002,P0430,P1121,P0430,P0430,P1121,245,251,6,False,False,0.364756123463744,348,0.9694050075455874,0.17696482050904375,1.8666666666666667,348,-0.22115198024365146,-1.6666666666666667,348,0.6953725205391955,180,0.9989261386045671,0.46463815054352037,-1.4333333333333333,180,0.2717793227701011,1.0666666666666667,180,-0.550366052351968,10,-0.9425271166696205,0.530965987997595,0.03333333333333333,10,0.6424513501311693,0.16666666666666666,10
V00_S1291_I00000003,P1121,P0430,P1121,P0430,P1121,44,46,2,True,True,0.2855719548540413,604,0.4131204676551897,-0.213689435340598,-0.4666666666666667,604,-0.09292123833345975,0.5333333333333333,604,-0.2601271735225351,60,-0.8186517921480131,0.427614191772757,-0.3333333333333333,60,0.5644122428378409,1.2666666666666666,60,-0.14610024622430345,53,-0.4208810941431113,0.32785278712986216,0.8333333333333334,53,0.5980334929741011,-1.5,53
V00_S1291_I00000003,P0430,P1121,P0430,P0430,P1121,75,78,3,False,False,0.3107666975257345,10,0.25612664659447404,-0.5063351891427101,0.0,10,-0.4406650311846194,0.06666666666666667,10,0.5311613388818031,60,0.7074505524774178,-0.22702478073314436,-0.43333333333333335,60,-0.6068600613036892,-1.6666666666666667,60,0.07942445523988918,13,-0.9743227934427218,-0.5110322852241372,-0.06666666666666667,13,0.7350307439301503,0.2,13
V00_S1291_I00000003,P1121,P0430,P0430,P0430,P1121,131,135,4,True,True,0.29103437361107765,835,0.6499168787950212,-0.22230778577342006,1.5333333333333334,835,-0.18174698015663973,0.4,835,-0.20639797896240594,30,-0.17872225703975964,0.46143454572629583,0.23333333333333334,30,-0.7310276241665185,-0.7,30,0.29103437361107765,835,0.6499168787950212,-0.22230778577342006,1.5333333333333334,835,-0.18174698015663973,0.4,835
V00_S1291_I00000003,P1121,P0430,P0430,P0430,P1121,136,141,5,True,True,0.29103437361107765,835,0.6499168787950212,-0.22230778577342006,1.5333333333333334,835,-0.18174698015663973,0.4,835,0.4487801749742411,150,0.7728728340769748,-0.33729294914858327,0.7333333333333333,150,0.24424478125772342,-1.9,150,0.29103437361107765,835,0.6499168787950212,-0.22230778577342006,1.5333333333333334,835,-0.18174698015663973,0.4,835
V00_S1291_I00000003,P0430,P1121,P1121,P0430,P1121,212,229,17,True,True,-0.2859955815037554,773,-0.7501893435183513,0.26356537804022795,1.9,773,-0.15752667294817133,-1.8,773,-0.2843876758446019,510,-0.6758514399337595,-0.26555152974881174,-0.9,510,-0.16174567921274208,-0.4,510,-0.2859955815037554,773,-0.7501893435183513,0.26356537804022795,1.9,773,-0.15752667294817133,-1.8,773
V00_S1291_I00000003,P0430,P1121,P1121,P0430,P1121,324,326,2,True,False,0.01937112881746119,738,0.07810764015749579,0.241792882641292,1.7333333333333334,738,0.18436008986322217,-0.36666666666666664,738,-0.07210922877172221,60,-0.39751502049537896,0.4937959461416344,-0.16666666666666666,60,0.5345284669512921,0.8666666666666667,60,0.06882629177998634,362,-0.17783958541288075,-0.19099322894482137,-0.7,362,-0.14075265521275432,-0.3333333333333333,362
V00_S1291_I00000006,P1121,P0430,P0430,P0430,P1121,27,32,5,True,True,0.1961797373079026,4295,0.9525325570895443,-0.05578563533280622,-0.13333333333333333,4295,0.07470001957674316,-1.1666666666666667,4295,0.4512060821377935,150,0.9783900251141877,-0.2451988831439352,-0.03333333333333333,150,-0.24907721184638332,1.2666666666666666,150,0.1961797373079026,4295,0.9525325570895443,-0.05578563533280622,-0.13333333333333333,4295,0.07470001957674316,-1.1666666666666667,4295
V00_S1291_I00000006,P1121,P0430,P0430,P0430,P1121,52,54,2,True,True,0.1961797373079026,4295,0.9525325570895443,-0.05578563533280622,-0.13333333333333333,4295,0.07470001957674316,-1.1666666666666667,4295,0.3997157783898559,60,0.7429418572759644,-0.28113575728834406,0.03333333333333333,60,-0.5877128189074616,1.7,60,0.1961797373079026,4295,0.9525325570895443,-0.05578563533280622,-0.13333333333333333,4295,0.07470001957674316,-1.1666666666666667,4295
V00_S1291_I00000006,P1121,P0430,P0430,P0430,P1121,77,82,5,True,True,0.1961797373079026,4295,0.9525325570895443,-0.05578563533280622,-0.13333333333333333,4295,0.07470001957674316,-1.1666666666666667,4295,0.026442056392199157,150,-0.36302126897508397,0.5517142767772939,-0.6666666666666666,150,-0.22568693799082276,0.4666666666666667,150,0.1961797373079026,4295,0.9525325570895443,-0.05578563533280622,-0.13333333333333333,4295,0.07470001957674316,-1.1666666666666667,4295
V00_S1291_I00000006,P0430,P1121,P0430,P0430,P1121,142,145,3,False,False,0.4654533106796944,15,0.997727594534121,-0.4548400470540041,-0.23333333333333334,15,0.5915909089329259,-0.2,15,0.49787955321836236,90,0.994047473650286,-0.3506500758163932,-0.4666666666666667,90,-0.4854948264688281,-1.5666666666666667,90,-0.9936253951000968,11,-0.9944653857082388,0.7359212165437911,0.1,11,-0.8390670097041567,-0.1,11
V00_S1291_I00000006,P0430,P1121,P0430,P0430,P1121,181,184,3,False,False,0.4654533106796944,15,0.997727594534121,-0.4548400470540041,-0.23333333333333334,15,0.5915909089329259,-0.2,15,0.5252540570295928,90,0.9403928650710834,0.3409305108095915,-0.6,90,0.2652727132416665,1.1666666666666667,90,-0.26001735830844686,8,-0.772468200625921,0.8676133350047524,-0.03333333333333333,8,0.5616659083359332,0.1,8
V00_S1291_I00000006,P0430,P1121,P0430,P0430,P1121,206,208,2,False,False,-0.0741235035559876,32,-0.6079648497841722,0.43536967983580993,0.0,32,-0.6770671786821564,0.4,32,0.4121727036875166,60,0.8669708070720563,-0.392712772222482,-0.6333333333333333,60,0.5468755887031378,-0.7666666666666667,60,,0,,,,0,,,0
V00_S1291_I00000007,P0430,P1121,P0430,P0430,P1121,46,50,4,False,False,0.3686894400316765,205,0.9866228379061305,-0.36161471575343007,-1.4333333333333333,205,-0.2160896444447963,-0.7,205,-0.06887932394808152,120,0.4382825488680292,0.31328673346180747,0.7333333333333333,120,0.355766064236787,-1.3666666666666667,120,,0,,,,0,,,0
V00_S1291_I00000007,P1121,P0430,P0430,P0430,P1121,51,57,6,True,True,0.2283357207562196,1069,0.6884095482016718,0.09605109733115794,1.9,1069,0.06357660243742834,-1.3333333333333333,1069,0.16730381943801875,120,0.9875031911374417,0.205005274644145,1.0666666666666667,120,-0.4012749225127671,1.5666666666666667,120,0.2283357207562196,1069,0.6884095482016718,0.09605109733115794,1.9,1069,0.06357660243742834,-1.3333333333333333,1069
V00_S1291_I00000007,P0430,P1121,P0430,P0430,P1121,127,128,1,False,False,0.6408355280393618,52,0.9787012821215483,0.3926914376770431,0.06666666666666667,52,-0.6085983060682172,1.4333333333333333,52,0.20854978288365317,30,0.999506944060018,0.4059681728129984,0.36666666666666664,30,0.6175263727215707,-0.7333333333333333,30,0.9774183668538904,19,0.9837736907508835,0.7635086084407503,0.0,19,0.5622654382151002,-0.4666666666666667,19
V00_S1291_I00000007,P1121,P0430,P1121,P0430,P1121,131,143,12,True,False,0.19800316037461152,35,0.9940549290186479,-0.36916465395780784,0.8666666666666667,35,0.5265264326244787,-0.7333333333333333,35,0.9095810491618511,60,0.9520749807763358,-0.5330070828598129,1.3666666666666667,60,-0.6298873896701996,-1.8333333333333333,60,,0,,,,0,,,0
V00_S1291_I00000007,P1121,P0430,,P0430,P1121,163,163,0,False,False,,0,,,,0,,,0,,0,,,,0,,,0,,0,,,,0,,,0
V00_S1291_I00000007,P0430,P1121,P0430,P0430,P1121,175,176,1,False,True,,0,,,,0,,,0,,0,,,,0,,,0,0.06301505952353564,374,0.07665622262394817,-0.2219607993663687,2.0,374,0.3250928624107988,-0.7,374
V00_S1291_I00000008,P0430,P1121,P1121,P0430,P1121,31,55,24,False,False,-0.002145442846660391,240,0.22459419390569746,-0.1732013788003945,1.8333333333333333,240,-0.26645534199845744,-2.0,240,-0.32914919341274856,210,-0.7019965304130127,-0.26938886290282504,-1.8333333333333333,210,0.2744015095138328,-1.9333333333333333,210,0.5084617761251655,263,0.8749658491085858,-0.42008929662928085,0.4,263,0.4614758234366594,-0.4,263
V00_S1291_I00000008,P1121,P0430,P1121,P0430,P1121,72,96,24,False,True,-0.3269464103267135,27,-0.6616766549246108,0.6074183563826182,-0.43333333333333335,27,-0.6715811071879486,0.5,27,0.7684569131182165,60,0.9364376761584501,-0.3778128457810601,-0.9333333333333333,60,-0.5710742397889196,1.0,60,,0,,,,0,,,0
V00_S1291_I00000008,P0430,P1121,P1121,P0430,P1121,96,106,10,True,False,0.7684569131182165,60,0.9364376761584501,-0.3778128457810601,-0.9333333333333333,60,-0.5710742397889196,1.0,60,,0,,,,0,,,0,0.045083120081962004,257,-0.07198346203342779,0.3083306902959466,-1.6666666666666667,257,-0.2696012721415968,1.2,257
V00_S1291_I00000008,P1121,P0430,P1121,P0430,P1121,96,106,10,True,True,,0,,,,0,,,0,,0,,,,0,,,0,,0,,,,0,,,0
V00_S1291_I00000008,P0430,P1121,P1121,P0430,P1121,172,175,3,True,False,0.5819276433125429,41,0.9273827232622882,0.39209493618051744,0.6333333333333333,41,-0.8023803644401379,-1.0333333333333334,41,,0,,,,0,,,0,-0.4848051213021905,120,-0.799607897274683,-0.30313397227990585,-0.26666666666666666,120,-0.44630453546314763,-1.8,120
V00_S1291_I00000008,P0430,P1121,P1121,P0430,P1121,173,174,1,True,True,0.5819276433125429,41,0.9273827232622882,0.39209493618051744,0.6333333333333333,41,-0.8023803644401379,-1.0333333333333334,41,,0,,,,0,,,0,0.5819276433125429,41,0.9273827232622882,0.39209493618051744,0.6333333333333333,41,-0.8023803644401379,-1.0333333333333334,41
V00_S1291_I00000008,P1121,P0430,P1121,P0430,P1121,189,194,5,True,False,0.42859083472007475,58,0.9551974684080914,-0.3386916803751246,-1.1333333333333333,58,0.5357188547379915,-1.5333333333333334,58,0.3494045120613889,30,0.9958451244016533,-0.5918080534732415,-0.2,30,0.5528638910483418,0.23333333333333334,30,,0,,,,0,,,0
V00_S1291_I00000008,P1121,P0430,P1121,P0430,P1121,215,218,3,False,False,,2,,,,2,,,2,,0,,,,0,,,0,-0.26320450008339985,60,-0.8186983441474656,-0.3094875786186996,0.4666666666666667,60,0.4451785274715726,1.3,60
V00_S1291_I00000009,P1121,P0430,P0430,P0430,P1121,48,54,6,True,True,0.2631110960089505,1311,0.9528142977061783,-0.2322585638199621,1.9666666666666666,1311,-0.12590947266371466,-0.9,1311,-0.2389140428135945,120,-0.9411309114981402,0.4574769602493726,0.0,120,0.21235208011146006,-1.9333333333333333,120,0.2631110960089505,1311,0.9528142977061783,-0.2322585638199621,1.9666666666666666,1311,-0.12590947266371466,-0.9,1311
V00_S1291_I00000009,P0430,P1121,P0430,P0430,P1121,74,77,3,False,False,0.7615948934389618,10,0.9463287637469061,0.555447125026397,0.0,10,0.6058336352146609,-0.1,10,0.17952751191037425,90,0.9997818554402961,-0.25322781628418145,-0.3333333333333333,90,0.2674087318313003,-2.0,90,0.4288563818097348,69,0.9946654079339904,-0.33956397288577167,-0.9,69,0.7566164056552968,1.7,69
V00_S1295_I00000281,P1122,P0518,P1122,P0518,P1122,45,47,2,False,False,0.2213243696312128,11,-0.11987143628042408,-0.6287895150749813,-0.03333333333333333,11,0.5837162687574644,0.13333333333333333,11,-0.7770469804109326,60,-0.956302590562631,0.5637320271531638,-1.0,60,0.4623529830731773,-1.6,60,0.08637810821015905,45,0.5020877221820511,0.5882751423157938,-1.2,45,0.862388597891588,1.2333333333333334,45
V00_S1295_I00000281,P1122,P0518,P0518,P0518,P1122,141,142,1,True,True,0.2074811025585231,1059,0.7412493487010043,0.18279250545951434,0.7333333333333333,1059,-0.18851718662024522,-1.2333333333333334,1059,0.3194600868990199,30,-0.5447229198789687,-0.6026743643000302,0.23333333333333334,30,-0.5619272360256943,-0.7666666666666667,30,0.2074811025585231,1059,0.7412493487010043,0.18279250545951434,0.7333333333333333,1059,-0.18851718662024522,-1.2333333333333334,1059
V00_S1295_I00000281,P0518,P1122,P0518,P0518,P1122,180,183,3,False,False,0.5399947439317504,18,0.6576461068281375,0.6203604271190355,0.0,18,-0.6493053010834844,-0.3,18,-0.41592827263399956,90,-0.8992793689367775,-0.34454727065554724,0.23333333333333334,90,0.30062574496407024,-1.6,90,0.02138075790089713,19,-0.40038946067653375,0.569800601488246,-0.1,19,-0.806197015735471,-0.4,19
V00_S1295_I00000281,P1122,P0518,P0518,P0518,P1122,185,187,2,True,True,-0.030450447384496215,192,-0.11766376002831402,0.33357427874571627,-1.9,192,-0.24538223478867144,-0.9333333333333333,192,-0.3099783111352003,60,-0.7664362286800828,0.41720981179135136,0.9333333333333333,60,-0.7265998663315012,1.6666666666666667,60,-0.030450447384496215,192,-0.11766376002831402,0.33357427874571627,-1.9,192,-0.24538223478867144,-0.9333333333333333,192
V00_S1295_I00000281,P0518,P1122,P1122,P0518,P1122,252,254,2,True,True,-0.4424392175507442,202,-0.985370306099529,0.44961457159178236,-0.7,202,0.24505311044274858,-1.6666666666666667,202,-0.4827331327483085,60,-0.9156602435258563,0.30905682466418966,0.5333333333333333,60,0.6323364625224368,1.8,60,-0.4424392175507442,202,-0.985370306099529,0.44961457159178236,-0.7,202,0.24505311044274858,-1.6666666666666667,202
V00_S1295_I00000281,P1122,P0518,P1122,P0518,P1122,273,277,4,False,False,-0.7160723219378505,19,-0.7674552824145017,-0.3952530919571236,0.16666666666666666,19,0.5484923727261067,0.4666666666666667,19,-0.5754014301161045,120,-0.8596857198403707,0.26951450493800155,-1.3333333333333333,120,0.5422481379695482,1.3666666666666667,120,-0.08805917679226995,21,-0.8297755400764987,0.4262622724572438,-0.43333333333333335,21,0.5371806127414046,0.03333333333333333,21
V00_S1295_I00000281,P0518,P1122,P1122,P0518,P1122,316,317,1,True,True,-0.06029929423003483,347,-0.5379114300236494,-0.34578646547788267,1.5333333333333334,347,0.22881075849085686,1.9666666666666666,347,-0.10096286406352738,30,0.7492185109830949,-0.27359224130299037,0.06666666666666667,30,-0.6528695723565381,0.43333333333333335,30,-0.06029929423003483,347,-0.5379114300236494,-0.34578646547788267,1.5333333333333334,347,0.22881075849085686,1.9666666666666666,347
V00_S1295_I00000281,P1122,P0518,P1122,P0518,P1122,316,317,1,False,False,-0.006781640855114066,50,-0.03707716208174882,-0.43525196972549673,-0.3333333333333333,50,-0.6460555865799672,1.4666666666666666,50,-0.10096286406352738,30,0.7492185109830949,-0.27359224130299037,0.06666666666666667,30,-0.6528695723565381,0.43333333333333335,30,0.16983158423953335,85,0.5389425694291734,0.4716750561778104,0.0,85,-0.4710461484352821,0.7333333333333333,85
V00_S1295_I00000282,P1122,P0518,P1122,P0518,P1122,28,31,3,False,False,,0,,,,0,,,0,-0.24160890213885675,90,-0.834284863745749,0.5822113787522869,-0.23333333333333334,90,0.4534679426678621,1.8666666666666667,90,-0.9965270075107123,11,-0.9998231960556277,0.5353149322195335,0.0,11,0.6910063294684261,-0.13333333333333333,11
V00_S1295_I00000282,P1122,P0518,P1122,P0518,P1122,80,85,5,False,False,-0.683446316659693,11,-0.7876495004672465,-0.5373552270975637,0.06666666666666667,11,0.6130441682550837,0.13333333333333333,11,0.185441321624895,150,0.7802606636886437,-0.4518180086162297,-1.9666666666666666,150,-0.45188212743853756,2.0,150,0.22772824586916807,43,0.5806280800092286,-0.29313813762540003,0.9666666666666667,43,-0.6586149213007517,-1.2666666666666666,43
V00_S1295_I00000282,P0518,P1122,P1122,P0518,P1122,95,96,1,False,True,-0.04471216145489215,691,0.6147520370263247,-0.23689427711239888,-1.9666666666666666,691,-0.1617457598643681,1.8,691,-0.21598957062536525,30,-0.9999344369387165,0.6824219289608803,0.13333333333333333,30,-0.8232142938051319,-0.7666666666666667,30,-0.577580983176746,83,-0.9989799441765891,-0.3540364013537769,-0.7666666666666667,83,0.4897319974807951,-1.5666666666666667,83
V00_S1295_I00000282,P0518,P1122,P1122,P0518,P1122,153,158,5,True,True,-0.10840223664616164,551,-0.32588066230474827,0.29194794253102224,-1.4666666666666666,551,0.22440340911574902,-0.03333333333333333,551,-0.02282708689064054,150,0.3536880706794363,0.7373624511278934,-1.4666666666666666,150,0.43891564101982383,-0.6,150,-0.10840223664616164,551,-0.32588066230474827,0.29194794253102224,-1.4666666666666666,551,0.22440340911574902,-0.03333333333333333,551
V00_S1295_I00000282,P1122,P0518,P1122,P0518,P1122,174,178,4,True,True,-0.4218428971419357,125,-0.7142781376767622,0.26509711167318434,-0.2,125,0.352118527275532,1.4666666666666666,125,-0.22002217478931926,120,0.9119817324936422,0.5323667026893556,-1.3,120,0.4812874579534919,1.2666666666666666,120,-0.4476758307807744,45,-0.9228644995239662,-0.40176196881537407,-0.03333333333333333,45,-0.6453715958517199,-0.7333333333333333,45
V00_S1295_I00000282,P0518,P1122,P1122,P0518,P1122,198,202,4,True,True,-0.03072534019410969,971,-0.9299662034929139,0.13183159945525322,0.5333333333333333,971,0.09857532559297771,-0.06666666666666667,971,0.032681849903093134,120,-0.9905391867821027,0.24302816131718072,-0.9,120,-0.3963213255993441,-1.6333333333333333,120,-0.03072534019410969,971,-0.9299662034929139,0.13183159945525322,0.5333333333333333,971,0.09857532559297771,-0.06666666666666667,971
V00_S1295_I00000282,P1122,P0518,P1122,P0518,P1122,233,234,1,False,False,0.4805842825706182,39,0.6711328125736915,0.4364185908892155,0.5,39,0.5987908823797743,-0.8,39,0.32298671417587943,30,0.9986202611816266,0.5034623902282557,0.03333333333333333,30,-0.5575871119395205,-0.8,30,0.2683198078486787,56,-0.39408821525217763,0.3692531486864446,0.2,56,0.6649287965632507,1.7,56
V00_S1295_I00000282,P0518,P1122,P1122,P0518,P1122,270,277,7,False,True,0.14929335312044673,61,0.9437502847476421,0.3300122269511163,-0.3333333333333333,61,-0.8698361285270393,-1.6,61,-0.06434785783205083,210,-0.6717762517387393,0.3239368266890826,-2.0,210,0.3695199454757083,-1.7333333333333334,210,-0.24281827351922064,563,-0.9970588613930006,0.2794934323389938,-2.0,563,-0.23990617030000627,-1.0666666666666667,563
V00_S1295_I00000282,P0518,P1122,P1122,P0518,P1122,294,295,1,True,True,0.028367574163015694,362,-0.5254251067078285,-0.15430368393358504,0.26666666666666666,362,-0.2689193382139281,1.5,362,,0,,,,0,,,0,0.028367574163015694,362,-0.5254251067078285,-0.15430368393358504,0.26666666666666666,362,-0.2689193382139281,1.5,362
V00_S1295_I00000282,P1122,P0518,P1122,P0518,P1122,294,295,1,True,False,-0.3057101679953467,21,-0.803483847107817,-0.7040774353016517,0.0,21,0.6498282613992821,0.03333333333333333,21,,0,,,,0,,,0,0.4593318709590771,33,0.8515393570799465,0.6760508547403654,0.03333333333333333,33,-0.6213182187653598,-0.7333333333333333,33
V00_S1295_I00000282,P0518,P1122,P0518,P0518,P1122,348,356,8,True,True,,0,,,,0,,,0,-0.09899238135364838,180,0.7324022362422868,-0.2743651951659563,1.6,180,-0.3817721854231707,-0.6333333333333333,180,-0.09212673119071307,27,0.0023843014128675493,0.6843327567700415,-0.23333333333333334,27,0.7589189298461871,-0.5666666666666667,27
V00_S1295_I00000282,P0518,P1122,P0518,P0518,P1122,400,401,1,False,True,-0.7511057675330739,31,-0.8929333921443505,0.3216496953759397,0.6666666666666666,31,0.6595139634875582,0.7,31,,0,,,,0,,,0,,0,,,,0,,,0
V00_S1295_I00000286,P0518,P1122,P1122,P0518,P1122,68,69,1,True,True,0.01372089230671993,1367,-0.502060743105066,-0.07668983207726508,-1.3333333333333333,1367,0.07958686655694854,-2.0,1367,0.5286190749563175,30,0.985265926851691,-0.3683419548682866,-0.06666666666666667,30,-0.4469802196408741,0.8,30,0.01372089230671993,1367,-0.502060743105066,-0.07668983207726508,-1.3333333333333333,1367,0.07958686655694854,-2.0,1367
V00_S1295_I00000286,P0518,P1122,P1122,P0518,P1122,89,92,3,True,True,0.18592445397933716,246,0.9874288297610365,0.36669488508189196,1.4,246,0.24271925293367055,1.7,246,0.05357759509059244,90,0.7330025632476442,0.6775307781325144,0.16666666666666666,90,0.6273438922939245,-0.1,90,0.1991778566447429,203,0.6677985226988986,-0.5427346841929722,-1.8666666666666667,203,-0.28463545098851634,-0.9666666666666667,203
V00_S1295_I00000286,P0518,P1122,P1122,P0518,P1122,143,145,2,True,True,0.31032384844893635,775,0.5199987621384295,0.18664176731326793,-0.06666666666666667,775,0.2451028343444843,-1.5333333333333334,775,0.4994971651206057,60,0.653903312074783,0.29526290613016315,1.8,60,0.6852810555266334,1.8333333333333333,60,0.31032384844893635,775,0.5199987621384295,0.18664176731326793,-0.06666666666666667,775,0.2451028343444843,-1.5333333333333334,775
V00_S1295_I00000286,P1122,P0518,P1122,P0518,P1122,147,151,4,False,False,0.3846123835398756,24,-0.5908294727360749,-0.5392500791167959,0.13333333333333333,24,0.5498691347515405,-0.1,24,-0.2629101862624212,120,-0.9277763766765306,0.16957230212567032,0.3333333333333333,120,0.4173176011008021,0.6,120,-0.24192346596530764,34,-0.7243360509830652,0.5421577402245072,-0.7666666666666667,34,-0.6142759441865728,-0.9333333333333333,34
V00_S1295_I00000286,P1122,P0518,P1122,P0518,P1122,226,227,1,False,False,0.13256895774333521,12,0.07926831897807106,0.5783555873916083,0.0,12,-0.5973670116946382,0.13333333333333333,12,,0,,,,0,,,0,0.395369473274736,14,0.9279435730638947,-0.5782712425181967,0.03333333333333333,14,0.6499087969537187,-0.23333333333333334,14
V00_S1295_I00000286,P0518,P1122,P0518,P0518,P1122,374,375,1,False,True,0.0866750671661303,19,0.917143271353511,0.5197850600521534,0.5,19,0.605880540828255,0.43333333333333335,19,,0,,,,0,,,0,,0,,,,0,,,0
V00_S1295_I00000286,P1122,P0518,P1122,P0518,P1122,394,395,1,True,True,0.20205628590233174,70,0.4361397320393026,0.5077436587930493,0.13333333333333333,70,0.47986366421387733,1.6333333333333333,70,0.11705364567772888,30,0.856946493930949,0.2944132621046427,-0.7,30,0.6592733560650255,-0.7,30,0.2963525961249041,64,0.2678326563211414,-0.4178965553591939,0.0,64,-0.6736873554059888,1.7666666666666666,64
V00_S1295_I00000286,P0518,P1122,P0518,P0518,P1122,409,412,3,False,False,0.27962111095696973,19,0.999457746198427,0.5657496104385222,-0.5,19,0.7256170280456508,0.4666666666666667,19,0.5169766731683927,30,0.8687509401181105,0.5890953789385804,-0.43333333333333335,30,-0.8184049545630953,0.8,30,,0,,,,0,,,0
V00_S1295_I00000286,P1122,P0518,P1122,P0518,P1122,433,436,3,True,False,,0,,,,0,,,0,,0,,,,0,,,0,,0,,,,0,,,0
V00_S1295_I00000286,P1122,P0518,P0518,P0518,P1122,477,480,3,True,True,,0,,,,0,,,0,,0,,,,0,,,0,-0.1740143278182403,56,0.9999341404972545,-0.3612619007126828,-0.4666666666666667,56,0.5590571218727831,1.6,56
V00_S1295_I00000287,P1122,P0518,P1122,P0518,P1122,20,22,2,False,False,,0,,,,0,,,0,0.34043596200641435,60,-0.4283205990959283,0.3531339386837536,-0.3,60,-0.647663449645032,1.6666666666666667,60,0.19921080001454683,29,0.3659211413145689,0.45831924206711666,0.36666666666666664,29,0.5777944661256067,-0.5666666666666667,29
V00_S1295_I00000287,P1122,P0518,P1122,P0518,P1122,48,50,2,False,False,0.19921080001454683,29,0.3659211413145689,0.45831924206711666,0.36666666666666664,29,0.5777944661256067,-0.5666666666666667,29,0.9146644087240605,60,0.9536389842845736,0.5229388641153556,0.26666666666666666,60,0.5531447341387412,-0.3,60,0.559138178741644,11,0.7432190403811084,-0.4654388888757404,-0.03333333333333333,11,-0.867878985099544,-0.2,11
V00_S1295_I00000287,P1122,P0518,P1122,P0518,P1122,100,103,3,False,True,0.49311655744999605,16,0.9991073221807216,-0.5630629983879029,-0.06666666666666667,16,0.5304048391643463,0.23333333333333334,16,0.6620928821485937,90,0.9706129875979849,-0.2431038248912535,-0.5333333333333333,90,-0.4441895765089079,-2.0,90,0.3649018737806776,84,0.9964032268087264,-0.4268905514376722,-0.6333333333333333,84,-0.413632120008393,-1.9333333333333333,84
V00_S1295_I00000287,P0518,P1122,P1122,P0518,P1122,145,146,1,True,True,-0.04999826884271972,160,-0.6434943209075915,0.7758314345362138,-0.4,160,-0.5476920159046926,0.6,160,-0.6506388274427022,30,-0.8293252770098262,0.7881865913393948,-0.1,30,0.8196125079492964,0.8,30,-0.04999826884271972,160,-0.6434943209075915,0.7758314345362138,-0.4,160,-0.5476920159046926,0.6,160
V00_S1295_I00000287,P1122,P0518,P1122,P0518,P1122,151,154,3,False,False,-0.0032394502027600428,53,-0.545052543967519,0.5139274534409589,0.7666666666666667,53,-0.7741084289071017,1.4666666666666666,53,-0.1352421916390271,90,-0.9874233138040208,0.4080905879042545,-0.4,90,0.28930087142295746,0.4,90,0.621589737795754,85,0.5811367713689589,-0.4684151227877494,-1.1666666666666667,85,-0.4192075190849238,-2.0,85
V00_S1295_I00000287,P1122,P0518,P1122,P0518,P1122,210,212,2,False,False,0.7617092728610487,45,0.9343317407304438,0.4867718477938007,0.06666666666666667,45,-0.6648258162678123,-1.1,45,0.1316261930699956,60,0.2769623427098411,-0.5438569472877578,-1.0333333333333334,60,-0.5904951245849923,1.7666666666666666,60,0.5336047641197879,88,0.8960208442311313,0.266331588470715,0.13333333333333333,88,-0.42097478371523134,-0.9666666666666667,88
V00_S1295_I00000287,P0518,P1122,P1122,P0518,P1122,227,229,2,True,True,0.3121952568512013,403,0.8030003788815702,-0.2161288774267212,-0.4,403,0.1697925838706439,-0.36666666666666664,403,0.39951722092736097,60,-0.6695999254515099,0.8159329223936269,0.9,60,-0.6817390136795974,-1.6,60,0.3121952568512013,403,0.8030003788815702,-0.2161288774267212,-0.4,403,0.1697925838706439,-0.36666666666666664,403
V00_S1295_I00000297,P1122,P0518,P0518,P0518,P1122,28,32,4,False,True,0.5237555136050253,263,0.9406995030062594,-0.39744337117840073,1.1333333333333333,263,-0.14723072626798867,0.8666666666666667,263,-0.17429286046291964,120,0.7177971648394833,0.3005409070265239,1.9333333333333333,120,0.43053012894063003,-2.0,120,0.37257018007358705,1859,0.9998273590951791,0.14410060638600858,1.3666666666666667,1859,-0.0765929298873996,-1.2,1859
V00_S1295_I00000297,P0518,P1122,P0518,P0518,P1122,89,93,4,False,True,-0.6885562405823547,18,-0.8715890918227467,-0.47313351924288544,-0.13333333333333333,18,-0.4244347424603643,-0.43333333333333335,18,0.32793039266807505,90,0.9361090021702245,0.21594965504685032,-0.43333333333333335,90,0.5799866914606492,1.8,90,0.11463618555387556,36,0.9957645792383581,0.4572762653585408,-0.3333333333333333,36,0.6527315521088854,-0.7,36
V00_S1295_I00000297,P0518,P1122,P1122,P0518,P1122,194,197,3,False,True,0.9832358667346504,11,0.9866987604167899,-0.8810657616591029,0.0,11,-0.9251141515997041,0.03333333333333333,11,0.46525585120097007,90,0.96517544013261,-0.41992722684929934,-0.5333333333333333,90,-0.6288382273217211,-1.6666666666666667,90,0.10219942443292622,41,-0.13524520838675314,-0.3479966480125334,1.2,41,-0.9329593439192154,-1.1333333333333333,41
V00_S1295_I00000297,P1122,P0518,P0518,P0518,P1122,253,270,17,True,True,0.39519629113771304,679,0.876047121405271,0.18231180966060304,0.7333333333333333,679,0.21380535817902172,0.5,679,0.45062797103915525,450,0.8930870097668853,0.21425972494283288,0.8,450,0.21093858059181536,0.4,450,0.39519629113771304,679,0.876047121405271,0.18231180966060304,0.7333333333333333,679,0.21380535817902172,0.5,679
V00_S1295_I00000297,P0518,P1122,P0518,P0518,P1122,331,333,2,False,True,0.504965609871805,15,0.9996372965923309,-0.48732961583206347,-0.06666666666666667,15,0.8010278735093407,-0.3333333333333333,15,0.6741416539558134,60,0.7246984313308668,0.4918536012542809,-0.9333333333333333,60,0.6358030971364366,1.1333333333333333,60,0.7321512993128003,88,0.875613822563277,0.5477662098889842,-1.5,88,-0.5396116816210261,0.5,88
V00_S1295_I00000298,P1122,P0518,P1122,P0518,P1122,15,17,2,False,False,-0.8303467711976877,15,-0.9607709634759812,0.3573408219214516,-0.13333333333333333,15,0.6359334587955653,-0.1,15,-0.45370816734662345,60,-0.9107991073523745,0.41653086511367055,-1.3,60,0.7354065694055338,1.6,60,,0,,,,0,,,0
V00_S1295_I00000298,P0518,P1122,P1122,P0518,P1122,48,50,2,True,False,0.13035908564822182,200,0.9512235553889371,-0.31909147973603813,1.6,200,0.339768022580089,1.1,200,0.9520324810754766,60,0.9614153001067373,0.4614678775220559,-0.03333333333333333,60,0.6082680209001037,1.5,60,-0.530352473244351,406,-0.9961844319460359,0.20411268417252842,-1.1,406,-0.3421732795354519,-0.8666666666666667,406
V00_S1295_I00000298,P1122,P0518,P0518,P0518,P1122,84,85,1,True,False,0.4944746767696277,49,0.9235050681237522,-0.28969246071649485,-1.1666666666666667,49,0.6201510184718193,-1.0666666666666667,49,0.5160176032262483,30,0.955842825926569,0.36758993381334704,0.36666666666666664,30,-0.6636416267474541,0.8333333333333334,30,0.4274311774145416,21,0.7894037337016472,0.5827948401606508,-0.03333333333333333,21,0.645945806920186,0.4,21
V00_S1295_I00000298,P0518,P1122,P1122,P0518,P1122,90,93,3,False,True,,0,,,,0,,,0,-0.3170299845985587,90,-0.42724783018390483,0.28259118590285753,-0.4,90,-0.5236340469308203,1.7666666666666666,90,-0.36417330361957534,142,-0.8104106470908542,-0.29459916476355213,1.2,142,-0.530406300876229,0.8666666666666667,142
V00_S1295_I00000298,P0518,P1122,P1122,P0518,P1122,131,133,2,True,True,0.05658223675806572,55,0.7658511960052319,0.4052191654676616,0.2,55,0.49842747949949257,1.6,55,,0,,,,0,,,0,0.05658223675806572,55,0.7658511960052319,0.4052191654676616,0.2,55,0.49842747949949257,1.6,55
V00_S1295_I00000298,P1122,P0518,P1122,P0518,P1122,131,133,2,False,False,0.47805198822274086,52,0.7363621939800163,0.3459812491808971,-0.03333333333333333,52,-0.729964593995972,1.5333333333333334,52,,0,,,,0,,,0,-0.32344592933686656,60,-0.996496793385628,-0.5277346045877854,-0.36666666666666664,60,0.5944569650397646,-1.6333333333333333,60
V00_S1295_I00000298,P1122,P0518,P0518,P0518,P1122,192,201,9,False,True,0.35343326594771934,19,0.9711914387289965,0.3372549965726142,0.43333333333333335,19,0.7438530023096026,0.43333333333333335,19,0.05623968578701983,270,0.522762930629889,-0.34509892334159664,0.36666666666666664,270,-0.19653523192497804,-1.9333333333333333,270,0.0378399383838684,269,0.3285601516932171,-0.36002239379066436,-1.8,269,-0.18227261600378664,-1.9333333333333333,269
V00_S1297_I00000197,P1019,P1123,P1123,P1019,P1123,10,12,2,True,True,-0.284405796150635,912,-0.65178477241493,-0.17665599563325515,1.6333333333333333,912,0.16131094222648382,0.3,912,-0.2588815526368058,60,0.46671878488768653,0.6595914359823625,-0.2,60,0.41111232349484755,0.3,60,-0.284405796150635,912,-0.65178477241493,-0.17665599563325515,1.6333333333333333,912,0.16131094222648382,0.3,912
V00_S1297_I00000197,P1019,P1123,P1123,P1019,P1123,30,32,2,True,True,-0.284405796150635,912,-0.65178477241493,-0.17665599563325515,1.6333333333333333,912,0.16131094222648382,0.3,912,-0.29935680768839323,60,-0.9181988879057953,-0.5638668311974898,-0.43333333333333335,60,0.6508341812018672,0.9666666666666667,60,0.09629546953842541,628,0.6750934255990858,-0.13620504224304777,-1.8333333333333333,628,0.20105077692541723,0.2,628
V00_S1297_I00000197,P1019,P1123,P1123,P1019,P1123,50,52,2,True,False,0.09629546953842541,628,0.6750934255990858,-0.13620504224304777,-1.8333333333333333,628,0.20105077692541723,0.2,628,-0.4419947043961996,60,-0.3066152255575313,0.34152877453148134,-1.0,60,-0.5740985786937525,1.6333333333333333,60,0.4390641500413125,195,0.8686432336331837,-0.26339132520362496,-1.9333333333333333,195,-0.24406941760564207,-0.23333333333333334,195
V00_S1297_I00000197,P1019,P1123,P1123,P1019,P1123,92,94,2,True,True,0.05376462415096495,962,0.5763280760585023,-0.1583521264728709,0.6,962,0.0889380265568324,-1.7,962,-0.4292101376791508,60,-0.8720738306783928,-0.5094398983164959,-0.1,60,-0.7846366544728727,-1.6666666666666667,60,0.05376462415096495,962,0.5763280760585023,-0.1583521264728709,0.6,962,0.0889380265568324,-1.7,962
V00_S1297_I00000197,P1123,P1019,P1019,P1019,P1123,146,148,2,True,True,-0.07428329530380698,2440,0.15377179491895673,0.17714299249437715,1.6,2440,0.14030025503400034,-1.6,2440,-0.09850642066154573,60,0.2613827852221718,-0.4630699059049585,0.4,60,-0.7029226627582945,-1.7666666666666666,60,-0.07428329530380698,2440,0.15377179491895673,0.17714299249437715,1.6,2440,0.14030025503400034,-1.6,2440
V00_S1297_I00000197,P1123,P1019,P1019,P1019,P1123,203,206,3,True,True,0.17175947722638632,292,0.6115311299145725,-0.1659109938163201,1.0,292,0.1802332949076362,0.8,292,0.1261513035053527,90,0.41587006091027146,-0.2577312358216487,-0.1,90,-0.3433283647630705,0.4666666666666667,90,0.17175947722638632,292,0.6115311299145725,-0.1659109938163201,1.0,292,0.1802332949076362,0.8,292
V00_S1297_I00000200,P1123,P1019,P1019,P1019,P1123,31,35,4,True,True,-0.2804973325401744,155,-0.8693725921216421,0.35931206919593073,-0.8,155,0.44131998664033073,0.06666666666666667,155,-0.23911018648871177,120,-0.50129953607511,0.24485189861612403,0.43333333333333335,120,0.5195609553430274,-0.3333333333333333,120,-0.3740265201492908,738,-0.993262864328524,-0.10283903937048786,0.9,738,0.1345242969244957,-0.6,738
V00_S1297_I00000200,P1019,P1123,P1123,P1019,P1123,61,62,1,True,False,-0.2460466810235735,92,-0.2669107345407806,0.3406816562892862,-1.6,92,0.336995088343354,0.7333333333333333,92,0.34763969652098453,30,0.9913578091334905,0.5058445636033262,0.06666666666666667,30,0.6583559384845896,0.8333333333333334,30,0.5608429788188141,22,0.9871762098133852,-0.47058623049471665,-0.2,22,0.40677669387823906,0.4666666666666667,22
V00_S1297_I00000200,P1019,P1123,P1123,P1019,P1123,72,73,1,False,True,-0.6399994349021292,24,-0.9158409461741142,0.5142683108403181,0.1,24,0.49673431783259053,0.6333333333333333,24,0.6691517689335741,30,0.9878991350825034,0.48395195351635495,0.03333333333333333,30,-0.6722757007017657,-0.7333333333333333,30,0.17694658716712344,85,0.8034348977970276,-0.23053472575609044,0.8333333333333334,85,-0.3379144298047139,1.9666666666666666,85
V00_S1297_I00000200,P1019,P1123,P1019,P1019,P1123,79,81,2,False,True,-0.06107612095593555,41,-0.9666590149505836,-0.399567182015301,-0.6,41,-0.5778125714611848,-0.8333333333333334,41,-0.3978666405319202,60,0.0506914848125867,0.41833039357888013,-0.8333333333333334,60,-0.567460192158325,1.3333333333333333,60,-0.026373442390448414,33,-0.07388463347777872,0.5274432970422813,0.8666666666666667,33,0.49506503063208346,0.8666666666666667,33
V00_S1297_I00000200,P1019,P1123,P1019,P1019,P1123,118,119,1,False,True,-0.02892230779852514,39,-0.07995076261497251,0.4669531519512313,-0.3333333333333333,39,0.5709473339655733,0.03333333333333333,39,-0.2181459457991007,30,-0.3378278587972572,0.2862009564791526,-0.5,30,-0.6200102544432188,0.7333333333333333,30,-0.3226259493127641,19,-0.5284455452832041,0.6532701538285156,0.16666666666666666,19,-0.5340913130547869,0.4666666666666667,19
V00_S1297_I00000201,P1019,P1123,P1123,P1019,P1123,11,14,3,True,True,-0.13994056209835004,3021,-0.1031682339507369,-0.10266455794617,-0.4,3021,0.07390046288761325,-1.3,3021,-0.2423966491920135,90,-0.5485795903019565,0.39097364943702106,0.9333333333333333,90,0.4341490417396695,0.2,90,-0.13994056209835004,3021,-0.1031682339507369,-0.10266455794617,-0.4,3021,0.07390046288761325,-1.3,3021
V00_S1297_I00000201,P1019,P1123,P1123,P1019,P1123,100,103,3,True,False,-0.13994056209835004,3021,-0.1031682339507369,-0.10266455794617,-0.4,3021,0.07390046288761325,-1.3,3021,-0.3346859223370285,90,-0.8246623540624252,-0.4840505872070367,1.0,90,0.5437786236910356,-1.5,90,-0.5986436503781655,293,-0.9769267889499805,-0.30226328107794637,-1.0333333333333334,293,0.19036482611714545,-2.0,293
V00_S1297_I00000201,P1123,P1019,P1123,P1019,P1123,109,111,2,False,False,-0.5779690831063019,80,-0.6241150601087124,0.5613298226119849,-1.4666666666666666,80,-0.4204949526008066,-2.0,80,-0.5641082550104964,60,-0.9881955160117574,-0.3054872846068864,0.03333333333333333,60,0.4426136572777728,-1.6,60,-0.11660347818156455,275,-0.016300977983858024,-0.31403481098899727,-1.8,275,0.24818928952609254,1.1666666666666667,275
V00_S1297_I00000202,P1019,P1123,P1123,P1019,P1123,23,27,4,True,True,-0.25903206107990295,759,-0.29423644047291353,-0.13769980869457796,1.2,759,0.11961575432429558,1.5,759,-0.2912946253777059,120,-0.9394901102130255,0.6185206652449846,-1.5666666666666667,120,-0.2758763431482485,0.5333333333333333,120,-0.25903206107990295,759,-0.29423644047291353,-0.13769980869457796,1.2,759,0.11961575432429558,1.5,759
V00_S1297_I00000202,P1123,P1019,P1019,P1019,P1123,93,96,3,True,False,-0.4020538359243193,150,0.25545798746026793,-0.3098923350880944,1.2,150,-0.36208277801378086,0.4,150,-0.3008404884617427,90,-0.4241361228258541,0.4767144938360064,-1.0,90,-0.5057144968540072,1.0333333333333334,90,-0.47944567122084425,16,-0.4604489025843078,-0.42152736532675916,0.16666666666666666,16,0.6302982839755933,0.26666666666666666,16
V00_S1297_I00000204,P1123,P1019,P1019,P1019,P1123,6,8,2,True,False,-0.23641317747051344,230,0.265984573307231,-0.3675223433818196,-0.3333333333333333,230,0.35954280243680437,-1.0,230,-0.548404045416577,60,-0.93497477126914,-0.6287917473566623,0.5666666666666667,60,-0.573819499450184,-1.8,60,-0.10358081643988587,63,0.09612959337933003,0.22938087344447455,1.1333333333333333,63,-0.8370497947279036,1.8333333333333333,63
V00_S1297_I00000204,P1019,P1123,P1123,P1019,P1123,27,30,3,True,True,-0.1419551961467817,747,0.7459420683475307,-0.14116364293831374,1.9333333333333333,747,-0.06344894562746231,-0.9333333333333333,747,-0.3477801332994043,90,0.9432808965660302,0.34754373807539135,0.1,90,0.4526449186942759,-0.23333333333333334,90,-0.1419551961467817,747,0.7459420683475307,-0.14116364293831374,1.9333333333333333,747,-0.06344894562746231,-0.9333333333333333,747
V00_S1297_I00000204,P1019,P1123,P1123,P1019,P1123,100,103,3,True,True,-0.0802730119452034,1191,0.6090664722418788,0.10363257056106458,0.5666666666666667,1191,-0.0932783064477656,-0.8,1191,-0.3887338187057429,90,-0.5065579406397781,0.32020938986141995,-0.8333333333333334,90,0.4144567410165829,-1.0666666666666667,90,-0.0802730119452034,1191,0.6090664722418788,0.10363257056106458,0.5666666666666667,1191,-0.0932783064477656,-0.8,1191
V00_S1297_I00000204,P1019,P1123,P1123,P1019,P1123,113,116,3,True,True,-0.0802730119452034,1191,0.6090664722418788,0.10363257056106458,0.5666666666666667,1191,-0.0932783064477656,-0.8,1191,0.46068083037177,90,-0.24489199913708543,-0.4861139374306477,1.4666666666666666,90,0.5452982910179501,-1.8333333333333333,90,-0.0802730119452034,1191,0.6090664722418788,0.10363257056106458,0.5666666666666667,1191,-0.0932783064477656,-0.8,1191
V00_S1297_I00000204,P1123,P1019,P1019,P1019,P1123,133,136,3,True,True,-0.2528948234996386,564,-0.9754228616386025,0.20077411965614797,1.7333333333333334,564,0.16781344941354473,-1.1,564,-0.508199188543633,90,-0.9086989966715051,0.37895167408322494,-1.4,90,0.48353972542735146,-2.0,90,-0.2528948234996386,564,-0.9754228616386025,0.20077411965614797,1.7333333333333334,564,0.16781344941354473,-1.1,564
V00_S1297_I00000205,P1123,P1019,P1019,P1019,P1123,63,65,2,True,False,-0.04573539687580859,1710,0.19579841712627255,0.09128618576414776,1.1333333333333333,1710,0.11414658039707085,-0.8333333333333334,1710,0.2895054661329526,60,-0.99725328268481,0.23836137345103234,-1.2666666666666666,60,0.6111384784566898,1.6,60,-0.4809387685629854,652,-0.983469583345957,0.1642639933684962,0.2,652,0.15465268002729116,-1.0333333333333334,652
V00_S1297_I00000205,P1019,P1123,P1123,P1019,P1123,91,96,5,False,True,-0.004548403978057308,16,0.6310378924078669,0.5639172340828704,0.06666666666666667,16,0.44396242843140576,0.36666666666666664,16,-0.8010929751821668,150,-0.9986480174298457,0.2541680815489541,0.13333333333333333,150,-0.27122655044021143,1.9666666666666666,150,-0.5378721887087409,112,-0.9905178056735876,0.528448552997176,-0.8,112,-0.6328385214522878,1.5666666666666667,112
V00_S1297_I00000205,P1123,P1019,P1123,P1019,P1123,93,98,5,False,False,-0.24441876237254212,114,-0.38512956719844516,-0.39600339300692533,-0.5333333333333333,114,0.45353595962233373,-1.8333333333333333,114,-0.871115097598352,150,-0.9990760784469509,0.5659939203105501,0.03333333333333333,150,-0.6334930475578924,1.4333333333333333,150,-0.05457945120931101,53,0.3009192907795529,0.3348036324724622,0.7333333333333333,53,0.9118283294027913,-1.6,53
V00_S1297_I00000205,P1123,P1019,P1123,P1019,P1123,160,162,2,False,False,-0.223814080072634,680,-0.870666033033923,-0.16767673244314552,1.4333333333333333,680,0.1657436207155154,1.9666666666666666,680,-0.25138133350427316,60,-0.08369006479870662,0.5018621883313907,0.0,60,0.6432084627190031,1.7,60,-0.38783606208285437,345,-0.3029319884626257,0.22766591362398622,-2.0,345,-0.16821131361552796,1.5666666666666667,345
V00_S1297_I00000205,P1019,P1123,P1123,P1019,P1123,162,163,1,True,True,-0.39932714463166985,110,-0.9999245406333876,-0.3937841245142419,0.7666666666666667,110,0.33595243467809266,1.2666666666666666,110,-0.5259462831111296,30,-0.4479791280705232,0.3075085158158874,-0.36666666666666664,30,-0.5877373776846131,0.7333333333333333,30,-0.39932714463166985,110,-0.9999245406333876,-0.3937841245142419,0.7666666666666667,110,0.33595243467809266,1.2666666666666666,110
V00_S1297_I00000205,P1123,P1019,P1019,P1019,P1123,170,173,3,True,True,-0.38783606208285437,345,-0.3029319884626257,0.22766591362398622,-2.0,345,-0.16821131361552796,1.5666666666666667,345,-0.3766910307811904,90,0.20081792017005284,-0.37107875394130585,0.3,90,0.44420667592297947,1.5,90,-0.38783606208285437,345,-0.3029319884626257,0.22766591362398622,-2.0,345,-0.16821131361552796,1.5666666666666667,345
V00_S1297_I00000205,P1123,P1019,P1019,P1019,P1123,184,185,1,True,True,-0.642826144393446,647,-0.9936290455692229,0.194297131869929,1.0333333333333334,647,-0.3290634218103648,-1.3333333333333333,647,-0.7812019910355497,30,-0.9415114030393559,0.35794163068157675,0.4,30,-0.739460020537132,-0.7666666666666667,30,-0.642826144393446,647,-0.9936290455692229,0.194297131869929,1.0333333333333334,647,-0.3290634218103648,-1.3333333333333333,647
V00_S1297_I00000226,P1019,P1123,P1019,P1019,P1123,2,9,7,False,False,-0.12674382130499978,40,-0.20751822003678405,0.6046909680959197,0.7666666666666667,40,0.6631322178185448,-1.1,40,-0.37531957581049824,210,-0.8806978978122073,0.34817689939265783,-0.6,210,0.3330170449367281,-0.9666666666666667,210,-0.716489158170195,24,-0.9390852034778967,-0.48435903798089774,-0.06666666666666667,24,0.6360741804427437,-0.5333333333333333,24
V00_S1297_I00000226,P1123,P1019,P1019,P1019,P1123,39,42,3,True,True,-0.1728043392520808,2457,-0.9999156127700484,-0.08290654941229773,-0.26666666666666666,2457,0.12267991349785011,-0.7,2457,-0.025091505126411208,90,-0.15964373268361773,0.235871367761452,0.8,90,0.4545576349384687,0.5666666666666667,90,-0.1728043392520808,2457,-0.9999156127700484,-0.08290654941229773,-0.26666666666666666,2457,0.12267991349785011,-0.7,2457
V00_S1297_I00000226,P1123,P1019,P1019,P1019,P1123,78,80,2,True,True,-0.1728043392520808,2457,-0.9999156127700484,-0.08290654941229773,-0.26666666666666666,2457,0.12267991349785011,-0.7,2457,0.11946769190905877,60,0.2974500489894608,0.5661562769733316,-0.6333333333333333,60,-0.9212708976496987,-1.6666666666666667,60,-0.1728043392520808,2457,-0.9999156127700484,-0.08290654941229773,-0.26666666666666666,2457,0.12267991349785011,-0.7,2457
V00_S1297_I00000226,P1123,P1019,P1019,P1019,P1123,182,183,1,True,True,-0.22697309944310073,598,0.1891256969453607,0.28378723340995343,1.9666666666666666,598,-0.18319866723397754,1.1,598,-0.37175456468268137,30,-0.5992847248519646,-0.422599370290884,0.03333333333333333,30,0.8333893780135437,0.7333333333333333,30,-0.22697309944310073,598,0.1891256969453607,0.28378723340995343,1.9666666666666666,598,-0.18319866723397754,1.1,598
V00_S1297_I00000226,P1123,P1019,P1123,P1019,P1123,268,269,1,False,False,-0.24994441631966402,99,-0.35096317345266637,0.5928856836787955,-1.4,99,-0.36774264181362726,1.3333333333333333,99,0.2206886391160155,30,0.13851392323737552,0.6923015503566524,0.1,30,0.8264558884147879,0.8333333333333334,30,-0.8085684593163783,11,-0.9987682664607571,0.5727707447396319,-0.1,11,-0.41869230715793737,0.06666666666666667,11
